-- MySQL dump 10.13  Distrib 8.1.0, for macos13 (arm64)
--
-- Host: localhost    Database: fakebank
-- ------------------------------------------------------
-- Server version	8.1.0

/*!40101 SET @OLD_CHARACTER_SET_CLIENT=@@CHARACTER_SET_CLIENT */;
/*!40101 SET @OLD_CHARACTER_SET_RESULTS=@@CHARACTER_SET_RESULTS */;
/*!40101 SET @OLD_COLLATION_CONNECTION=@@COLLATION_CONNECTION */;
/*!50503 SET NAMES utf8mb4 */;
/*!40103 SET @OLD_TIME_ZONE=@@TIME_ZONE */;
/*!40103 SET TIME_ZONE='+00:00' */;
/*!40014 SET @OLD_UNIQUE_CHECKS=@@UNIQUE_CHECKS, UNIQUE_CHECKS=0 */;
/*!40014 SET @OLD_FOREIGN_KEY_CHECKS=@@FOREIGN_KEY_CHECKS, FOREIGN_KEY_CHECKS=0 */;
/*!40101 SET @OLD_SQL_MODE=@@SQL_MODE, SQL_MODE='NO_AUTO_VALUE_ON_ZERO' */;
/*!40111 SET @OLD_SQL_NOTES=@@SQL_NOTES, SQL_NOTES=0 */;

--
-- Table structure for table `account`
--

DROP TABLE IF EXISTS `account`;
/*!40101 SET @saved_cs_client     = @@character_set_client */;
/*!50503 SET character_set_client = utf8mb4 */;
CREATE TABLE `account` (
  `ID` int NOT NULL,
  `acct_nbr` varchar(128) NOT NULL,
  `Product_ID` int NOT NULL,
  `Banker_ID` int NOT NULL,
  `Status` varchar(128) NOT NULL,
  `Open_Dt` date NOT NULL,
  `Close_Dt` date DEFAULT NULL,
  `Start_Dt` date NOT NULL,
  `End_Dt` date NOT NULL,
  `Is_Current` int NOT NULL,
  PRIMARY KEY (`ID`),
  KEY `Product_ID` (`Product_ID`),
  KEY `Banker_ID` (`Banker_ID`),
  CONSTRAINT `account_ibfk_1` FOREIGN KEY (`Product_ID`) REFERENCES `Product` (`ID`),
  CONSTRAINT `account_ibfk_2` FOREIGN KEY (`Banker_ID`) REFERENCES `banker` (`ID`)
) ENGINE=InnoDB DEFAULT CHARSET=utf8mb4 COLLATE=utf8mb4_unicode_520_ci;
/*!40101 SET character_set_client = @saved_cs_client */;

--
-- Dumping data for table `account`
--

LOCK TABLES `account` WRITE;
/*!40000 ALTER TABLE `account` DISABLE KEYS */;
INSERT INTO `account` VALUES (1,'c633',1,1,'Open','2021-09-15',NULL,'2021-09-15','2099-12-31',1),(2,'c200',1,1,'Open','2020-10-14',NULL,'2020-10-14','2099-12-31',1),(3,'c467',1,1,'Open','2021-08-16',NULL,'2021-08-16','2099-12-31',1),(4,'CL260-0',2,1,'Open','2020-11-13',NULL,'2020-11-13','2099-12-31',1),(5,'CR260-1',3,1,'Open','2021-07-17',NULL,'2021-07-17','2099-12-31',1),(6,'S501',4,2,'Open','2020-12-12',NULL,'2020-12-12','2099-12-31',1),(7,'S942',4,2,'Open','2022-06-18',NULL,'2022-06-18','2099-12-31',1),(8,'C766',1,3,'Closed','2019-01-11','2022-09-15','2019-01-11','2099-12-31',1),(9,'C810',1,3,'Open','2021-05-19',NULL,'2021-05-19','2099-12-31',1),(10,'C782',1,3,'Open','2023-02-10',NULL,'2023-02-10','2099-12-31',1),(11,'C922',1,3,'Closed','2020-04-20','2022-09-15','2020-04-20','2099-12-31',1),(12,'C1881',1,3,'Open','2022-03-09',NULL,'2022-03-09','2099-12-31',1),(13,'CD343',5,3,'Open','2019-03-21',NULL,'2019-03-21','2099-12-31',1),(14,'S922',6,3,'Closed','2021-04-08','2023-09-15','2021-04-08','2099-12-31',1),(15,'SF958',7,3,'Open','2023-02-22',NULL,'2023-02-22','2099-12-31',1),(16,'S365',6,4,'Open','2020-05-07',NULL,'2020-05-07','2099-12-31',1),(17,'C267',1,4,'Open','2022-01-23',NULL,'2022-01-23','2099-12-31',1),(18,'SF876',7,4,'Open','2019-06-06',NULL,'2019-06-06','2099-12-31',1),(19,'PL0236-26',8,4,'Open','2021-12-24',NULL,'2021-12-24','2099-12-31',1),(20,'PL0236-18',9,4,'Open','2023-07-05',NULL,'2023-07-05','2099-12-31',1),(21,'C679',1,2,'Open','2020-11-25',NULL,'2020-11-25','2099-12-31',1),(22,'SF503',7,2,'Open','2022-08-04',NULL,'2022-08-04','2099-12-31',1),(23,'OD503',10,2,'Closed','2019-10-26','2021-09-15','2019-10-26','2099-12-31',1),(24,'C247',1,2,'Open','2021-09-03',NULL,'2021-09-03','2099-12-31',1),(25,'S365',7,2,'Open','2023-09-27',NULL,'2023-09-27','2099-12-31',1),(26,'C199',1,2,'Open','2020-10-02',NULL,'2020-10-02','2099-12-31',1),(27,'C248',1,3,'Open','2022-08-28',NULL,'2022-08-28','2099-12-31',1),(28,'S369',4,3,'Closed','2019-11-01','2020-01-19','2019-11-01','2099-12-31',1),(29,'1012345678',1,50,'Open','2020-10-02',NULL,'2020-10-02','2099-12-31',1),(30,'1012345679',1,50,'Open','2019-09-03',NULL,'2019-09-03','2099-12-31',1),(31,'1012345680',1,38,'Open','2019-09-03',NULL,'2019-09-03','2099-12-31',1),(32,'1023456791',11,38,'Open','2019-09-03',NULL,'2019-09-03','2099-12-31',1),(33,'1012345702',1,7,'Open','2019-09-03',NULL,'2019-09-03','2099-12-31',1),(34,'1012345703',5,7,'Open','2019-09-03',NULL,'2019-09-03','2099-12-31',1),(35,'1029384856',12,52,'Open','2019-09-03',NULL,'2019-09-03','2099-12-31',1),(36,'456789123',1,50,'Open','2019-09-03',NULL,'2019-09-03','2099-12-31',1),(37,'987654321',5,50,'Open','2019-09-03',NULL,'2019-09-03','2099-12-31',1),(38,'5012345678',11,41,'Open','2019-09-03',NULL,'2019-09-03','2099-12-31',1),(39,'501234567',1,6,'Open','2019-09-03',NULL,'2019-09-03','2099-12-31',1),(40,'1023456789',6,44,'Open','2019-09-03',NULL,'2019-09-03','2099-12-31',1),(41,'1023456790',1,44,'Open','2019-09-03',NULL,'2019-09-03','2099-12-31',1),(42,'1023456791',11,44,'Open','2019-09-03',NULL,'2019-09-03','2099-12-31',1);
/*!40000 ALTER TABLE `account` ENABLE KEYS */;
UNLOCK TABLES;

--
-- Table structure for table `address`
--

DROP TABLE IF EXISTS `address`;
/*!40101 SET @saved_cs_client     = @@character_set_client */;
/*!50503 SET character_set_client = utf8mb4 */;
CREATE TABLE `address` (
  `ID` int NOT NULL,
  `Address` varchar(128) DEFAULT NULL,
  `City` varchar(128) DEFAULT NULL,
  `State` varchar(128) DEFAULT NULL,
  `Zip` varchar(128) DEFAULT NULL,
  `Start_Dt` date NOT NULL,
  `End_Dt` date NOT NULL,
  `Is_Current` int NOT NULL,
  PRIMARY KEY (`ID`)
) ENGINE=InnoDB DEFAULT CHARSET=utf8mb4 COLLATE=utf8mb4_unicode_520_ci;
/*!40101 SET character_set_client = @saved_cs_client */;

--
-- Dumping data for table `address`
--

LOCK TABLES `address` WRITE;
/*!40000 ALTER TABLE `address` DISABLE KEYS */;
INSERT INTO `address` VALUES (1,'1 Friar Drive','San Diego','CA','92104','2022-09-15','2099-12-31',1),(2,'1405 Park Way','San Diego','CA','92182','2022-09-15','2099-12-31',1),(3,'1023 Arcadia Blvd','La Jolla','CA','92037','1985-06-15','2099-12-31',1),(4,'96 Royal Ark Drive','La Mesa','CA','91942','1999-05-04','2099-12-31',1),(5,'941 Duck Court','Las Angeles','CA','90002','2023-08-06','2099-12-31',1),(6,'234 Planetary Drive','Rancho Santa Fe','CA','92067','2021-02-09','2099-12-31',1),(7,'458 Astro Turf St','San Diego','CA','92106','1999-05-04','2099-12-31',1),(8,'1807 Armada Drive','Carlsbad','CA','92008','2005-04-21','2099-12-31',1),(9,'201 Rollins Ave','Rockville','MD','20852','2005-04-21','2099-12-31',1),(10,'101 Market St','San Francisco','CA','94105','2005-04-21','2099-12-31',1),(11,'465 8th Parkway','Miami','FL','33124','1985-04-09','1997-12-24',1),(12,'2210 Iowa Way','Omaha','NE','68105','1986-09-11','2022-12-18',1),(13,'116 Thackeray Lane','Albany','NY','12255','1987-04-17','1992-06-03',1),(14,'57570 Stone Corner Junction','Atlanta','GA','30311','1987-10-14','1995-11-02',1),(15,'0 Farwell Hill','San Francisco','CA','94142','1990-09-01','2017-03-20',1),(16,'12414 Waxwing Alley','Gainesville','GA','30506','1990-09-08','2001-01-24',1),(17,'8 Hermina Pass','Santa Monica','CA','90410','1992-01-17','2018-11-18',1),(18,'1238 Bluejay Pass','Houston','TX','77260','1992-07-30','2002-08-14',1),(19,'72864 Hallows Way','New Orleans','LA','70124','1993-05-17','2006-06-29',1),(20,'33 Darwin Parkway','Midland','MI','48670','1994-03-25','1999-05-17',1),(21,'90686 Troy Crossing','Louisville','KY','40293','1995-01-22','2009-08-08',1),(22,'475 Norway Maple Road','Asheville','NC','28815','1988-04-09','1996-09-05',1),(23,'0 Express Trail','Colorado Springs','CO','80905','1998-05-11','2008-06-02',1),(24,'254 Cardinal Court','Sparks','NV','89436','1996-04-07','2000-03-08',1),(25,'15840 Westerfield Center','Bradenton','FL','34205','2000-05-28','2023-08-13',1),(26,'3 Clove Pass','Terre Haute','IN','47812','2002-04-08','2020-06-15',1),(27,'0528 Troy Alley','Delray Beach','FL','33448','1998-06-06','2003-12-20',1),(28,'6 Manufacturers Plaza','Wichita','KS','67220','1994-09-18','2004-04-25',1),(29,'99554 Dunning Drive','Cincinnati','OH','45296','1989-07-23','2007-05-17',1),(30,'1 Corben Lane','Frankfort','KY','40618','2007-09-01','2011-01-06',1),(31,'0011 Westerfield Road','Galveston','TX','77554','1993-11-20','2008-09-17',1),(32,'6 Novick Center','Bakersfield','CA','93381','1986-09-16','2010-05-15',1),(33,'05 1st Crossing','Columbus','GA','31998','2003-10-16','2014-01-01',1),(34,'82 John Wall Point','Kansas City','MO','64149','1999-12-21','2016-04-30',1),(35,'04 Bartelt Street','Edmond','OK','73034','2017-02-08','2018-11-19',1),(36,'7 Linden Street','El Paso','TX','88514','2004-09-23','2019-10-12',1),(37,'09715 Melby Trail','Cleveland','OH','44130','1990-11-06','2020-07-13',1),(38,'607 Butternut Junction','Stockton','CA','95205','2021-12-06','2023-05-06',1),(39,'7687 Nelson Way','Longview','TX','75605','1994-03-24','2022-01-05',1),(40,'4363 Buena Vista Lane','Houston','TX','77206','1999-11-08','2099-12-31',1),(41,'1 Bowman Junction','Seattle','WA','98185','1985-05-27','2099-12-31',1),(42,'6363 Clemons Crossing','Miami','FL','33158','1994-07-20','2099-12-31',1),(43,'41 Garrison Road','Pittsburgh','PA','15240','2005-05-19','2099-12-31',1),(44,'662 Doe Crossing Avenue','Lexington','KY','40510','2021-12-16','2099-12-31',1),(45,'1082 Atwood Street','Raleigh','NC','27658','1987-07-02','2099-12-31',1),(46,'72905 Killdeer Road','Saint Petersburg','FL','33742','1994-06-18','2099-12-31',1),(47,'0 Charing Cross Center','New York City','NY','10292','2006-07-17','2099-12-31',1),(48,'021 High Crossing Road','Raleigh','NC','27610','1995-10-25','2099-12-31',1),(49,'339 Summit Crossing','Austin','TX','78778','1991-05-25','2099-12-31',1),(50,'42 Schmedeman Junction','Fairbanks','AK','99709','1996-12-08','2099-12-31',1),(51,'462 Atwood Place','Las Vegas','NV','89193','2011-03-13','2099-12-31',1),(52,'9785 Rutledge Court','Fort Lauderdale','FL','33336','2016-10-15','2099-12-31',1),(53,'3677 Erie Center','Hot Springs National Park','AR','71914','1995-05-29','2099-12-31',1),(54,'9647 Morningstar Circle','Lubbock','TX','79410','2014-05-10','2099-12-31',1),(55,'15 Lunder Crossing','Wichita','KS','67220','2012-11-22','2099-12-31',1),(56,'22054 Londonderry Hill','Philadelphia','PA','19196','1999-08-24','2099-12-31',1),(57,'0 Anthes Drive','El Paso','TX','79968','2022-09-07','2099-12-31',1),(58,'6993 Union Center','Colorado Springs','CO','80925','1994-05-06','2099-12-31',1),(59,'98871 Main Circle','Scottsdale','AZ','85260','1988-11-09','2099-12-31',1),(60,'0975 Beilfuss Trail','Boca Raton','FL','33432','2000-10-15','2099-12-31',1),(61,'4 Utah Avenue','Shreveport','LA','71161','1988-12-10','2099-12-31',1),(62,'842 Vahlen Park','West Hartford','CT','6127','1995-08-10','2099-12-31',1),(63,'63 Bultman Crossing','Saint Louis','MO','63131','2008-06-14','2099-12-31',1),(64,'2908 Upham Hill','Henderson','NV','89074','2014-01-28','2099-12-31',1),(65,'526 Upham Center','Greensboro','NC','27455','2015-12-16','2099-12-31',1),(66,'71 Ohio Road','Jamaica','NY','11470','2007-01-31','2099-12-31',1),(67,'2875 Washington Hill','Knoxville','TN','37924','2001-12-15','2099-12-31',1),(68,'84591 Coleman Crossing','Seattle','WA','98104','2014-06-24','2099-12-31',1),(69,'8 West Avenue','New York City','NY','10165','2010-10-06','2099-12-31',1),(70,'98444 Comanche Point','El Paso','TX','79950','1993-04-14','2099-12-31',1),(71,'970 Cardinal Plaza','Saint Cloud','MN','56372','1985-10-11','2099-12-31',1),(72,'94 Pankratz Alley','Murfreesboro','TN','37131','2011-07-24','2099-12-31',1),(73,'48 Monica Place','Scottsdale','AZ','85260','1998-08-02','2099-12-31',1),(74,'89 Haas Pass','Kansas City','KS','66112','2005-11-23','2099-12-31',1),(75,'3 Trailsway Road','Fresno','CA','93794','1994-12-29','2099-12-31',1),(76,'125 Debs Court','Shawnee Mission','KS','66205','2016-06-16','2099-12-31',1),(77,'7977 Heffernan Center','Punta Gorda','FL','33982','2007-10-28','2099-12-31',1),(78,'23358 Talmadge Street','Long Beach','CA','90805','1992-12-15','2099-12-31',1),(79,'30 Comanche Point','Newport Beach','CA','92662','1985-01-05','2099-12-31',1),(80,'4703 Old Shore Place','Kansas City','MO','64109','2017-03-17','2099-12-31',1),(81,'09 Lien Parkway','Erie','PA','16534','1997-07-15','2099-12-31',1),(82,'0319 Meadow Vale Trail','Dallas','TX','75379','1996-10-25','2099-12-31',1),(83,'8624 Haas Plaza','Tucson','AZ','85737','2007-05-11','2099-12-31',1),(84,'9567 Sachs Street','Pompano Beach','FL','33075','1993-05-17','2099-12-31',1),(85,'4 Lerdahl Hill','Washington','DC','20244','2020-08-29','2099-12-31',1),(86,'1 Larry Street','Cape Coral','FL','33915','2013-09-19','2099-12-31',1),(87,'250 Cordelia Hill','Atlanta','GA','31196','1986-07-21','2099-12-31',1),(88,'5 Melody Junction','Mobile','AL','36605','1990-04-17','2099-12-31',1),(89,'778 North Avenue','Syracuse','NY','13251','1999-06-13','2099-12-31',1),(90,'557 Corscot Terrace','Montgomery','AL','36134','2012-07-10','2099-12-31',1),(91,'23 Upham Place','Cincinnati','OH','45296','1986-05-15','2099-12-31',1),(92,'9356 Reinke Center','Las Vegas','NV','89150','1987-10-16','2099-12-31',1),(93,'7281 Ryan Hill','Washington','DC','20057','2007-10-06','2099-12-31',1),(94,'1 Esker Pass','Springfield','IL','62718','1993-06-08','2099-12-31',1),(95,'8918 Petterle Alley','Washington','DC','20580','1992-08-28','2099-12-31',1),(96,'824 Vidon Court','New York City','NY','10260','2021-11-23','2099-12-31',1),(97,'2099 Shoshone Plaza','San Diego','CA','92153','1996-09-03','2099-12-31',1),(98,'76588 Old Gate Place','West Palm Beach','FL','33421','1992-04-09','2099-12-31',1),(99,'1268 Laurel Alley','Newport News','VA','23612','2005-01-24','2099-12-31',1),(100,'3 Iowa Plaza','Vienna','VA','22184','1985-03-21','2099-12-31',1),(101,'8191 Towne Junction','Chicago','IL','60646','1985-06-04','2099-12-31',1),(102,'92 Thackeray Center','Lexington','KY','40591','1998-04-04','2099-12-31',1),(103,'216 Oneill Street','Pittsburgh','PA','15230','1999-10-11','2099-12-31',1),(104,'97390 Del Sol Junction','Birmingham','AL','35244','2015-06-08','2099-12-31',1),(105,'5826 Killdeer Alley','Pittsburgh','PA','15255','2011-10-16','2099-12-31',1),(106,'19 Erie Trail','Mobile','AL','36610','1995-03-08','2099-12-31',1),(107,'15533 Muir Crossing','Rochester','NY','14609','2007-12-17','2099-12-31',1),(108,'9401 Monterey Parkway','Las Vegas','NV','89160','2016-04-30','2099-12-31',1),(109,'199 Ridge Oak Street','Dayton','OH','45419','2010-08-10','2099-12-31',1),(110,'6454 Northwestern Plaza','Winston Salem','NC','27150','1987-01-28','2099-12-31',1),(111,'8239 Hovde Junction','Fresno','CA','93709','1993-07-08','2099-12-31',1),(112,'90264 Roxbury Circle','San Antonio','TX','78225','1997-05-03','2099-12-31',1),(113,'3 Southridge Alley','Visalia','CA','93291','1998-10-17','2099-12-31',1),(114,'942 Bonner Pass','Metairie','LA','70033','1996-05-29','2099-12-31',1),(115,'622 Nancy Road','Washington','DC','20041','1987-03-01','2099-12-31',1),(116,'60083 Northridge Parkway','San Jose','CA','95194','2004-06-07','2099-12-31',1),(117,'4482 Pond Lane','Omaha','NE','68105','2021-03-27','2099-12-31',1),(118,'56 Continental Court','Cincinnati','OH','45243','1986-11-26','2099-12-31',1),(119,'8650 Gale Place','Beaumont','TX','77705','2006-02-16','2099-12-31',1),(120,'8890 Thierer Alley','Elmira','NY','14905','2015-07-25','2099-12-31',1),(121,'4132 Forster Trail','Washington','DC','20546','1993-08-20','2099-12-31',1),(122,'352 East Trail','Cincinnati','OH','45223','1999-08-05','2099-12-31',1),(123,'93 Bobwhite Street','Jamaica','NY','11431','2020-03-07','2099-12-31',1),(124,'8360 Roxbury Crossing','Orange','CA','92862','2009-09-27','2099-12-31',1),(125,'5847 Delladonna Parkway','Indianapolis','IN','46221','1990-09-10','2099-12-31',1),(126,'4 Norway Maple Parkway','Humble','TX','77346','1999-07-27','2099-12-31',1),(127,'0 Bayside Junction','Bozeman','MT','59771','1992-03-25','2099-12-31',1),(128,'8589 Meadow Ridge Avenue','Dallas','TX','75205','2007-06-26','2099-12-31',1),(129,'06 Pennsylvania Parkway','Reno','NV','89595','2022-08-19','2099-12-31',1),(130,'06097 Redwing Road','Fort Wayne','IN','46862','2005-07-06','2099-12-31',1),(131,'2 Loftsgordon Junction','Waterloo','IA','50706','1996-01-23','2099-12-31',1),(132,'80 Northview Road','Los Angeles','CA','90189','1997-02-02','2099-12-31',1),(133,'619 Rutledge Road','Ann Arbor','MI','48107','1999-03-09','2099-12-31',1),(134,'9 Trailsway Trail','Lake Worth','FL','33467','2013-01-15','2099-12-31',1),(135,'6 Armistice Way','Memphis','TN','38161','2020-03-28','2099-12-31',1),(136,'6 Esch Avenue','Portsmouth','NH','214','2003-12-11','2099-12-31',1),(137,'66 Iowa Parkway','Southfield','MI','48076','2008-05-08','2099-12-31',1),(138,'1 Delaware Hill','Albany','NY','12222','2010-05-24','2099-12-31',1),(139,'0186 Namekagon Point','Flushing','NY','11355','2010-02-16','2099-12-31',1),(140,'56 Pepper Wood Terrace','Cleveland','OH','44118','2010-11-15','2099-12-31',1),(141,'1 Gale Court','Southfield','MI','48076','1991-04-12','2099-12-31',1),(142,'87 Rowland Lane','Rochester','NY','14646','1991-12-06','2099-12-31',1),(143,'75 Mallory Point','New Orleans','LA','70179','1995-12-01','2099-12-31',1),(144,'5 Mallard Parkway','San Antonio','TX','78220','1986-05-16','2099-12-31',1),(145,'2540 Russell Street','Chula Vista','CA','91913','2004-01-14','2099-12-31',1),(146,'35 Lakewood Crossing','Durham','NC','27710','2011-10-09','2099-12-31',1),(147,'86654 Sachs Lane','Sioux City','IA','51105','1993-09-03','2099-12-31',1),(148,'6 Hauk Drive','Minneapolis','MN','55458','2020-05-04','2099-12-31',1),(149,'9 Londonderry Avenue','Springfield','MA','1105','2020-05-21','2099-12-31',1),(150,'50 Calypso Street','Montgomery','AL','36177','2021-11-22','2099-12-31',1),(151,'55435 Melby Crossing','Providence','RI','2905','1991-06-03','2099-12-31',1),(152,'63367 Carberry Court','Erie','PA','16550','1992-01-07','2099-12-31',1),(153,'0136 Anzinger Pass','Savannah','GA','31422','2023-08-04','2099-12-31',1),(154,'90 Elka Plaza','Richmond','VA','23260','2000-09-23','2099-12-31',1),(155,'080 Gale Drive','South Bend','IN','46634','2017-09-26','2099-12-31',1),(156,'7093 Gina Place','Washington','DC','20370','1999-01-17','2099-12-31',1),(157,'97266 Utah Street','Midland','TX','79705','1996-05-20','2099-12-31',1),(158,'5 Valley Edge Drive','Denver','CO','80255','1994-01-07','2099-12-31',1),(159,'01 Cardinal Trail','Charlotte','NC','28272','1998-03-05','2099-12-31',1),(160,'4 Arizona Street','Saint Petersburg','FL','33710','2012-02-17','2099-12-31',1),(161,'384 Drewry Parkway','Bronx','NY','10459','2005-05-03','2099-12-31',1),(162,'23041 Pawling Trail','Oklahoma City','OK','73114','2007-11-26','2099-12-31',1),(163,'85504 Canary Parkway','Woburn','MA','1813','1995-08-21','2099-12-31',1),(164,'74414 Doe Crossing Plaza','Davenport','IA','52809','2004-11-04','2099-12-31',1),(165,'5 Lillian Terrace','South Bend','IN','46620','2018-06-07','2099-12-31',1),(166,'738 Birchwood Way','Los Angeles','CA','90065','2011-01-06','2099-12-31',1),(167,'94972 Lunder Court','Ann Arbor','MI','48107','2023-07-21','2099-12-31',1),(168,'8161 Shopko Parkway','Naples','FL','33961','2000-09-28','2099-12-31',1),(169,'345 Mitchell Crossing','Kent','WA','98042','2016-06-28','2099-12-31',1),(170,'625 Blaine Drive','Harrisburg','PA','17140','2017-11-08','2099-12-31',1),(171,'9 Atwood Crossing','Las Vegas','NV','89135','2013-05-08','2099-12-31',1),(172,'8283 Clarendon Place','Washington','DC','20370','2012-09-27','2099-12-31',1),(173,'3 Magdeline Crossing','Tallahassee','FL','32314','1985-02-15','2099-12-31',1),(174,'37354 Anniversary Plaza','Colorado Springs','CO','80935','1985-02-05','2099-12-31',1),(175,'075 Bobwhite Lane','Fresno','CA','93778','2001-03-27','2099-12-31',1),(176,'8 Oxford Plaza','Houston','TX','77050','1986-11-24','2099-12-31',1),(177,'2 Farwell Circle','San Antonio','TX','78215','2018-12-31','2099-12-31',1),(178,'1 Rutledge Circle','San Antonio','TX','78296','2016-12-13','2099-12-31',1),(179,'52 Bluejay Point','Macon','GA','31205','1997-08-18','2099-12-31',1),(180,'9051 Kings Crossing','Apache Junction','AZ','85219','1996-05-07','2099-12-31',1),(181,'78028 Elmside Place','Springfield','MO','65898','2004-11-27','2099-12-31',1),(182,'80 Dovetail Street','Chicago','IL','60614','2022-03-15','2099-12-31',1),(183,'48 Transport Center','Orlando','FL','32868','2018-05-03','2099-12-31',1),(184,'92 Bay Pass','Kansas City','KS','66160','1988-08-17','2099-12-31',1),(185,'96222 Moose Parkway','Atlanta','GA','30351','1997-10-16','2099-12-31',1),(186,'45 Iowa Drive','Whittier','CA','90610','2010-11-03','2099-12-31',1),(187,'595 Maywood Place','Harrisburg','PA','17121','2010-05-21','2099-12-31',1),(188,'759 Northfield Parkway','Charlotte','NC','28284','1987-12-05','2099-12-31',1),(189,'57 Hanson Point','Saginaw','MI','48609','2001-12-03','2099-12-31',1),(190,'498 Monica Trail','Columbus','GA','31998','1991-02-28','2099-12-31',1),(191,'76666 Northport Alley','Louisville','KY','40298','2002-09-22','2099-12-31',1),(192,'37949 Grasskamp Parkway','Sioux Falls','SD','57110','2005-09-10','2099-12-31',1),(193,'638 Jana Circle','Sarasota','FL','34276','1992-10-22','2099-12-31',1),(194,'4496 Lyons Junction','Lubbock','TX','79491','2022-02-02','2099-12-31',1),(195,'648 Boyd Circle','Jacksonville','FL','32259','2005-11-30','2099-12-31',1),(196,'29160 Dahle Hill','Tyler','TX','75705','2010-03-03','2099-12-31',1),(197,'3781 Linden Center','Cedar Rapids','IA','52405','2012-01-15','2099-12-31',1),(198,'310 Lotheville Court','Alhambra','CA','91841','2012-11-04','2099-12-31',1),(199,'614 Union Parkway','Sandy','UT','84093','1996-08-27','2099-12-31',1),(200,'0443 Heffernan Center','Tampa','FL','33615','1994-09-19','2099-12-31',1),(201,'3 Milwaukee Lane','Salt Lake City','UT','84170','2019-06-10','2099-12-31',1),(202,'0490 Spenser Point','Canton','OH','44710','2012-09-03','2099-12-31',1),(203,'231 Eastlawn Way','Charleston','WV','25389','2005-01-20','2099-12-31',1),(204,'8 Mandrake Plaza','Hartford','CT','6120','1992-02-10','2099-12-31',1),(205,'310 Kenwood Way','Seattle','WA','98109','2010-03-03','2099-12-31',1),(206,'19 Westridge Street','Kalamazoo','MI','49006','1995-02-11','2099-12-31',1),(207,'34945 Aberg Road','Buffalo','NY','14269','2022-07-02','2099-12-31',1),(208,'717 Knutson Alley','Sarasota','FL','34233','2002-03-11','2099-12-31',1),(209,'54 Nancy Alley','Rochester','NY','14646','2014-12-17','2099-12-31',1),(210,'21574 Hayes Alley','Minneapolis','MN','55480','1992-05-28','2099-12-31',1),(211,'34 Neptune Lane','San Francisco','CA ','94109','1992-05-28','2099-12-31',1),(212,'49 California St','San Francisco','CA ','94111','1992-05-28','2099-12-31',1),(213,'790 Knutson Alley','Sarasota','FL','34233','2002-03-11','2099-12-31',1),(214,NULL,NULL,NULL,NULL,'2014-12-17','2099-12-31',1),(215,'21600 Hayes Alley','Minneapolis','MN','55480','1992-05-28','2099-12-31',1),(216,'350 Neptune Lane','San Francisco','CA ','94109','1992-05-28','2099-12-31',1),(217,'52 Minnesota Drive','Whittier','CA','90610','2010-11-03','2099-12-31',1),(218,'600 Maywood Place','Harrisburg','PA','17121','2010-05-21','2099-12-31',1),(219,'800 Northfield Parkway','Charlotte','NC','28284','1987-12-05','2099-12-31',1),(220,'1 Hanson Point','Saginaw','MI','48609','2001-12-03','2099-12-31',1),(221,'698 Monica Trail','Columbus','GA','31998','1991-02-28','2099-12-31',1),(222,'766 Northport Alley','Louisville','KY','40298','2002-09-22','2099-12-31',1),(223,'39123 Grasskamp Parkway','Sioux Falls','SD','57110','2005-09-10','2099-12-31',1);
/*!40000 ALTER TABLE `address` ENABLE KEYS */;
UNLOCK TABLES;

--
-- Table structure for table `balance`
--

DROP TABLE IF EXISTS `balance`;
/*!40101 SET @saved_cs_client     = @@character_set_client */;
/*!50503 SET character_set_client = utf8mb4 */;
CREATE TABLE `balance` (
  `ID` int NOT NULL,
  `Account_ID` int NOT NULL,
  `Balance` double NOT NULL,
  `Balance_Dt_Id` int NOT NULL,
  PRIMARY KEY (`ID`),
  KEY `Account_ID` (`Account_ID`),
  KEY `Balance_Dt_Id` (`Balance_Dt_Id`),
  CONSTRAINT `balance_ibfk_1` FOREIGN KEY (`Account_ID`) REFERENCES `account` (`ID`),
  CONSTRAINT `balance_ibfk_2` FOREIGN KEY (`Balance_Dt_Id`) REFERENCES `date` (`ID`)
) ENGINE=InnoDB DEFAULT CHARSET=utf8mb4 COLLATE=utf8mb4_unicode_520_ci;
/*!40101 SET character_set_client = @saved_cs_client */;

--
-- Dumping data for table `balance`
--

LOCK TABLES `balance` WRITE;
/*!40000 ALTER TABLE `balance` DISABLE KEYS */;
INSERT INTO `balance` VALUES (1,1,26.4747956894784,1),(2,2,464.977386596252,1),(3,3,1880.50463894685,1),(4,4,1599.65503492575,1),(5,5,1182.11921681432,1),(6,6,875.578458587812,1),(7,7,3048.90945824172,1),(8,8,0,1),(9,9,189.278708918246,1),(10,10,2264.49123856746,1),(11,11,0,1),(12,12,1775.08152734409,1),(13,13,7583.86861057665,1),(14,14,0,1),(15,15,11483.760917854,1),(16,16,4092.88074622222,1),(17,17,14690.1928539407,1),(18,18,4714.38378774332,1),(19,19,9524.4597071056,1),(20,20,5286.39080288838,1),(21,21,10452.6202190811,1),(22,22,692.786194432347,1),(23,23,0,1),(24,24,4682.82543741296,1),(25,16,10063.7114170199,1),(26,26,5985.75988577362,1),(27,27,16626.1098921231,1),(28,28,0,1),(29,1,25.1510559050045,2),(30,2,488.226255926065,2),(31,3,1786.4794069995,2),(32,4,1519.67228317946,2),(33,5,1123.0132559736,2),(34,6,831.799535658421,2),(35,7,2896.46398532964,2),(36,8,0,2),(37,9,179.814773472333,2),(38,10,2377.71580049584,2),(39,11,0,2),(40,12,1686.32745097688,2),(41,13,7204.67518004782,2),(42,14,0,2),(43,15,10909.5728719613,2),(44,16,3888.23670891111,2),(45,17,13955.6832112436,2),(46,18,4478.66459835615,2),(47,19,9048.23672175032,2),(48,20,5022.07126274396,2),(49,21,9929.98920812703,2),(50,22,658.14688471073,2),(51,23,0,2),(52,24,4448.68416554231,2),(53,16,9560.52584616893,2),(54,26,5686.47189148493,2),(55,27,15794.8043975169,2),(56,28,0,2),(57,1,23.8935031097543,3),(58,2,463.814943129762,3),(59,3,1697.15543664953,3),(60,4,1443.68866902049,3),(61,5,1066.86259317492,3),(62,6,790.2095588755,3),(63,7,2751.64078606316,3),(64,8,0,3),(65,9,170.824034798717,3),(66,10,2258.83001047104,3),(67,11,0,3),(68,12,1602.01107842804,3),(69,13,6844.44142104543,3),(70,14,0,3),(71,15,10364.0942283632,3),(72,16,3693.82487346555,3),(73,17,13257.8990506815,3),(74,18,4254.73136843834,3),(75,19,8595.82488566281,3),(76,20,4770.96769960676,3),(77,21,9433.48974772068,3),(78,22,625.239540475193,3),(79,23,0,3),(80,24,4226.2499572652,3),(81,16,9082.49955386048,3),(82,26,5402.14829691069,3),(83,27,15005.0641776411,3),(84,28,0,3),(85,1,22.6988279542665,4),(86,2,440.624195973274,4),(87,3,1612.29766481705,4),(88,4,1371.50423556946,4),(89,5,1013.51946351618,4),(90,6,829.720036819275,4),(91,7,2614.05874676,4),(92,8,0,4),(93,9,162.282833058781,4),(94,10,2145.88850994749,4),(95,11,0,4),(96,12,1521.91052450664,4),(97,13,6502.21934999316,4),(98,14,0,4),(99,15,9845.88951694507,4),(100,16,3509.13362979228,4),(101,17,12595.0040981474,4),(102,18,4041.99480001643,4),(103,19,8166.03364137967,4),(104,20,5009.5160845871,4),(105,21,9905.16423510672,4),(106,22,593.977563451434,4),(107,23,0,4),(108,24,4014.93745940194,4),(109,16,8628.37457616746,4),(110,26,5132.04088206515,4),(111,27,14254.810968759,4),(112,28,0,4),(113,1,21.5638865565532,5),(114,2,418.59298617461,5),(115,3,1531.6827815762,5),(116,4,1302.92902379099,5),(117,5,962.843490340368,5),(118,6,788.234034978312,5),(119,7,2483.355809422,5),(120,8,0,5),(121,9,154.168691405842,5),(122,10,2038.59408445012,5),(123,11,0,5),(124,12,1445.8149982813,5),(125,13,6177.1083824935,5),(126,14,0,5),(127,15,10338.1839927923,5),(128,16,3333.67694830266,5),(129,17,11965.25389324,5),(130,18,4244.09454001725,5),(131,19,7757.73195931068,5),(132,20,4759.04028035774,5),(133,21,9409.90602335138,5),(134,22,564.278685278862,5),(135,23,0,5),(136,24,3814.19058643184,5),(137,16,8196.95584735908,5),(138,26,4875.4388379619,5),(139,27,13542.0704203211,5),(140,28,0,5),(141,1,20.4856922287256,6),(142,2,397.663336865879,6),(143,3,1455.09864249739,6),(144,4,1237.78257260144,6),(145,5,914.701315823349,6),(146,6,748.822333229396,6),(147,7,2359.1880189509,6),(148,8,0,6),(149,9,146.46025683555,6),(150,10,1936.66438022761,6),(151,11,0,6),(152,12,1373.52424836724,6),(153,13,5868.25296336883,6),(154,14,0,6),(155,15,9821.27479315271,6),(156,16,3166.99310088753,6),(157,17,11366.991198578,6),(158,18,4031.88981301639,6),(159,19,8145.61855727622,6),(160,20,4521.08826633986,6),(161,21,8939.41072218381,6),(162,22,536.064751014919,6),(163,23,0,6),(164,24,3623.48105711025,6),(165,16,7787.10805499113,6),(166,26,4631.6668960638,6),(167,27,12864.966899305,6),(168,28,0,6),(169,1,19.4614076172893,7),(170,2,377.780170022585,7),(171,3,1382.34371037252,7),(172,4,1175.89344397137,7),(173,5,868.966250032182,7),(174,6,711.381216567926,7),(175,7,2241.22861800335,7),(176,8,0,7),(177,9,139.137243993772,7),(178,10,2033.49759923899,7),(179,11,0,7),(180,12,1304.84803594888,7),(181,13,5574.84031520038,7),(182,14,0,7),(183,15,9330.21105349507,7),(184,16,3008.64344584315,7),(185,17,10798.6416386491,7),(186,18,3830.29532236557,7),(187,19,7738.33762941241,7),(188,20,4295.03385302286,7),(189,21,8492.44018607462,7),(190,22,509.261513464173,7),(191,23,0,7),(192,24,3442.30700425474,7),(193,16,7397.75265224157,7),(194,26,4400.08355126061,7),(195,27,12221.7185543398,7),(196,28,0,7),(197,1,18.4883372364248,8),(198,2,358.891161521456,8),(199,3,1451.46089589115,8),(200,4,1117.0987717728,8),(201,5,825.517937530573,8),(202,6,675.81215573953,8),(203,7,2129.16718710318,8),(204,8,0,8),(205,9,132.180381794084,8),(206,10,1931.82271927704,8),(207,11,0,8),(208,12,1239.60563415143,8),(209,13,5853.5823309604,8),(210,14,0,8),(211,15,8863.70050082032,8),(212,16,2858.211273551,8),(213,17,10258.7095567167,8),(214,18,3638.78055624729,8),(215,19,7351.42074794179,8),(216,20,4509.78554567401,8),(217,21,8067.81817677089,8),(218,22,534.724589137382,8),(219,23,0,8),(220,24,3270.191654042,8),(221,16,7027.86501962949,8),(222,26,4180.07937369758,8),(223,27,11610.6326266228,8),(224,28,0,8),(225,1,17.5639203746036,9),(226,2,340.946603445383,9),(227,3,1378.88785109659,9),(228,4,1061.24383318416,9),(229,5,784.242040654044,9),(230,6,642.021547952553,9),(231,7,2022.70882774803,9),(232,8,0,9),(233,9,125.571362704379,9),(234,10,1835.23158331319,9),(235,11,0,9),(236,12,1177.62535244386,9),(237,13,5560.90321441238,9),(238,14,0,9),(239,15,8420.5154757793,9),(240,16,2715.30070987345,9),(241,17,9745.77407888082,9),(242,18,3456.84152843492,9),(243,19,6983.8497105447,9),(244,20,4284.29626839031,9),(245,21,7664.42726793234,9),(246,22,507.988359680513,9),(247,23,0,9),(248,24,3106.6820713399,9),(249,16,6676.47176864802,9),(250,26,3971.0754050127,9),(251,27,11030.1009952916,9),(252,28,0,9),(253,1,16.6857243558734,10),(254,2,323.899273273114,10),(255,3,1309.94345854176,10),(256,4,1008.18164152495,10),(257,5,745.029938621342,10),(258,6,609.920470554926,10),(259,7,1921.57338636062,10),(260,8,0,10),(261,9,119.29279456916,10),(262,10,1743.47000414753,10),(263,11,0,10),(264,12,1118.74408482167,10),(265,13,5282.85805369176,10),(266,14,0,10),(267,15,7999.48970199034,10),(268,16,2579.53567437977,10),(269,17,9258.48537493678,10),(270,18,3283.99945201318,10),(271,19,6634.65722501746,10),(272,20,4070.08145497079,10),(273,21,7281.20590453573,10),(274,22,482.588941696487,10),(275,23,0,10),(276,24,2951.3479677729,10),(277,16,6342.64818021562,10),(278,26,4169.62917526334,10),(279,27,10478.595945527,10),(280,28,0,10),(281,1,15.8514381380797,11),(282,2,307.704309609458,11),(283,3,1244.44628561467,11),(284,4,957.772559448704,11),(285,5,707.778441690275,11),(286,6,579.424447027179,11),(287,7,1825.49471704259,11),(288,8,0,11),(289,9,113.328154840702,11),(290,10,1656.29650394015,11),(291,11,0,11),(292,12,1174.68128906275,11),(293,13,5018.71515100717,11),(294,14,0,11),(295,15,7599.51521689082,11),(296,16,2450.55889066078,11),(297,17,8795.56110618994,11),(298,18,3119.79947941252,11),(299,19,6302.92436376659,11),(300,20,3866.57738222225,11),(301,21,7645.26619976251,11),(302,22,458.459494611663,11),(303,23,0,11),(304,24,2803.78056938426,11),(305,16,6025.51577120484,11),(306,26,3961.14771650017,11),(307,27,9954.66614825069,11),(308,28,0,11),(309,1,15.0588662311757,12),(310,2,292.319094128985,12),(311,3,1182.22397133394,12),(312,4,909.883931476269,12),(313,5,672.389519605761,12),(314,6,550.45322467582,12),(315,7,1734.21998119046,12),(316,8,0,12),(317,9,107.661747098667,12),(318,10,1573.48167874315,12),(319,11,0,12),(320,12,1115.94722460961,12),(321,13,4767.77939345682,12),(322,14,0,12),(323,15,7219.53945604628,12),(324,16,2328.03094612774,12),(325,17,8355.78305088044,12),(326,18,2963.80950544189,12),(327,19,5987.77814557826,12),(328,20,3673.24851311114,12),(329,21,7263.00288977439,12),(330,22,435.536519881079,12),(331,23,0,12),(332,24,2663.59154091505,12),(333,16,5724.23998264459,12),(334,26,3763.09033067516,12),(335,27,9456.93284083816,12),(336,28,0,12),(337,1,15.8118095427345,13),(338,2,277.703139422536,13),(339,3,1123.11277276724,13),(340,4,864.389734902455,13),(341,5,638.770043625473,13),(342,6,522.930563442029,13),(343,7,1647.50898213094,13),(344,8,0,13),(345,9,102.278659743734,13),(346,10,1494.80759480599,13),(347,11,0,13),(348,12,1060.14986337913,13),(349,13,4529.39042378397,13),(350,14,0,13),(351,15,6858.56248324396,13),(352,16,2211.62939882136,13),(353,17,7937.99389833642,13),(354,18,2815.6190301698,13),(355,19,5688.38923829934,13),(356,20,3489.58608745558,13),(357,21,6899.85274528567,13),(358,22,413.759693887025,13),(359,23,0,13),(360,24,2530.41196386929,13),(361,16,5438.02798351237,13),(362,26,3574.9358141414,13),(363,27,8984.08619879625,13),(364,28,0,13),(365,1,15.0212190655978,14),(366,2,263.817982451409,14),(367,3,1066.95713412888,14),(368,4,821.170248157333,14),(369,5,606.831541444199,14),(370,6,496.784035269928,14),(371,7,1565.13353302439,14),(372,8,0,14),(373,9,97.1647267565473,14),(374,10,1420.06721506569,14),(375,11,0,14),(376,12,1007.14237021018,14),(377,13,4302.92090259478,14),(378,14,0,14),(379,15,6515.63435908176,14),(380,16,2101.04792888029,14),(381,17,7541.0942034196,14),(382,18,2674.83807866131,14),(383,19,5403.96977638438,14),(384,20,3315.1067830828,14),(385,21,6554.86010802138,14),(386,22,393.071709192674,14),(387,23,0,14),(388,24,2403.89136567583,14),(389,16,5166.12658433675,14),(390,26,3396.18902343433,14),(391,27,8534.88188885644,14),(392,28,0,14),(393,1,14.2701581123179,15),(394,2,250.627083328839,15),(395,3,1013.60927742243,15),(396,4,780.111735749466,15),(397,5,576.489964371989,15),(398,6,471.944833506431,15),(399,7,1486.87685637317,15),(400,8,0,15),(401,9,92.3064904187199,15),(402,10,1349.0638543124,15),(403,11,0,15),(404,12,956.785251699668,15),(405,13,4087.77485746504,15),(406,14,0,15),(407,15,6189.85264112768,15),(408,16,1995.99553243627,15),(409,17,7164.03949324862,15),(410,18,2541.09617472824,15),(411,19,5133.77128756516,15),(412,20,3149.35144392866,15),(413,21,6227.11710262031,15),(414,22,373.41812373304,15),(415,23,0,15),(416,24,2283.69679739204,15),(417,16,4907.82025511991,15),(418,26,3226.37957226261,15),(419,27,8108.13779441361,15),(420,28,0,15),(421,1,13.556650206702,16),(422,2,238.095729162397,16),(423,3,962.928813551312,16),(424,4,741.106148961992,16),(425,5,547.66546615339,16),(426,6,448.34759183111,16),(427,7,1412.53301355451,16),(428,8,0,16),(429,9,87.6911658977839,16),(430,10,1281.61066159678,16),(431,11,0,16),(432,12,908.945989114684,16),(433,13,3883.38611459179,16),(434,14,0,16),(435,15,5880.36000907129,16),(436,16,1896.19575581446,16),(437,17,7522.24146791105,16),(438,18,2414.04136599183,16),(439,19,4877.0827231869,16),(440,20,2991.88387173223,16),(441,21,5915.7612474893,16),(442,22,354.747217546388,16),(443,23,0,16),(444,24,2169.51195752243,16),(445,16,4662.42924236391,16),(446,26,3065.06059364948,16),(447,27,7702.73090469293,16),(448,28,0,16),(449,1,12.8788176963669,17),(450,2,226.190942704277,17),(451,3,914.782372873746,17),(452,4,704.050841513893,17),(453,5,520.28219284572,17),(454,6,425.930212239554,17),(455,7,1341.90636287679,17),(456,8,0,17),(457,9,83.3066076028947,17),(458,10,1217.53012851694,17),(459,11,0,17),(460,12,863.49868965895,17),(461,13,3689.2168088622,17),(462,14,0,17),(463,15,6174.37800952486,17),(464,16,1801.38596802374,17),(465,17,7146.1293945155,17),(466,18,2293.33929769224,17),(467,19,4633.22858702755,17),(468,20,2842.28967814562,17),(469,21,5619.97318511483,17),(470,22,337.009856669069,17),(471,23,0,17),(472,24,2061.03635964631,17),(473,16,4429.30778024572,17),(474,26,2911.80756396701,17),(475,27,7317.59435945829,17),(476,28,0,17),(477,1,12.2348768115486,18),(478,2,214.881395569063,18),(479,3,869.043254230059,18),(480,4,739.253383589587,18),(481,5,494.268083203434,18),(482,6,404.633701627577,18),(483,7,1274.81104473295,18),(484,8,0,18),(485,9,79.14127722275,18),(486,10,1156.6536220911,18),(487,11,0,18),(488,12,820.323755176002,18),(489,13,3504.75596841909,18),(490,14,0,18),(491,15,5865.65910904861,18),(492,16,1711.31666962255,18),(493,17,6788.82292478972,18),(494,18,2178.67233280763,18),(495,19,4401.56715767618,18),(496,20,2700.17519423834,18),(497,21,5900.97184437057,18),(498,22,320.159363835615,18),(499,23,0,18),(500,24,1957.984541664,18),(501,16,4207.84239123343,18),(502,26,2766.21718576866,18),(503,27,6951.71464148537,18),(504,28,0,18),(505,1,11.6231329709711,19),(506,2,204.13732579061,19),(507,3,825.591091518556,19),(508,4,702.290714410108,19),(509,5,469.554679043262,19),(510,6,384.402016546198,19),(511,7,1338.5515969696,19),(512,8,0,19),(513,9,75.1842133616125,19),(514,10,1098.82094098654,19),(515,11,0,19),(516,12,779.307567417202,19),(517,13,3679.99376684004,19),(518,14,0,19),(519,15,5572.37615359618,19),(520,16,1625.75083614142,19),(521,17,6449.38177855023,19),(522,18,2069.73871616724,19),(523,19,4181.48879979237,19),(524,20,2565.16643452642,19),(525,21,5605.92325215204,19),(526,22,304.151395643835,19),(527,23,0,19),(528,24,1860.0853145808,19),(529,16,3997.45027167176,19),(530,26,2627.90632648023,19),(531,27,6604.1289094111,19),(532,28,0,19),(533,1,11.0419763224226,20),(534,2,193.93045950108,20),(535,3,784.311536942628,20),(536,4,667.176178689603,20),(537,5,446.076945091099,20),(538,6,365.181915718888,20),(539,7,1271.62401712112,20),(540,8,0,20),(541,9,71.4250026935318,20),(542,10,1043.87989393722,20),(543,11,0,20),(544,12,740.342189046342,20),(545,13,3495.99407849804,20),(546,14,0,20),(547,15,5293.75734591637,20),(548,16,1544.46329433435,20),(549,17,6126.91268962272,20),(550,18,1966.25178035888,20),(551,19,4390.56323978198,20),(552,20,2693.42475625274,20),(553,21,5325.62708954444,20),(554,22,288.943825861643,20),(555,23,0,20),(556,24,1767.08104885176,20),(557,16,3797.57775808817,20),(558,26,2496.51101015621,20),(559,27,6273.92246394055,20),(560,28,0,20),(561,1,10.4898775063014,21),(562,2,184.233936526026,21),(563,3,745.095960095497,21),(564,4,633.817369755123,21),(565,5,423.773097836544,21),(566,6,346.922819932943,21),(567,7,1208.04281626506,21),(568,8,0,21),(569,9,67.8537525588552,21),(570,10,991.685899240354,21),(571,11,0,21),(572,12,703.325079594025,21),(573,13,3321.19437457314,21),(574,14,0,21),(575,15,5029.06947862055,21),(576,16,1467.24012961763,21),(577,17,5820.56705514159,21),(578,18,1867.93919134094,21),(579,19,4171.03507779289,21),(580,20,2558.7535184401,21),(581,21,5591.90844402167,21),(582,22,274.496634568561,21),(583,23,0,21),(584,24,1678.72699640917,21),(585,16,3607.69887018376,21),(586,26,2371.6854596484,21),(587,27,5960.22634074352,21),(588,28,0,21),(589,1,9.96538363098638,22),(590,2,175.022239699724,22),(591,3,707.841162090722,22),(592,4,665.508238242879,22),(593,5,402.584442944717,22),(594,6,329.576678936296,22),(595,7,1147.64067545181,22),(596,8,0,22),(597,9,64.4610649309125,22),(598,10,942.101604278337,22),(599,11,0,22),(600,12,668.158825614324,22),(601,13,3155.13465584448,22),(602,14,0,22),(603,15,5280.52295255158,22),(604,16,1393.87812313675,22),(605,17,5529.53870238451,22),(606,18,1774.54223177389,22),(607,19,3962.48332390324,22),(608,20,2430.8158425181,22),(609,21,5312.31302182058,22),(610,22,260.771802840133,22),(611,23,0,22),(612,24,1594.79064658871,22),(613,16,3427.31392667457,22),(614,26,2490.26973263082,22),(615,27,5662.21502370634,22),(616,28,0,22),(617,1,9.46711444943706,23),(618,2,166.271127714738,23),(619,3,743.233220195258,23),(620,4,632.232826330735,23),(621,5,382.455220797481,23),(622,6,313.097844989481,23),(623,7,1090.25864167922,23),(624,8,0,23),(625,9,61.2380116843668,23),(626,10,894.99652406442,23),(627,11,0,23),(628,12,634.750884333608,23),(629,13,3312.8913886367,23),(630,14,0,23),(631,15,5016.496804924,23),(632,16,1324.18421697992,23),(633,17,5253.06176726528,23),(634,18,1685.8151201852,23),(635,19,4160.6074900984,23),(636,20,2309.27505039219,23),(637,21,5046.69737072955,23),(638,22,247.733212698126,23),(639,23,0,23),(640,24,1515.05111425928,23),(641,16,3255.94823034085,23),(642,26,2365.75624599928,23),(643,27,5379.10427252103,23),(644,28,0,23),(645,1,8.9937587269652,24),(646,2,174.584684100475,24),(647,3,706.071559185495,24),(648,4,600.621185014198,24),(649,5,363.332459757607,24),(650,6,297.442952740007,24),(651,7,1035.74570959526,24),(652,8,0,24),(653,9,58.1761111001485,24),(654,10,939.746350267641,24),(655,11,0,24),(656,12,603.013340116927,24),(657,13,3147.24681920487,24),(658,14,0,24),(659,15,4765.6719646778,24),(660,16,1257.97500613092,24),(661,17,4990.40867890202,24),(662,18,1601.52436417594,24),(663,19,3952.57711559348,24),(664,20,2193.81129787258,24),(665,21,4794.36250219307,24),(666,22,235.34655206322,24),(667,23,0,24),(668,24,1590.80366997224,24),(669,16,3093.1508188238,24),(670,26,2247.46843369932,24),(671,27,5648.05948614708,24),(672,28,0,24),(673,1,8.54407079061694,25),(674,2,165.855449895451,25),(675,3,670.76798122622,25),(676,4,570.590125763488,25),(677,5,345.165836769727,25),(678,6,282.570805103007,25),(679,7,983.958424115494,25),(680,8,0,25),(681,9,55.2673055451411,25),(682,10,892.759032754259,25),(683,11,0,25),(684,12,572.862673111081,25),(685,13,2989.88447824462,25),(686,14,0,25),(687,15,4527.38836644391,25),(688,16,1195.07625582437,25),(689,17,4740.88824495692,25),(690,18,1521.44814596714,25),(691,19,3754.94825981381,25),(692,20,2084.12073297895,25),(693,21,4554.64437708342,25),(694,22,223.579224460059,25),(695,23,0,25),(696,24,1511.26348647363,25),(697,16,2938.49327788261,25),(698,26,2135.09501201435,25),(699,27,5365.65651183972,25),(700,28,0,25),(701,1,8.97127433014779,26),(702,2,157.562677400679,26),(703,3,637.229582164909,26),(704,4,542.060619475314,26),(705,5,362.424128608213,26),(706,6,268.442264847857,26),(707,7,934.760502909719,26),(708,8,0,26),(709,9,52.503940267884,26),(710,10,848.121081116546,26),(711,11,0,26),(712,12,544.219539455527,26),(713,13,2840.39025433239,26),(714,14,0,26),(715,15,4301.01894812172,26),(716,16,1135.32244303315,26),(717,17,4503.84383270907,26),(718,18,1445.37573866878,26),(719,19,3942.6956728045,26),(720,20,1979.91469633001,26),(721,21,4326.91215822925,26),(722,22,234.758185683062,26),(723,23,0,26),(724,24,1435.70031214995,26),(725,16,2791.56861398848,26),(726,26,2028.34026141363,26),(727,27,5097.37368624774,26),(728,28,0,26),(729,1,8.5227106136404,27),(730,2,149.684543530645,27),(731,3,605.368103056664,27),(732,4,514.957588501548,27),(733,5,344.302922177802,27),(734,6,255.020151605464,27),(735,7,888.022477764233,27),(736,8,0,27),(737,9,49.8787432544898,27),(738,10,805.715027060718,27),(739,11,0,27),(740,12,517.00856248275,27),(741,13,2698.37074161577,27),(742,14,0,27),(743,15,4085.96800071563,27),(744,16,1078.5563208815,27),(745,17,4278.65164107362,27),(746,18,1373.10695173534,27),(747,19,3745.56088916427,27),(748,20,1880.91896151351,27),(749,21,4110.56655031779,27),(750,22,223.020276398909,27),(751,23,0,27),(752,24,1363.91529654245,27),(753,16,2651.99018328906,27),(754,26,1926.92324834295,27),(755,27,4842.50500193535,27),(756,28,0,27),(757,1,8.09657508295838,28),(758,2,142.200316354112,28),(759,3,575.099697903831,28),(760,4,489.20970907647,28),(761,5,327.087776068912,28),(762,6,242.269144025191,28),(763,7,843.621353876021,28),(764,8,0,28),(765,9,47.3848060917653,28),(766,10,765.429275707683,28),(767,11,0,28),(768,12,491.158134358613,28),(769,13,2563.45220453498,28),(770,14,0,28),(771,15,3881.66960067985,28),(772,16,1132.48413692557,28),(773,17,4064.71905901994,28),(774,18,1304.45160414858,28),(775,19,3558.28284470606,28),(776,20,1786.87301343783,28),(777,21,3905.0382228019,28),(778,22,211.869262578963,28),(779,23,0,28),(780,24,1295.71953171533,28),(781,16,2519.3906741246,28),(782,26,1830.5770859258,28),(783,27,4600.37975183858,28),(784,28,0,28),(785,1,7.69174632881046,29),(786,2,135.090300536407,29),(787,3,546.344713008639,29),(788,4,464.749223622647,29),(789,5,310.733387265467,29),(790,6,230.155686823931,29),(791,7,801.44028618222,29),(792,8,0,29),(793,9,45.0155657871771,29),(794,10,727.157811922298,29),(795,11,0,29),(796,12,466.600227640682,29),(797,13,2435.27959430823,29),(798,14,0,29),(799,15,3687.58612064586,29),(800,16,1075.85993007929,29),(801,17,4267.95501197093,29),(802,18,1239.22902394115,29),(803,19,3380.36870247076,29),(804,20,1697.52936276594,29),(805,21,3709.7863116618,29),(806,22,201.275799450015,29),(807,23,0,29),(808,24,1360.50550830109,29),(809,16,2393.42114041837,29),(810,26,1739.04823162951,29),(811,27,4370.36076424665,29),(812,28,0,29),(813,1,7.30715901236994,30),(814,2,141.844815563227,30),(815,3,519.027477358207,30),(816,4,441.511762441515,30),(817,5,295.196717902193,30),(818,6,218.647902482734,30),(819,7,761.368271873109,30),(820,8,0,30),(821,9,42.7647874978182,30),(822,10,690.799921326183,30),(823,11,0,30),(824,12,443.270216258648,30),(825,13,2313.51561459282,30),(826,14,0,30),(827,15,3503.20681461356,30),(828,16,1022.06693357533,30),(829,17,4054.55726137239,30),(830,18,1177.26757274409,30),(831,19,3211.35026734722,30),(832,20,1612.65289462764,30),(833,21,3524.29699607871,30),(834,22,191.212009477514,30),(835,23,0,30),(836,24,1292.48023288604,30),(837,16,2273.75008339746,30),(838,26,1652.09582004804,30),(839,27,4151.84272603432,30),(840,28,0,30),(841,1,6.94180106175144,31),(842,2,134.752574785066,31),(843,3,493.076103490297,31),(844,4,419.436174319439,31),(845,5,280.436882007084,31),(846,6,229.580297606871,31),(847,7,723.299858279454,31),(848,8,0,31),(849,9,40.6265481229273,31),(850,10,656.259925259874,31),(851,11,0,31),(852,12,421.106705445716,31),(853,13,2197.83983386318,31),(854,14,0,31),(855,15,3328.04647388288,31),(856,16,970.963586896562,31),(857,17,3851.82939830377,31),(858,18,1118.40419410689,31),(859,19,3050.78275397986,31),(860,20,1532.02024989626,31),(861,21,3348.08214627478,31),(862,22,181.651409003639,31),(863,23,0,31),(864,24,1227.85622124174,31),(865,16,2160.06257922758,31),(866,26,1569.49102904564,31),(867,27,3944.2505897326,31),(868,28,0,31),(869,1,7.28889111483901,32),(870,2,128.014946045813,32),(871,3,468.422298315782,32),(872,4,398.464365603467,32),(873,5,266.415037906729,32),(874,6,218.101282726528,32),(875,7,687.134865365481,32),(876,8,0,32),(877,9,38.5952207167809,32),(878,10,689.072921522868,32),(879,11,0,32),(880,12,400.05137017343,32),(881,13,2087.94784217002,32),(882,14,0,32),(883,15,3494.44879757703,32),(884,16,922.415407551734,32),(885,17,3659.23792838858,32),(886,18,1062.48398440154,32),(887,19,2898.24361628086,32),(888,20,1455.41923740145,32),(889,21,3180.67803896104,32),(890,22,172.568838553457,32),(891,23,0,32),(892,24,1166.46341017965,32),(893,16,2052.0594502662,32),(894,26,1491.01647759335,32),(895,27,3747.03806024597,32),(896,28,0,32),(897,1,6.92444655909706,33),(898,2,121.614198743522,33),(899,3,445.001183399993,33),(900,4,378.541147323293,33),(901,5,253.094286011393,33),(902,6,207.196218590201,33),(903,7,652.778122097207,33),(904,8,0,33),(905,9,36.6654596809419,33),(906,10,654.619275446724,33),(907,11,0,33),(908,12,380.048801664758,33),(909,13,1983.55045006152,33),(910,14,0,33),(911,15,3319.72635769818,33),(912,16,876.294637174147,33),(913,17,3476.27603196915,33),(914,18,1009.35978518146,33),(915,19,2753.33143546682,33),(916,20,1382.64827553137,33),(917,21,3021.64413701298,33),(918,22,163.940396625784,33),(919,23,0,33),(920,24,1108.14023967067,33),(921,16,1949.45647775289,33),(922,26,1416.46565371369,33),(923,27,3559.68615723367,33),(924,28,0,33),(925,1,7.27066888705192,34),(926,2,127.694908680698,34),(927,3,422.751124229993,34),(928,4,359.614089957129,34),(929,5,240.439571710823,34),(930,6,196.836407660691,34),(931,7,685.417028202067,34),(932,8,0,34),(933,9,34.8321866968948,34),(934,10,621.888311674388,34),(935,11,0,34),(936,12,361.04636158152,34),(937,13,1884.37292755844,34),(938,14,0,34),(939,15,3153.74003981327,34),(940,16,832.47990531544,34),(941,17,3302.46223037069,34),(942,18,958.89179592239,34),(943,19,2615.66486369348,34),(944,20,1313.51586175481,34),(945,21,2870.56193016234,34),(946,22,155.743376794495,34),(947,23,0,34),(948,24,1052.73322768713,34),(949,16,1851.98365386525,34),(950,26,1345.642371028,34),(951,27,3381.70184937199,34),(952,28,0,34),(953,1,6.90713544269932,35),(954,2,121.310163246663,35),(955,3,401.613568018493,35),(956,4,341.633385459272,35),(957,5,228.417593125282,35),(958,6,186.994587277657,35),(959,7,651.146176791964,35),(960,8,0,35),(961,9,33.09057736205,35),(962,10,590.793896090669,35),(963,11,0,35),(964,12,342.994043502444,35),(965,13,1790.15428118052,35),(966,14,0,35),(967,15,2996.0530378226,35),(968,16,790.855910049668,35),(969,17,3137.33911885216,35),(970,18,910.947206126271,35),(971,19,2484.88162050881,35),(972,20,1247.84006866707,35),(973,21,3014.09002667045,35),(974,22,147.95620795477,35),(975,23,0,35),(976,24,1000.09656630278,35),(977,16,1759.38447117199,35),(978,26,1278.3602524766,35),(979,27,3212.61675690339,35),(980,28,0,35),(981,1,6.56177867056435,36),(982,2,115.24465508433,36),(983,3,381.532889617569,36),(984,4,324.551716186309,36),(985,5,216.996713469018,36),(986,6,177.644857913774,36),(987,7,618.588867952366,36),(988,8,0,36),(989,9,31.4360484939475,36),(990,10,561.254201286135,36),(991,11,0,36),(992,12,325.844341327322,36),(993,13,1700.6465671215,36),(994,14,0,36),(995,15,2846.25038593147,36),(996,16,751.313114547184,36),(997,17,2980.47216290955,36),(998,18,865.399845819957,36),(999,19,2360.63753948337,36),(1000,20,1185.44806523371,36),(1001,21,2863.38552533693,36),(1002,22,140.558397557031,36),(1003,23,0,36),(1004,24,1050.10139461791,36),(1005,16,1671.41524761339,36),(1006,26,1214.44223985277,36),(1007,27,3051.98591905822,36),(1008,28,0,36),(1009,1,6.23368973703614,37),(1010,2,109.482422330113,37),(1011,3,362.45624513669,37),(1012,4,340.779301995624,37),(1013,5,206.146877795567,37),(1014,6,168.762615018085,37),(1015,7,587.659424554747,37),(1016,8,0,37),(1017,9,29.8642460692502,37),(1018,10,533.191491221828,37),(1019,11,0,37),(1020,12,309.552124260956,37),(1021,13,1615.61423876542,37),(1022,14,0,37),(1023,15,2703.9378666349,37),(1024,16,713.747458819825,37),(1025,17,2831.44855476407,37),(1026,18,822.129853528959,37),(1027,19,2242.6056625092,37),(1028,20,1126.17566197203,37),(1029,21,2720.21624907008,37),(1030,22,133.53047767918,37),(1031,23,0,37),(1032,24,997.596324887019,37),(1033,16,1587.84448523272,37),(1034,26,1153.72012786013,37),(1035,27,2899.38662310531,37),(1036,28,0,37),(1037,1,5.92200525018433,38),(1038,2,104.008301213608,38),(1039,3,380.579057393525,38),(1040,4,323.740336895843,38),(1041,5,195.839533905789,38),(1042,6,160.324484267181,38),(1043,7,558.27645332701,38),(1044,8,0,38),(1045,9,28.3710337657876,38),(1046,10,506.531916660737,38),(1047,11,0,38),(1048,12,294.074518047908,38),(1049,13,1696.39495070369,38),(1050,14,0,38),(1051,15,2568.74097330316,38),(1052,16,678.060085878834,38),(1053,17,2973.02098250227,38),(1054,18,781.023360852511,38),(1055,19,2130.47537938374,38),(1056,20,1182.48444507063,38),(1057,21,2584.20543661658,38),(1058,22,126.853953795221,38),(1059,23,0,38),(1060,24,947.716508642668,38),(1061,16,1508.45226097108,38),(1062,26,1096.03412146713,38),(1063,27,2754.41729195004,38),(1064,28,0,38),(1065,1,5.62590498767511,39),(1066,2,98.8078861529274,39),(1067,3,361.550104523849,39),(1068,4,307.553320051051,39),(1069,5,186.047557210499,39),(1070,6,168.34070848054,39),(1071,7,530.362630660659,39),(1072,8,0,39),(1073,9,26.9524820774983,39),(1074,10,481.2053208277,39),(1075,11,0,39),(1076,12,279.370792145513,39),(1077,13,1611.57520316851,39),(1078,14,0,39),(1079,15,2440.303924638,39),(1080,16,644.157081584892,39),(1081,17,2824.36993337716,39),(1082,18,741.972192809886,39),(1083,19,2023.95161041455,39),(1084,20,1123.3602228171,39),(1085,21,2454.99516478575,39),(1086,22,120.51125610546,39),(1087,23,0,39),(1088,24,900.330683210535,39),(1089,16,1433.02964792253,39),(1090,26,1041.23241539377,39),(1091,27,2616.69642735254,39),(1092,28,0,39),(1093,1,5.34460973829136,40),(1094,2,93.867491845281,40),(1095,3,343.472599297656,40),(1096,4,292.175654048498,40),(1097,5,195.349935071024,40),(1098,6,159.923673056513,40),(1099,7,503.844499127626,40),(1100,8,0,40),(1101,9,25.6048579736233,40),(1102,10,457.145054786315,40),(1103,11,0,40),(1104,12,265.402252538237,40),(1105,13,1530.99644301008,40),(1106,14,0,40),(1107,15,2318.2887284061,40),(1108,16,611.949227505647,40),(1109,17,2683.1514367083,40),(1110,18,704.873583169391,40),(1111,19,1922.75402989382,40),(1112,20,1067.19221167624,40),(1113,21,2332.24540654646,40),(1114,22,114.485693300187,40),(1115,23,0,40),(1116,24,855.314149050008,40),(1117,16,1361.3781655264,40),(1118,26,989.170794624082,40),(1119,27,2485.86160598492,40),(1120,28,0,40),(1121,1,5.07737925137679,41),(1122,2,89.1741172530169,41),(1123,3,326.298969332773,41),(1124,4,277.566871346073,41),(1125,5,185.582438317473,41),(1126,6,151.927489403687,41),(1127,7,478.652274171245,41),(1128,8,0,41),(1129,9,24.3246150749422,41),(1130,10,434.287802046999,41),(1131,11,0,41),(1132,12,252.132139911325,41),(1133,13,1454.44662085958,41),(1134,14,0,41),(1135,15,2202.37429198579,41),(1136,16,581.351766130365,41),(1137,17,2548.99386487289,41),(1138,18,669.629904010922,41),(1139,19,1826.61632839913,41),(1140,20,1013.83260109243,41),(1141,21,2215.63313621914,41),(1142,22,108.761408635177,41),(1143,23,0,41),(1144,24,812.548441597507,41),(1145,16,1429.44707380272,41),(1146,26,1038.62933435529,41),(1147,27,2361.56852568567,41),(1148,28,0,41),(1149,1,4.82351028880795,42),(1150,2,84.7154113903661,42),(1151,3,309.984020866135,42),(1152,4,263.68852777877,42),(1153,5,176.303316401599,42),(1154,6,144.331114933503,42),(1155,7,502.584887879807,42),(1156,8,0,42),(1157,9,23.1083843211951,42),(1158,10,412.573411944649,42),(1159,11,0,42),(1160,12,239.525532915759,42),(1161,13,1381.7242898166,42),(1162,14,0,42),(1163,15,2092.2555773865,42),(1164,16,552.284177823847,42),(1165,17,2421.54417162924,42),(1166,18,636.148408810376,42),(1167,19,1735.28551197917,42),(1168,20,963.140971037808,42),(1169,21,2104.85147940818,42),(1170,22,103.323338203419,42),(1171,23,0,42),(1172,24,771.921019517632,42),(1173,16,1357.97472011259,42),(1174,26,986.697867637521,42),(1175,27,2243.49009940139,42),(1176,28,0,42),(1177,29,50000,1),(1178,29,99954.25,2),(1179,29,99880,3),(1180,29,99800,4),(1181,29,99550,5),(1182,29,99650,6),(1183,29,85000,7),(1184,29,25000,8),(1185,29,99500,9),(1186,29,90000,10),(1187,29,99790,11),(1188,29,99700,12),(1189,29,98500,13),(1190,29,98800,14),(1191,29,99750,15),(1192,29,99915,16),(1193,29,0,17),(1194,29,97000,18),(1195,29,99500,19),(1196,29,350000,20),(1197,29,99250,21),(1198,29,99940,22),(1199,29,99820,23),(1200,29,75000,24),(1201,29,99920,25),(1202,29,99350,26),(1203,29,101500,27),(1204,29,99750,28),(1205,29,50000,29),(1206,29,99960,30),(1207,29,99300,31),(1208,29,99679.5,32),(1209,29,99950,33),(1210,29,350000,34),(1211,29,99850,35),(1212,29,75000,36),(1213,29,99800,37),(1214,29,99922,38),(1215,29,99480,39),(1216,29,101500,40),(1217,29,99620,41),(1218,29,85000,42),(1219,29,20000,43),(1220,29,99965,44),(1221,29,99450,45),(1222,29,88000,46),(1223,29,99780,47),(1224,29,99680,48),(1225,29,98200,49),(1226,29,98700,50),(1227,29,99750,51),(1228,29,99910,52),(1229,29,-10000,53),(1230,29,96800,54),(1231,29,99480,55),(1232,29,350000,56),(1233,29,99200,57),(1234,29,99935,58),(1235,29,99810,59),(1236,29,75000,60),(1237,29,99918,61),(1238,29,99679.5,62),(1239,29,99945,63),(1240,29,350000,64),(1241,29,99840,65),(1242,29,75000,66),(1243,29,99800,67),(1244,29,99919,68),(1245,29,99460,69),(1246,29,101500,70),(1247,29,99610,71),(1248,29,85000,72),(1249,29,15000,73),(1250,29,99960,74),(1251,29,99400,75),(1252,29,87000,76),(1253,29,99770,77),(1254,29,99660,78),(1255,29,98100,79),(1256,29,98600,80),(1257,29,99750,81),(1258,29,99905,82),(1259,29,-20000,83),(1260,29,96600,84),(1261,29,99460,85),(1262,29,350000,86),(1263,29,99150,87),(1264,29,99930,88),(1265,29,99800,89),(1266,29,75000,90),(1267,29,99916,91),(1268,29,99679.5,92),(1269,29,99940,93),(1270,30,100000,1),(1271,30,50000,2),(1272,30,50000,3),(1273,30,50000,4),(1274,30,50000,5),(1275,30,50000,6),(1276,30,50000,7),(1277,30,50000,8),(1278,30,50000,9),(1279,30,50000,10),(1280,30,50000,11),(1281,30,50000,12),(1282,30,50000,13),(1283,30,50000,14),(1284,30,50000,15),(1285,30,50000,16),(1286,30,50000,17),(1287,30,50000,18),(1288,30,50000,19),(1289,30,50000,20),(1290,30,50000,21),(1291,30,50000,22),(1292,30,50000,23),(1293,30,50000,24),(1294,30,50000,25),(1295,30,50000,26),(1296,30,50000,27),(1297,30,50000,28),(1298,30,50000,29),(1299,30,50000,30),(1300,30,50000,31),(1301,30,50000,32),(1302,30,50000,33),(1303,30,50000,34),(1304,30,50000,35),(1305,30,50000,36),(1306,30,50000,37),(1307,30,50000,38),(1308,30,50000,39),(1309,30,50000,40),(1310,30,50000,41),(1311,30,50000,42),(1312,30,50000,43),(1313,30,50000,44),(1314,30,50000,45),(1315,30,50000,46),(1316,30,50000,47),(1317,30,50000,48),(1318,30,50000,49),(1319,30,50000,50),(1320,30,50000,51),(1321,30,50000,52),(1322,30,50000,53),(1323,30,50000,54),(1324,30,50000,55),(1325,30,50000,56),(1326,30,50000,57),(1327,30,50000,58),(1328,30,50000,59),(1329,30,50000,60),(1330,30,50000,61),(1331,30,50000,62),(1332,30,50000,63),(1333,30,50000,64),(1334,30,50000,65),(1335,30,50000,66),(1336,30,50000,67),(1337,30,50000,68),(1338,30,50000,69),(1339,30,50000,70),(1340,30,50000,71),(1341,30,50000,72),(1342,30,50000,73),(1343,30,50000,74),(1344,30,50000,75),(1345,30,50000,76),(1346,30,50000,77),(1347,30,50000,78),(1348,30,50000,79),(1349,30,50000,80),(1350,30,50000,81),(1351,30,50000,82),(1352,30,50000,83),(1353,30,50000,84),(1354,30,50000,85),(1355,30,50000,86),(1356,30,50000,87),(1357,30,50000,88),(1358,30,50000,89),(1359,30,50000,90),(1360,30,50000,91),(1361,30,50000,92),(1362,30,50000,93),(1363,31,99880,1),(1364,31,99344.2,2),(1365,31,99133.8,3),(1366,31,98833.8,4),(1367,31,98743.8,5),(1368,31,98678.8,6),(1369,31,98428.8,7),(1370,31,98318.3,8),(1371,31,97318.3,9),(1372,31,97268.3,10),(1373,31,97256.3,11),(1374,31,97196.3,12),(1375,31,97046.3,13),(1376,31,96746.3,14),(1377,31,96246.3,15),(1378,31,96206.3,16),(1379,31,96126.3,17),(1380,31,96101.3,18),(1381,31,95881.3,19),(1382,31,95866.3,20),(1383,31,95796.3,21),(1384,31,95546.3,22),(1385,31,95366.3,23),(1386,31,95316.3,24),(1387,31,95216.3,25),(1388,31,95141.3,26),(1389,31,95111.3,27),(1390,31,95049.3,28),(1391,31,94929.3,29),(1392,31,94893.6,30),(1393,31,94393.6,31),(1394,31,94393.6,32),(1395,31,94183.1,33),(1396,31,93883.1,34),(1397,31,93793.1,35),(1398,31,93728.1,36),(1399,31,93478.1,37),(1400,31,93367.6,38),(1401,31,92367.6,39),(1402,31,92317.6,40),(1403,31,92305.6,41),(1404,31,92245.6,42),(1405,31,92095.6,43),(1406,31,91795.6,44),(1407,31,91295.6,45),(1408,31,91255.6,46),(1409,31,91175.6,47),(1410,31,91150.6,48),(1411,31,90930.6,49),(1412,31,90915.6,50),(1413,31,90845.6,51),(1414,31,90595.6,52),(1415,31,90415.6,53),(1416,31,90365.6,54),(1417,31,90265.6,55),(1418,31,90190.6,56),(1419,31,90160.6,57),(1420,31,90098.6,58),(1421,31,89978.6,59),(1422,31,89942.9,60),(1423,31,89442.9,61),(1424,31,89442.9,62),(1425,31,89232.4,63),(1426,31,88932.4,64),(1427,31,88842.4,65),(1428,31,88777.4,66),(1429,31,88527.4,67),(1430,31,88416.9,68),(1431,31,87416.9,69),(1432,31,87366.9,70),(1433,31,87354.9,71),(1434,31,87294.9,72),(1435,31,87144.9,73),(1436,31,86844.9,74),(1437,31,86344.9,75),(1438,31,86304.9,76),(1439,31,86224.9,77),(1440,31,86199.9,78),(1441,31,85979.9,79),(1442,31,85964.9,80),(1443,31,85894.9,81),(1444,31,85644.9,82),(1445,31,85464.9,83),(1446,31,85414.9,84),(1447,31,85314.9,85),(1448,31,85239.9,86),(1449,31,85209.9,87),(1450,31,85147.9,88),(1451,31,85027.9,89),(1452,31,84992.2,90),(1453,31,84492.2,91),(1454,31,84492.2,92),(1455,31,84281.7,93),(1456,32,11500,2),(1457,32,11500,3),(1458,32,11500,4),(1459,32,11500,5),(1460,32,11500,6),(1461,32,11500,7),(1462,32,11500,8),(1463,32,11500,9),(1464,32,11500,10),(1465,32,11500,11),(1466,32,11500,12),(1467,32,11500,13),(1468,32,11500,14),(1469,32,11500,15),(1470,32,11500,16),(1471,32,11500,17),(1472,32,11500,18),(1473,32,11500,19),(1474,32,11500,20),(1475,32,11500,21),(1476,32,11500,22),(1477,32,11500,23),(1478,32,11500,24),(1479,32,11500,25),(1480,32,11500,26),(1481,32,11500,27),(1482,32,11500,28),(1483,32,11500,29),(1484,32,11500,30),(1485,32,11500,31),(1486,32,13000,32),(1487,32,13000,33),(1488,32,13000,34),(1489,32,13000,35),(1490,32,13000,36),(1491,32,13000,37),(1492,32,13000,38),(1493,32,13000,39),(1494,32,13000,40),(1495,32,13000,41),(1496,32,13000,42),(1497,32,13000,43),(1498,32,13000,44),(1499,32,13000,45),(1500,32,13000,46),(1501,32,13000,47),(1502,32,13000,48),(1503,32,13000,49),(1504,32,13000,50),(1505,32,13000,51),(1506,32,13000,52),(1507,32,13000,53),(1508,32,13000,54),(1509,32,13000,55),(1510,32,13000,56),(1511,32,13000,57),(1512,32,13000,58),(1513,32,13000,59),(1514,32,13000,60),(1515,32,13000,61),(1516,32,14500,62),(1517,32,14500,63),(1518,32,14500,64),(1519,32,14500,65),(1520,32,14500,66),(1521,32,14500,67),(1522,32,14500,68),(1523,32,14500,69),(1524,32,14500,70),(1525,32,14500,71),(1526,32,14500,72),(1527,32,14500,73),(1528,32,14500,74),(1529,32,14500,75),(1530,32,14500,76),(1531,32,14500,77),(1532,32,14500,78),(1533,32,14500,79),(1534,32,14500,80),(1535,32,14500,81),(1536,32,14500,82),(1537,32,14500,83),(1538,32,14500,84),(1539,32,14500,85),(1540,32,14500,86),(1541,32,14500,87),(1542,32,14500,88),(1543,32,14500,89),(1544,32,14500,90),(1545,32,14500,91),(1546,32,16000,92),(1547,32,16000,93),(1548,33,24880,1),(1549,33,24844.5,2),(1550,33,26344.5,3),(1551,33,26284.5,4),(1552,33,26074.5,5),(1553,33,26024.5,6),(1554,33,25774.5,7),(1555,33,25758.8,8),(1556,33,25658.8,9),(1557,33,27458.8,10),(1558,33,27158.8,11),(1559,33,27038.8,12),(1560,33,26958.8,13),(1561,33,25958.8,14),(1562,33,25878.8,15),(1563,33,25853.8,16),(1564,33,27453.8,17),(1565,33,27408.8,18),(1566,33,27333.8,19),(1567,33,27183.8,20),(1568,33,26933.8,21),(1569,33,26915.8,22),(1570,33,28615.8,23),(1571,33,28550.8,24),(1572,33,28420.8,25),(1573,33,28325.8,26),(1574,33,28265.8,27),(1575,33,28015.8,28),(1576,33,27993.2,29),(1577,33,29543.2,30),(1578,33,29343.2,31),(1579,33,29223.2,32),(1580,33,28723.2,33),(1581,33,28683.2,34),(1582,33,30333.2,35),(1583,33,30263.2,36),(1584,33,30043.2,37),(1585,33,29988.2,38),(1586,33,29738.2,39),(1587,33,29721.2,40),(1588,33,29621.2,41),(1589,33,31371.2,42),(1590,33,31051.2,43),(1591,33,30926.2,44),(1592,33,30841.2,45),(1593,33,29841.2,46),(1594,33,29756.2,47),(1595,33,29726.2,48),(1596,33,31326.2,49),(1597,33,31276.2,50),(1598,33,31196.2,51),(1599,33,31046.2,52),(1600,33,30786.2,53),(1601,33,30766.2,54),(1602,33,32566.2,55),(1603,33,32498.2,56),(1604,33,32358.2,57),(1605,33,32258.2,58),(1606,33,32193.2,59),(1607,33,31943.2,60),(1608,33,31919.2,61),(1609,33,31799.2,62),(1610,33,31299.2,63),(1611,33,31257.2,64),(1612,33,32957.2,65),(1613,33,32885.2,66),(1614,33,32660.2,67),(1615,33,32600.2,68),(1616,33,32350.2,69),(1617,33,32331.2,70),(1618,33,32231.2,71),(1619,33,34081.2,72),(1620,33,33741.2,73),(1621,33,33611.2,74),(1622,33,33521.2,75),(1623,33,32521.2,76),(1624,33,32431.2,77),(1625,33,32399.2,78),(1626,33,34149.2,79),(1627,33,34094.2,80),(1628,33,34009.2,81),(1629,33,33859.2,82),(1630,33,33589.2,83),(1631,33,33566.2,84),(1632,33,35466.2,85),(1633,33,35395.2,86),(1634,33,35250.2,87),(1635,33,35145.2,88),(1636,33,35075.2,89),(1637,33,34825.2,90),(1638,33,34799.2,91),(1639,33,34679.2,92),(1640,33,34179.2,93),(1641,34,24500,1),(1642,34,24500,2),(1643,34,24500,3),(1644,34,24500,4),(1645,34,24500,5),(1646,34,24500,6),(1647,34,24500,7),(1648,34,24500,8),(1649,34,24500,9),(1650,34,24500,10),(1651,34,24500,11),(1652,34,24500,12),(1653,34,24500,13),(1654,34,24500,14),(1655,34,24500,15),(1656,34,24500,16),(1657,34,24500,17),(1658,34,24500,18),(1659,34,24500,19),(1660,34,24500,20),(1661,34,24500,21),(1662,34,24500,22),(1663,34,24500,23),(1664,34,24500,24),(1665,34,24500,25),(1666,34,24500,26),(1667,34,24500,27),(1668,34,24500,28),(1669,34,24500,29),(1670,34,24500,30),(1671,34,24500,31),(1672,34,24500,32),(1673,34,24500,33),(1674,34,24500,34),(1675,34,24500,35),(1676,34,24500,36),(1677,34,24500,37),(1678,34,24500,38),(1679,34,24500,39),(1680,34,24500,40),(1681,34,24500,41),(1682,34,24500,42),(1683,34,24500,43),(1684,34,24500,44),(1685,34,24500,45),(1686,34,24500,46),(1687,34,24500,47),(1688,34,24500,48),(1689,34,24500,49),(1690,34,24500,50),(1691,34,24500,51),(1692,34,24500,52),(1693,34,24500,53),(1694,34,24500,54),(1695,34,24500,55),(1696,34,24500,56),(1697,34,24500,57),(1698,34,24500,58),(1699,34,24500,59),(1700,34,24500,60),(1701,34,24500,61),(1702,34,24500,62),(1703,34,24500,63),(1704,34,24500,64),(1705,34,24500,65),(1706,34,24500,66),(1707,34,24500,67),(1708,34,24500,68),(1709,34,24500,69),(1710,34,24500,70),(1711,34,24500,71),(1712,34,24500,72),(1713,34,24500,73),(1714,34,24500,74),(1715,34,24500,75),(1716,34,24500,76),(1717,34,24500,77),(1718,34,24500,78),(1719,34,24500,79),(1720,34,24500,80),(1721,34,24500,81),(1722,34,24500,82),(1723,34,24500,83),(1724,34,24500,84),(1725,34,24500,85),(1726,34,24500,86),(1727,34,24500,87),(1728,34,24500,88),(1729,34,24500,89),(1730,34,24500,90),(1731,34,24500,91),(1732,34,24500,92),(1733,34,24500,93),(1734,35,205000,1),(1735,35,183500,2),(1736,35,183130,3),(1737,35,179130,4),(1738,35,182130,5),(1739,35,181855,6),(1740,35,180355,7),(1741,35,180105,8),(1742,35,179755,9),(1743,35,169755,10),(1744,35,168255,11),(1745,35,165255,12),(1746,35,164505,13),(1747,35,159505,14),(1748,35,159325,15),(1749,35,164325,16),(1750,35,164225,17),(1751,35,164135,18),(1752,35,144135,19),(1753,35,143685,20),(1754,35,141685,21),(1755,35,141585,22),(1756,35,141085,23),(1757,35,140955,24),(1758,35,139455,25),(1759,35,139205,26),(1760,35,138705,27),(1761,35,141705,28),(1762,35,140505,29),(1763,35,140425,30),(1764,35,140125,31),(1765,35,145125,32),(1766,35,143325,33),(1767,35,123325,34),(1768,35,123075,35),(1769,35,122965,36),(1770,35,124465,37),(1771,35,118465,38),(1772,35,121465,39),(1773,35,121245,40),(1774,35,121175,41),(1775,35,116175,42),(1776,35,115915,43),(1777,35,115555,44),(1778,35,105055,45),(1779,35,103455,46),(1780,35,100255,47),(1781,35,99455,48),(1782,35,94455,49),(1783,35,94265,50),(1784,35,99265,51),(1785,35,99160,52),(1786,35,99065,53),(1787,35,79065,54),(1788,35,78585,55),(1789,35,76485,56),(1790,35,76375,57),(1791,35,75825,58),(1792,35,75685,59),(1793,35,74185,60),(1794,35,73915,61),(1795,35,73365,62),(1796,35,76365,63),(1797,35,75115,64),(1798,35,75030,65),(1799,35,74710,66),(1800,35,79710,67),(1801,35,77860,68),(1802,35,57860,69),(1803,35,57600,70),(1804,35,57485,71),(1805,35,59485,72),(1806,35,52485,73),(1807,35,55485,74),(1808,35,55255,75),(1809,35,55190,76),(1810,35,50190,77),(1811,35,49915,78),(1812,35,49545,79),(1813,35,38545,80),(1814,35,36845,81),(1815,35,33445,82),(1816,35,32595,83),(1817,35,27595,84),(1818,35,27395,85),(1819,35,32395,86),(1820,35,32285,87),(1821,35,32185,88),(1822,35,12185,89),(1823,35,11685,90),(1824,35,9485,91),(1825,35,9365,92),(1826,35,8765,93),(1827,36,30200,1),(1828,36,30154.3,2),(1829,36,30041.8,3),(1830,36,30041.8,4),(1831,36,29841.8,5),(1832,36,29841.8,6),(1833,36,29778.5,7),(1834,36,29748.5,8),(1835,36,29748.5,9),(1836,36,29662.6,10),(1837,36,29662.6,11),(1838,36,29642.6,12),(1839,36,29642.6,13),(1840,36,29592.6,14),(1841,36,30792.6,15),(1842,36,30782.8,16),(1843,36,30782.8,17),(1844,36,30672.4,18),(1845,36,30672.4,19),(1846,36,30612.4,20),(1847,36,30612.4,21),(1848,36,30362.4,22),(1849,36,30326.8,23),(1850,36,30326.8,24),(1851,36,30146.8,25),(1852,36,30146.8,26),(1853,36,30131.8,27),(1854,36,30131.8,28),(1855,36,30091.8,29),(1856,36,30091.8,30),(1857,36,29979.2,31),(1858,36,31179.2,32),(1859,36,31128.9,33),(1860,36,30928.9,34),(1861,36,30928.9,35),(1862,36,30863.9,36),(1863,36,30863.9,37),(1864,36,30813.9,38),(1865,36,30813.9,39),(1866,36,30723.4,40),(1867,36,30723.4,41),(1868,36,30698.4,42),(1869,36,30698.4,43),(1870,36,30598.4,44),(1871,36,30598.4,45),(1872,36,31798.4,46),(1873,36,31798.4,47),(1874,36,31786.4,48),(1875,36,31786.4,49),(1876,36,31671.2,50),(1877,36,31671.2,51),(1878,36,31591.2,52),(1879,36,31591.2,53),(1880,36,31291.2,54),(1881,36,31291.2,55),(1882,36,31250.5,56),(1883,36,31250.5,57),(1884,36,31050.5,58),(1885,36,31050.5,59),(1886,36,31030.5,60),(1887,36,30917.9,61),(1888,36,32117.9,62),(1889,36,32062.8,63),(1890,36,31862.8,64),(1891,36,31862.8,65),(1892,36,31792.8,66),(1893,36,31792.8,67),(1894,36,31732.8,68),(1895,36,31732.8,69),(1896,36,31637.8,70),(1897,36,31637.8,71),(1898,36,31607.8,72),(1899,36,31607.8,73),(1900,36,31457.8,74),(1901,36,31457.8,75),(1902,36,32657.8,76),(1903,36,32657.8,77),(1904,36,32643.6,78),(1905,36,32643.6,79),(1906,36,32523.6,80),(1907,36,32523.6,81),(1908,36,32423.6,82),(1909,36,32423.6,83),(1910,36,32073.6,84),(1911,36,32073.6,85),(1912,36,32027.7,86),(1913,36,32027.7,87),(1914,36,31807.7,88),(1915,36,31807.7,89),(1916,36,31782.7,90),(1917,36,31782.7,91),(1918,36,31670.1,92),(1919,36,32870.1,93),(1920,37,10000,1),(1921,37,10000,2),(1922,37,10000,3),(1923,37,10000,4),(1924,37,10200,5),(1925,37,10200,6),(1926,37,10200,7),(1927,37,10200,8),(1928,37,10200,9),(1929,37,10200,10),(1930,37,10200,11),(1931,37,10200,12),(1932,37,10200,13),(1933,37,10200,14),(1934,37,10200,15),(1935,37,10200,16),(1936,37,10200,17),(1937,37,10200,18),(1938,37,10200,19),(1939,37,10200,20),(1940,37,10200,21),(1941,37,10200,22),(1942,37,10200,23),(1943,37,10200,24),(1944,37,10200,25),(1945,37,10200,26),(1946,37,10200,27),(1947,37,10200,28),(1948,37,10200,29),(1949,37,10200,30),(1950,37,10200,31),(1951,37,10200,32),(1952,37,10200,33),(1953,37,10400,34),(1954,37,10400,35),(1955,37,10400,36),(1956,37,10400,37),(1957,37,10400,38),(1958,37,10400,39),(1959,37,10400,40),(1960,37,10400,41),(1961,37,10400,42),(1962,37,10400,43),(1963,37,10400,44),(1964,37,10400,45),(1965,37,10400,46),(1966,37,10400,47),(1967,37,10400,48),(1968,37,10400,49),(1969,37,10400,50),(1970,37,10400,51),(1971,37,10400,52),(1972,37,10400,53),(1973,37,10400,54),(1974,37,10400,55),(1975,37,10400,56),(1976,37,10400,57),(1977,37,10400,58),(1978,37,10400,59),(1979,37,10400,60),(1980,37,10400,61),(1981,37,10400,62),(1982,37,10400,63),(1983,37,10600,64),(1984,37,10600,65),(1985,37,10600,66),(1986,37,10600,67),(1987,37,10600,68),(1988,37,10600,69),(1989,37,10600,70),(1990,37,10600,71),(1991,37,10600,72),(1992,37,10600,73),(1993,37,10600,74),(1994,37,10600,75),(1995,37,10600,76),(1996,37,10600,77),(1997,37,10600,78),(1998,37,10600,79),(1999,37,10600,80),(2000,37,10600,81),(2001,37,10600,82),(2002,37,10600,83),(2003,37,10600,84),(2004,37,10600,85),(2005,37,10600,86),(2006,37,10600,87),(2007,37,10600,88),(2008,37,10600,89),(2009,37,10600,90),(2010,37,10600,91),(2011,37,10600,92),(2012,37,10600,93),(2013,38,215000,1),(2014,38,204880,2),(2015,38,204530,3),(2016,38,155530,4),(2017,38,155454,5),(2018,38,153004,6),(2019,38,152704,7),(2020,38,152688,8),(2021,38,167388,9),(2022,38,167328,10),(2023,38,167078,11),(2024,38,166868,12),(2025,38,165868,13),(2026,38,165518,14),(2027,38,165398,15),(2028,38,172898,16),(2029,38,172813,17),(2030,38,172163,18),(2031,38,167163,19),(2032,38,167083,20),(2033,38,166683,21),(2034,38,151683,22),(2035,38,151653,23),(2036,38,151403,24),(2037,38,151223,25),(2038,38,151027,26),(2039,38,150527,27),(2040,38,150277,28),(2041,38,165277,29),(2042,38,165177,30),(2043,38,164877,31),(2044,38,154877,32),(2045,38,154747,33),(2046,38,154587,34),(2047,38,156087,35),(2048,38,101087,36),(2049,38,101009,37),(2050,38,100529,38),(2051,38,98478.5,39),(2052,38,98158.5,40),(2053,38,98140.5,41),(2054,38,97820.5,42),(2055,38,113321,43),(2056,38,113256,44),(2057,38,112996,45),(2058,38,112775,46),(2059,38,111725,47),(2060,38,111365,48),(2061,38,111240,49),(2062,38,118940,50),(2063,38,118850,51),(2064,38,118180,52),(2065,38,112980,53),(2066,38,112898,54),(2067,38,112478,55),(2068,38,96978,56),(2069,38,96943,57),(2070,38,96683,58),(2071,38,96493,59),(2072,38,96292.1,60),(2073,38,95742.1,61),(2074,38,95422.1,62),(2075,38,95281.5,63),(2076,38,95111.5,64),(2077,38,97111.5,65),(2078,38,37111.6,66),(2079,38,37030.4,67),(2080,38,36520.4,68),(2081,38,34420.4,69),(2082,38,34080.4,70),(2083,38,34060.2,71),(2084,38,33720.2,72),(2085,38,49720.2,73),(2086,38,49650.2,74),(2087,38,49380.2,75),(2088,38,49149.5,76),(2089,38,48049.5,77),(2090,38,47679.5,78),(2091,38,47549.5,79),(2092,38,55449.5,80),(2093,38,55354.5,81),(2094,38,54664.5,82),(2095,38,49264.5,83),(2096,38,49180.5,84),(2097,38,48740.5,85),(2098,38,32740.5,86),(2099,38,32700.5,87),(2100,38,32430.5,88),(2101,38,32230.5,89),(2102,38,32024.6,90),(2103,38,31444.6,91),(2104,38,31104.6,92),(2105,38,21104.6,93),(2106,39,85000,1),(2107,39,74984.2,2),(2108,39,74514.2,3),(2109,39,71014.2,4),(2110,39,70764.2,5),(2111,39,70608.8,6),(2112,39,70108.8,7),(2113,39,70028.8,8),(2114,39,85028.8,9),(2115,39,84983.8,10),(2116,39,82483.8,11),(2117,39,82303.8,12),(2118,39,77303.8,13),(2119,39,77273.8,14),(2120,39,77023.8,15),(2121,39,76903.8,16),(2122,39,73903.8,17),(2123,39,73853.8,18),(2124,39,63853.8,19),(2125,39,63778.8,20),(2126,39,61778.8,21),(2127,39,61528.8,22),(2128,39,60028.8,23),(2129,39,60008.8,24),(2130,39,65008.8,25),(2131,39,64898.8,26),(2132,39,64838.8,27),(2133,39,57338.8,28),(2134,39,57323.8,29),(2135,39,57193.8,30),(2136,39,57108.8,31),(2137,39,47108.8,32),(2138,39,47068.8,33),(2139,39,45568.8,34),(2140,39,43568.8,35),(2141,39,43268.8,36),(2142,39,43203.8,37),(2143,39,43103.8,38),(2144,39,42553.8,39),(2145,39,42463.8,40),(2146,39,62463.8,41),(2147,39,62413.8,42),(2148,39,59813.8,43),(2149,39,59623.8,44),(2150,39,54123.8,45),(2151,39,54088.8,46),(2152,39,53828.8,47),(2153,39,53698.8,48),(2154,39,50498.8,49),(2155,39,50443.8,50),(2156,39,39943.8,51),(2157,39,39863.8,52),(2158,39,37763.8,53),(2159,39,37503.8,54),(2160,39,35953.8,55),(2161,39,35928.8,56),(2162,39,41128.8,57),(2163,39,41013.8,58),(2164,39,40948.8,59),(2165,39,33148.8,60),(2166,39,33130.8,61),(2167,39,32995.8,62),(2168,39,32907.8,63),(2169,39,22707.8,64),(2170,39,22662.8,65),(2171,39,21112.8,66),(2172,39,19062.8,67),(2173,39,18742.8,68),(2174,39,18672.8,69),(2175,39,18567.8,70),(2176,39,17997.8,71),(2177,39,17902.8,72),(2178,39,38402.8,73),(2179,39,38347.8,74),(2180,39,35647.8,75),(2181,39,35447.8,76),(2182,39,29847.8,77),(2183,39,29807.8,78),(2184,39,29537.8,79),(2185,39,29402.8,80),(2186,39,26002.8,81),(2187,39,25942.8,82),(2188,39,14942.8,83),(2189,39,14857.8,84),(2190,39,12657.8,85),(2191,39,12382.8,86),(2192,39,10782.8,87),(2193,39,10754.8,88),(2194,39,16154.8,89),(2195,39,16034.8,90),(2196,39,15964.8,91),(2197,39,7964.75,92),(2198,39,7824.75,93),(2199,40,56000,1),(2200,40,55879.6,2),(2201,40,55879.6,3),(2202,40,55679.6,4),(2203,40,55679.6,5),(2204,40,55643.6,6),(2205,40,55643.6,7),(2206,40,55643.6,8),(2207,40,55553.6,9),(2208,40,55553.6,10),(2209,40,55553.6,11),(2210,40,55373.6,12),(2211,40,55373.6,13),(2212,40,55373.6,14),(2213,40,55357.9,15),(2214,40,55357.9,16),(2215,40,55357.9,17),(2216,40,54857.9,18),(2217,40,54857.9,19),(2218,40,54857.9,20),(2219,40,54647.9,21),(2220,40,54647.9,22),(2221,40,54647.9,23),(2222,40,54597.9,24),(2223,40,54597.9,25),(2224,40,54597.9,26),(2225,40,54417.9,27),(2226,40,54417.9,28),(2227,40,54417.9,29),(2228,40,52417.9,30),(2229,40,52417.9,31),(2230,40,52417.9,32),(2231,40,52287.4,33),(2232,40,52287.4,34),(2233,40,52287.4,35),(2234,40,52187.4,36),(2235,40,52187.4,37),(2236,40,52187.4,38),(2237,40,52151.4,39),(2238,40,52151.4,40),(2239,40,52151.4,41),(2240,40,52135.7,42),(2241,40,52135.7,43),(2242,40,52135.7,44),(2243,40,51635.7,45),(2244,40,51635.7,46),(2245,40,51635.7,47),(2246,40,51425.7,48),(2247,40,51425.7,49),(2248,40,51425.7,50),(2249,40,51375.7,51),(2250,40,51375.7,52),(2251,40,51375.7,53),(2252,40,51195.7,54),(2253,40,51195.7,55),(2254,40,51195.7,56),(2255,40,49195.7,57),(2256,40,49195.7,58),(2257,40,49195.7,59),(2258,40,49065.2,60),(2259,40,49065.2,61),(2260,40,49065.2,62),(2261,40,48965.2,63),(2262,40,48965.2,64),(2263,40,48965.2,65),(2264,40,48929.2,66),(2265,40,48929.2,67),(2266,40,48929.2,68),(2267,40,48913.5,69),(2268,40,48913.5,70),(2269,40,48913.5,71),(2270,40,48413.5,72),(2271,40,48413.5,73),(2272,40,48413.5,74),(2273,40,48203.5,75),(2274,40,48203.5,76),(2275,40,48203.5,77),(2276,40,48153.5,78),(2277,40,48153.5,79),(2278,40,48153.5,80),(2279,40,47973.5,81),(2280,40,47973.5,82),(2281,40,47973.5,83),(2282,40,45973.5,84),(2283,40,45973.5,85),(2284,40,45973.5,86),(2285,40,45843,87),(2286,40,45843,88),(2287,40,45843,89),(2288,40,45743,90),(2289,40,45743,91),(2290,40,45743,92),(2291,40,45707,93),(2292,41,15000,1),(2293,41,15000,2),(2294,41,13500,3),(2295,41,113500,4),(2296,41,113500,5),(2297,41,113500,6),(2298,41,113350,7),(2299,41,113350,8),(2300,41,113350,9),(2301,41,111350,10),(2302,41,111350,11),(2303,41,111350,12),(2304,41,111285,13),(2305,41,111285,14),(2306,41,111285,15),(2307,41,108285,16),(2308,41,108285,17),(2309,41,108285,18),(2310,41,123285,19),(2311,41,123285,20),(2312,41,123285,21),(2313,41,208285,22),(2314,41,208285,23),(2315,41,208285,24),(2316,41,208210,25),(2317,41,208210,26),(2318,41,208210,27),(2319,41,205710,28),(2320,41,205710,29),(2321,41,205710,30),(2322,41,205390,31),(2323,41,205390,32),(2324,41,205390,33),(2325,41,230390,34),(2326,41,230390,35),(2327,41,230390,36),(2328,41,225390,37),(2329,41,225390,38),(2330,41,225390,39),(2331,41,225240,40),(2332,41,225240,41),(2333,41,225240,42),(2334,41,222240,43),(2335,41,222240,44),(2336,41,222240,45),(2337,41,237240,46),(2338,41,237240,47),(2339,41,237240,48),(2340,41,322240,49),(2341,41,322240,50),(2342,41,322240,51),(2343,41,322165,52),(2344,41,322165,53),(2345,41,322165,54),(2346,41,319665,55),(2347,41,319665,56),(2348,41,319665,57),(2349,41,319345,58),(2350,41,319345,59),(2351,41,319345,60),(2352,41,344345,61),(2353,41,344345,62),(2354,41,344345,63),(2355,41,339345,64),(2356,41,339345,65),(2357,41,339345,66),(2358,41,339195,67),(2359,41,339195,68),(2360,41,339195,69),(2361,41,336195,70),(2362,41,336195,71),(2363,41,336195,72),(2364,41,351195,73),(2365,41,351195,74),(2366,41,351195,75),(2367,41,436195,76),(2368,41,436195,77),(2369,41,436195,78),(2370,41,436120,79),(2371,41,436120,80),(2372,41,436120,81),(2373,41,433620,82),(2374,41,433620,83),(2375,41,433620,84),(2376,41,433300,85),(2377,41,433300,86),(2378,41,433300,87),(2379,41,458300,88),(2380,41,458300,89),(2381,41,458300,90),(2382,41,453300,91),(2383,41,453300,92),(2384,41,453300,93),(2385,42,199680,2),(2386,42,192180,3),(2387,42,192180,4),(2388,42,191730,5),(2389,42,191730,6),(2390,42,191730,7),(2391,42,189430,8),(2392,42,189430,9),(2393,42,189430,10),(2394,42,179430,11),(2395,42,179430,12),(2396,42,179430,13),(2397,42,179430,14),(2398,42,179430,15),(2399,42,179430,16),(2400,42,184210,17),(2401,42,184210,18),(2402,42,184210,19),(2403,42,181010,20),(2404,42,181010,21),(2405,42,181010,22),(2406,42,180510,23),(2407,42,180510,24),(2408,42,180510,25),(2409,42,188010,26),(2410,42,188010,27),(2411,42,188010,28),(2412,42,138010,29),(2413,42,138010,30),(2414,42,138010,31),(2415,42,128010,32),(2416,42,128010,33),(2417,42,128010,34),(2418,42,127760,35),(2419,42,127760,36),(2420,42,127760,37),(2421,42,127280,38),(2422,42,127280,39),(2423,42,127280,40),(2424,42,124980,41),(2425,42,124980,42),(2426,42,124980,43),(2427,42,124759,44),(2428,42,124759,45),(2429,42,124759,46),(2430,42,121559,47),(2431,42,121559,48),(2432,42,121559,49),(2433,42,121059,50),(2434,42,121059,51),(2435,42,121059,52),(2436,42,128559,53),(2437,42,128559,54),(2438,42,128559,55),(2439,42,78559,56),(2440,42,78559,57),(2441,42,78559,58),(2442,42,68559,59),(2443,42,68559,60),(2444,42,68559,61),(2445,42,68309,62),(2446,42,68309,63),(2447,42,68309,64),(2448,42,67829,65),(2449,42,67829,66),(2450,42,67829,67),(2451,42,65529,68),(2452,42,65529,69),(2453,42,65529,70),(2454,42,65308.5,71),(2455,42,65308.5,72),(2456,42,65308.5,73),(2457,42,62108.5,74),(2458,42,62108.5,75),(2459,42,62108.5,76),(2460,42,61608.5,77),(2461,42,61608.5,78),(2462,42,61608.5,79),(2463,42,69108.5,80),(2464,42,69108.5,81),(2465,42,69108.5,82),(2466,42,19108.5,83),(2467,42,19108.5,84),(2468,42,19108.5,85),(2469,42,9108.5,86),(2470,42,9108.5,87),(2471,42,9108.5,88),(2472,42,8858.5,89),(2473,42,8858.5,90),(2474,42,8858.5,91),(2475,42,8378.5,92),(2476,42,8378.5,93);
/*!40000 ALTER TABLE `balance` ENABLE KEYS */;
UNLOCK TABLES;

--
-- Table structure for table `banker`
--

DROP TABLE IF EXISTS `banker`;
/*!40101 SET @saved_cs_client     = @@character_set_client */;
/*!50503 SET character_set_client = utf8mb4 */;
CREATE TABLE `banker` (
  `ID` int NOT NULL,
  `Name` varchar(128) NOT NULL,
  `FirstName` varchar(128) NOT NULL,
  `LastName` varchar(128) NOT NULL,
  `Start_Dt` date NOT NULL,
  `End_Dt` date NOT NULL,
  `Is_Current` int NOT NULL,
  PRIMARY KEY (`ID`)
) ENGINE=InnoDB DEFAULT CHARSET=utf8mb4 COLLATE=utf8mb4_unicode_520_ci;
/*!40101 SET character_set_client = @saved_cs_client */;

--
-- Dumping data for table `banker`
--

LOCK TABLES `banker` WRITE;
/*!40000 ALTER TABLE `banker` DISABLE KEYS */;
INSERT INTO `banker` VALUES (1,'Roger Doger Doger','Roger Doger','Doger','2022-09-15','2099-12-31',1),(2,'Tasha Strangelove','Tasha','Strangelove','2022-09-15','2099-12-31',1),(3,'Luke Labrodor','Luke','Labrodor','2022-09-15','2099-12-31',1),(4,'Valerie Stargazer','Valerie','Stargazer','2022-09-15','2099-12-31',1),(5,'Titus Kettlewell','Titus','Kettlewell','2022-09-15','2099-12-31',1),(6,'Ryun Gosnell','Ryun','Gosnell','2022-09-15','2099-12-31',1),(7,'Trevar Whitta','Trevar','Whitta','2022-09-15','2099-12-31',1),(8,'Cam Nettle','Cam','Nettle','2022-09-15','2099-12-31',1),(9,'Cherrita Booker','Cherrita','Booker','2022-09-15','2099-12-31',1),(10,'Lincoln Droghan','Lincoln','Droghan','2022-09-15','2099-12-31',1),(11,'Isaiah Feveryear','Isaiah','Feveryear','2022-09-15','2099-12-31',1),(12,'Rena Brabbins','Rena','Brabbins','2022-09-15','2099-12-31',1),(13,'Lurette Shearn','Lurette','Shearn','2022-09-15','2099-12-31',1),(14,'Emile Keasley','Emile','Keasley','2022-09-15','2099-12-31',1),(15,'Horace Humblestone','Horace','Humblestone','2022-09-15','2099-12-31',1),(16,'Halli Ekkel','Halli','Ekkel','2022-09-15','2099-12-31',1),(17,'Ham Tracy','Ham','Tracy','2022-09-15','2099-12-31',1),(18,'Darlleen Dewen','Darlleen','Dewen','2022-09-15','2099-12-31',1),(19,'Coleman Werlock','Coleman','Werlock','2022-09-15','2099-12-31',1),(20,'Roman Hiom','Roman','Hiom','2022-09-15','2099-12-31',1),(21,'Cori Tonbye','Cori','Tonbye','2022-09-15','2099-12-31',1),(22,'Elsie Ramalhete','Elsie','Ramalhete','2022-09-15','2099-12-31',1),(23,'Fleur Loding','Fleur','Loding','2022-09-15','2099-12-31',1),(24,'Madelaine Meddemmen','Madelaine','Meddemmen','2022-09-15','2099-12-31',1),(25,'Gerrard Haysman','Gerrard','Haysman','2022-09-15','2099-12-31',1),(26,'Adolphe Murdoch','Adolphe','Murdoch','2022-09-15','2099-12-31',1),(27,'Pieter Clausius','Pieter','Clausius','2022-09-15','2099-12-31',1),(28,'Amabelle Beccera','Amabelle','Beccera','2022-09-15','2099-12-31',1),(29,'Adella Padgham','Adella','Padgham','2022-09-15','2099-12-31',1),(30,'Urban Rimes','Urban','Rimes','2022-09-15','2099-12-31',1),(31,'Kettie Gilardengo','Kettie','Gilardengo','2022-09-15','2099-12-31',1),(32,'Amelina Batrop','Amelina','Batrop','2022-09-15','2099-12-31',1),(33,'Rowena Pobjoy','Rowena','Pobjoy','2022-09-15','2099-12-31',1),(34,'Berton Mathevon','Berton','Mathevon','2022-09-15','2099-12-31',1),(35,'Hercules Shillinglaw','Hercules','Shillinglaw','2022-09-15','2099-12-31',1),(36,'Dreddy Keaysell','Dreddy','Keaysell','2022-09-15','2099-12-31',1),(37,'Rahel Inge','Rahel','Inge','2022-09-15','2099-12-31',1),(38,'Egon Hymer','Egon','Hymer','2022-09-15','2099-12-31',1),(39,'Sheff Facer','Sheff','Facer','2022-09-15','2099-12-31',1),(40,'Donielle Warcup','Donielle','Warcup','2022-09-15','2099-12-31',1),(41,'Sonni Minall','Sonni','Minall','2022-09-15','2099-12-31',1),(42,'Tallou Fosberry','Tallou','Fosberry','2022-09-15','2099-12-31',1),(43,'Milena Learned','Milena','Learned','2022-09-15','2099-12-31',1),(44,'Vick Raden','Vick','Raden','2022-09-15','2099-12-31',1),(45,'Drake Vanlint','Drake','Vanlint','2022-09-15','2099-12-31',1),(46,'Carrissa Keay','Carrissa','Keay','2022-09-15','2099-12-31',1),(47,'Rayna Aires','Rayna','Aires','2022-09-15','2099-12-31',1),(48,'Sherwynd Tongs','Sherwynd','Tongs','2022-09-15','2099-12-31',1),(49,'Lizzy Radcliffe','Lizzy','Radcliffe','2022-09-15','2099-12-31',1),(50,'Enos Curnick','Enos','Curnick','2022-09-15','2099-12-31',1),(51,'Edythe Fossitt','Edythe','Fossitt','2022-09-15','2099-12-31',1),(52,'Ignacio Bleesing','Ignacio','Bleesing','2022-09-15','2099-12-31',1),(53,'Jazmin Shepherdson','Jazmin','Shepherdson','2022-09-15','2099-12-31',1),(54,'Claiborne Domanek','Claiborne','Domanek','2022-09-15','2099-12-31',1),(55,'Artful Dodger','Artful','Dodger','2022-09-15','2099-12-31',1),(56,'Random Guess','Random','Guess','2022-09-15','2099-12-31',1);
/*!40000 ALTER TABLE `banker` ENABLE KEYS */;
UNLOCK TABLES;

--
-- Table structure for table `client`
--

DROP TABLE IF EXISTS `client`;
/*!40101 SET @saved_cs_client     = @@character_set_client */;
/*!50503 SET character_set_client = utf8mb4 */;
CREATE TABLE `client` (
  `ID` int NOT NULL,
  `Client_ID` int NOT NULL,
  `HH_ID` int NOT NULL,
  `Person_Org` varchar(128) NOT NULL,
  `Name` varchar(128) NOT NULL,
  `FirstName` varchar(128) DEFAULT NULL,
  `LastName` varchar(128) DEFAULT NULL,
  `NAICS_ID` int DEFAULT NULL,
  `SSN` varchar(128) DEFAULT NULL,
  `Address_ID` int NOT NULL,
  `Banker_ID` int NOT NULL,
  `Employer_ID` int NOT NULL,
  `Title` varchar(128) DEFAULT NULL,
  `New_Client_Dt` date NOT NULL,
  `Start_Dt` date NOT NULL,
  `End_Dt` date NOT NULL,
  `Is_Current` int NOT NULL,
  PRIMARY KEY (`ID`),
  KEY `Address_ID` (`Address_ID`),
  KEY `Banker_ID` (`Banker_ID`),
  KEY `HH_ID` (`HH_ID`),
  KEY `Employer_ID` (`Employer_ID`),
  KEY `NAICS_ID` (`NAICS_ID`),
  CONSTRAINT `client_ibfk_1` FOREIGN KEY (`Address_ID`) REFERENCES `address` (`ID`),
  CONSTRAINT `client_ibfk_2` FOREIGN KEY (`Banker_ID`) REFERENCES `banker` (`ID`),
  CONSTRAINT `client_ibfk_3` FOREIGN KEY (`HH_ID`) REFERENCES `hh` (`ID`),
  CONSTRAINT `client_ibfk_4` FOREIGN KEY (`Employer_ID`) REFERENCES `employer` (`ID`),
  CONSTRAINT `client_ibfk_5` FOREIGN KEY (`NAICS_ID`) REFERENCES `naics` (`ID`)
) ENGINE=InnoDB DEFAULT CHARSET=utf8mb4 COLLATE=utf8mb4_unicode_520_ci;
/*!40101 SET character_set_client = @saved_cs_client */;

--
-- Dumping data for table `client`
--

LOCK TABLES `client` WRITE;
/*!40000 ALTER TABLE `client` DISABLE KEYS */;
INSERT INTO `client` VALUES (1,1,1,'Person','Angelica James','Angelica','James',76,'339-34-9513',1,4,1,NULL,'2022-09-15','2022-09-15','2099-12-31',1),(2,2,1,'Person','Henry James','Henry','James',76,'728-55-1135',1,4,2,NULL,'2022-09-15','2022-09-15','2099-12-31',1),(3,3,2,'Org','Stevens Valley School',NULL,NULL,58,'858-71-0548',2,1,1,NULL,'1985-06-15','1985-06-15','2099-12-31',1),(4,4,3,'Person','Mary Spock','Mary','Spock',76,'523-31-9046',3,3,1,NULL,'1999-05-04','1999-05-04','2099-12-31',1),(5,5,4,'Person','Nancy  Drew','Nancy ','Drew',76,'878-96-6649',4,2,1,NULL,'2023-08-06','2023-08-06','2099-12-31',1),(6,6,5,'Person','Alvin Hardy','Alvin','Hardy',76,'539-92-3952',5,2,1,NULL,'2021-02-09','2021-02-09','2099-12-31',1),(7,7,3,'Person','George Spock','George','Spock',76,'639-33-4741',3,3,3,NULL,'1999-05-04','1999-05-04','2099-12-31',1),(8,8,6,'Person','Billy Kirk','Billy','Kirk',76,'177-98-7677',6,4,2,NULL,'2005-04-21','2005-04-21','2099-12-31',1),(9,9,7,'Person','Mary Spock','Mary','Spock',76,'860-22-9850',9,1,4,NULL,'2005-04-21','2005-04-21','2099-12-31',1),(10,10,68,'Org','Macejkovic and Sons',NULL,NULL,68,'594-80-8981',191,29,25,NULL,'2014-08-31','2014-08-31','2099-12-31',1),(11,11,99,'Org','Douglas-Wiegand',NULL,NULL,76,'191-13-9771',79,1,23,NULL,'2022-04-21','2022-04-21','2099-12-31',1),(12,12,143,'Org','Jacobs-Durgan',NULL,NULL,76,'596-84-2052',67,17,52,NULL,'1998-07-29','1998-07-29','2099-12-31',1),(13,13,45,'Org','Wisozk Inc',NULL,NULL,76,'209-82-3611',176,5,34,NULL,'1991-07-09','1991-07-09','2099-12-31',1),(14,14,64,'Org','Shields-Spinka',NULL,NULL,76,'726-47-0830',32,46,20,NULL,'2000-12-25','2000-12-25','2099-12-31',1),(15,15,124,'Org','Barton-Carter',NULL,NULL,124,'148-32-3948',43,12,48,NULL,'2007-06-05','2007-06-05','2099-12-31',1),(16,16,1,'Org','Dare-Erdman',NULL,NULL,76,'780-77-8369',144,44,2,NULL,'1994-08-16','1994-08-16','2099-12-31',1),(17,17,24,'Org','Auer Inc',NULL,NULL,24,'896-78-3977',29,53,26,NULL,'1993-06-19','1993-06-19','2099-12-31',1),(18,18,91,'Org','Nitzsche Inc',NULL,NULL,76,'308-69-7928',171,36,41,NULL,'1998-12-11','1998-12-11','2099-12-31',1),(19,19,145,'Org','Wisozk, Prosacco and VonRueden',NULL,NULL,76,'877-05-9103',200,41,40,NULL,'2009-06-28','2009-06-28','2099-12-31',1),(20,20,65,'Org','Towne, Hermann and Bernier',NULL,NULL,76,'627-28-3158',27,43,10,NULL,'2019-12-01','2019-12-01','2099-12-31',1),(21,21,76,'Org','Reynolds-Wisozk',NULL,NULL,76,'103-75-4753',110,10,54,NULL,'2007-01-17','2007-01-17','2099-12-31',1),(22,22,40,'Org','Larson, Sanford and Durgan',NULL,NULL,40,'178-27-4363',102,49,23,NULL,'2008-06-03','2008-06-03','2099-12-31',1),(23,23,132,'Org','Osinski and Sons',NULL,NULL,132,'814-96-2111',64,13,25,NULL,'2020-03-09','2020-03-09','2099-12-31',1),(24,24,116,'Org','Hills-Bahringer',NULL,NULL,76,'477-65-3032',62,36,8,NULL,'2022-05-27','2022-05-27','2099-12-31',1),(25,25,108,'Org','Kilback-Cartwright',NULL,NULL,108,'837-75-4077',102,31,3,NULL,'2012-11-29','2012-11-29','2099-12-31',1),(26,26,50,'Org','Jacobi-Smith',NULL,NULL,76,'673-97-4054',165,38,48,NULL,'2001-09-05','2001-09-05','2099-12-31',1),(27,27,146,'Org','Harris-Boehm',NULL,NULL,76,'860-12-3652',137,16,43,NULL,'2021-08-12','2021-08-12','2099-12-31',1),(28,28,140,'Org','Ziemann Inc',NULL,NULL,140,'578-96-9190',209,14,16,NULL,'1991-05-22','1991-05-22','2099-12-31',1),(29,29,35,'Org','Willms LLC',NULL,NULL,35,'506-60-3086',57,26,6,NULL,'2021-12-30','2021-12-30','2099-12-31',1),(30,30,94,'Org','Spencer and Sons',NULL,NULL,94,'388-01-4219',82,27,38,NULL,'2007-02-16','2007-02-16','2099-12-31',1),(31,31,116,'Org','McDermott Group',NULL,NULL,76,'394-09-3015',115,19,16,NULL,'2001-10-10','2001-10-10','2099-12-31',1),(32,32,88,'Org','Bode and Sons',NULL,NULL,88,'509-99-3976',126,25,21,NULL,'2011-07-04','2011-07-04','2099-12-31',1),(33,33,3,'Org','Murray and Sons',NULL,NULL,76,'884-94-4137',168,8,54,NULL,'2000-05-21','2000-05-21','2099-12-31',1),(34,34,39,'Org','Wilderman LLC',NULL,NULL,39,'277-32-0412',156,9,54,NULL,'1990-12-12','1990-12-12','2099-12-31',1),(35,35,106,'Org','Predovic, Little and McGlynn',NULL,NULL,106,'285-93-3035',88,33,16,NULL,'2021-07-28','2021-07-28','2099-12-31',1),(36,36,83,'Org','Carter-Reilly',NULL,NULL,76,'594-56-8814',59,4,21,NULL,'2019-08-27','2019-08-27','2099-12-31',1),(37,37,101,'Org','Block Group',NULL,NULL,76,'627-56-7561',107,34,39,NULL,'2007-08-11','2007-08-11','2099-12-31',1),(38,38,123,'Org','Stanton, Cole and Auer',NULL,NULL,76,'889-66-2483',100,40,9,NULL,'2011-03-29','2011-03-29','2099-12-31',1),(39,39,97,'Org','Hudson-Ebert',NULL,NULL,76,'581-68-2329',40,52,31,NULL,'2008-03-11','2008-03-11','2099-12-31',1),(40,40,31,'Org','Cartwright-Hahn',NULL,NULL,76,'529-54-1813',170,54,3,NULL,'2012-03-11','2012-03-11','2099-12-31',1),(41,41,55,'Org','Carter, Monahan and Nienow',NULL,NULL,55,'588-62-9884',131,32,48,NULL,'2005-04-20','2005-04-20','2099-12-31',1),(42,42,44,'Org','Hoeger-Barton',NULL,NULL,44,'689-56-8244',205,20,18,NULL,'2013-08-07','2013-08-07','2099-12-31',1),(43,43,140,'Org','Kuvalis LLC',NULL,NULL,140,'762-41-0020',62,20,44,NULL,'2007-12-11','2007-12-11','2099-12-31',1),(44,44,123,'Org','Legros, Flatley and Jast',NULL,NULL,76,'357-23-6366',95,25,4,NULL,'2022-01-22','2022-01-22','2099-12-31',1),(45,45,72,'Org','Champlin-Gerhold',NULL,NULL,76,'611-35-7018',52,47,50,NULL,'2008-08-26','2008-08-26','2099-12-31',1),(46,46,12,'Org','O\'Connell Inc',NULL,NULL,12,'485-78-2309',111,6,26,NULL,'2002-10-29','2002-10-29','2099-12-31',1),(47,47,30,'Org','Thompson, Marks and Heidenreich',NULL,NULL,30,'271-88-6948',121,15,14,NULL,'1996-05-10','1996-05-10','2099-12-31',1),(48,48,68,'Org','Feeney Inc',NULL,NULL,68,'752-20-0252',110,20,39,NULL,'2011-11-05','2011-11-05','2099-12-31',1),(49,49,32,'Org','Cassin, Quigley and Gulgowski',NULL,NULL,76,'493-80-1613',161,36,53,NULL,'2011-01-25','2011-01-25','2099-12-31',1),(50,50,70,'Org','Swift LLC',NULL,NULL,76,'269-41-2815',175,32,39,NULL,'1999-07-24','1999-07-24','2099-12-31',1),(51,51,56,'Org','Anderson-Leannon',NULL,NULL,76,'750-80-9554',72,47,22,NULL,'1996-05-12','1996-05-12','2099-12-31',1),(52,52,135,'Org','Kunde, Dibbert and Haley',NULL,NULL,135,'104-91-8508',79,40,37,NULL,'1995-06-05','1995-06-05','2099-12-31',1),(53,53,141,'Org','Herzog-Hirthe',NULL,NULL,76,'297-69-0459',64,16,33,NULL,'2004-08-25','2004-08-25','2099-12-31',1),(54,54,124,'Org','Mertz Inc',NULL,NULL,124,'163-75-6353',205,25,21,NULL,'2007-10-04','2007-10-04','2099-12-31',1),(55,55,115,'Org','Wisozk Group',NULL,NULL,115,'253-67-3550',210,24,32,NULL,'2003-01-29','2003-01-29','2099-12-31',1),(56,56,40,'Org','Carter-Tremblay',NULL,NULL,40,'615-50-9140',139,45,4,NULL,'2014-05-08','2014-05-08','2099-12-31',1),(57,57,92,'Org','Bruen, Hayes and Langworth',NULL,NULL,76,'710-15-8899',143,18,29,NULL,'2020-02-21','2020-02-21','2099-12-31',1),(58,58,16,'Org','Crist-Cormier',NULL,NULL,76,'323-81-7097',63,11,54,NULL,'2001-12-07','2001-12-07','2099-12-31',1),(59,59,136,'Org','Moen, McDermott and Hansen',NULL,NULL,136,'407-95-5932',115,23,5,NULL,'2000-03-28','2000-03-28','2099-12-31',1),(60,60,104,'Person','Manda Fouracres','Manda','Fouracres',76,'441-29-0875',65,3,33,NULL,'2019-03-09','2019-03-09','2099-12-31',1),(61,61,9,'Person','Harley Boyall','Harley','Boyall',76,'706-04-0341',198,44,50,NULL,'2021-11-11','2021-11-11','2099-12-31',1),(62,62,91,'Person','Cherlyn Everist','Cherlyn','Everist',76,'661-11-5447',36,44,33,NULL,'2010-07-12','2010-07-12','2099-12-31',1),(63,63,91,'Person','Tiena Blumer','Tiena','Blumer',76,'729-21-8104',131,37,22,NULL,'2003-02-01','2003-02-01','2099-12-31',1),(64,64,69,'Person','Lyndsie Canter','Lyndsie','Canter',76,'569-98-1486',114,29,50,NULL,'2013-06-01','2013-06-01','2099-12-31',1),(65,65,82,'Person','Israel O\'Day','Israel','O\'Day',76,'787-54-5378',205,9,4,NULL,'2015-03-21','2015-03-21','2099-12-31',1),(66,66,49,'Person','Stanford Kinzett','Stanford','Kinzett',76,'683-65-5749',156,54,6,NULL,'2017-02-02','2017-02-02','2099-12-31',1),(67,67,110,'Person','Netty Beatson','Netty','Beatson',76,'371-11-7450',40,19,4,NULL,'2015-07-18','2015-07-18','2099-12-31',1),(68,68,2,'Person','Keefer Doorly','Keefer','Doorly',76,'822-24-6242',169,50,28,NULL,'2001-02-09','2001-02-09','2099-12-31',1),(69,69,65,'Person','Sebastian Lippiett','Sebastian','Lippiett',76,'493-63-3413',31,8,15,NULL,'2014-10-16','2014-10-16','2099-12-31',1),(70,70,73,'Person','Jase Schreiner','Jase','Schreiner',76,'522-68-1551',182,49,28,NULL,'2001-04-15','2001-04-15','2099-12-31',1),(71,71,16,'Person','Lita Insoll','Lita','Insoll',76,'384-84-3618',158,45,43,NULL,'2007-05-10','2007-05-10','2099-12-31',1),(72,72,53,'Person','Phillip Doman','Phillip','Doman',76,'830-83-0266',51,30,1,NULL,'2002-07-21','2002-07-21','2099-12-31',1),(73,73,123,'Person','Vite Abrahim','Vite','Abrahim',76,'557-22-1448',208,22,5,NULL,'2008-04-29','2008-04-29','2099-12-31',1),(74,74,120,'Person','Inigo Labbet','Inigo','Labbet',76,'566-79-3545',14,34,38,NULL,'2016-09-14','2016-09-14','2099-12-31',1),(75,75,89,'Person','Zsazsa Norker','Zsazsa','Norker',76,'579-54-4663',135,26,47,NULL,'2002-08-05','2002-08-05','2099-12-31',1),(76,76,99,'Person','Kimbell Mowat','Kimbell','Mowat',76,'405-05-8608',127,49,48,NULL,'2009-09-24','2009-09-24','2099-12-31',1),(77,77,22,'Person','Aurilia Curneen','Aurilia','Curneen',76,'866-81-2164',140,30,52,NULL,'2010-12-28','2010-12-28','2099-12-31',1),(78,78,146,'Person','Ollie Lenglet','Ollie','Lenglet',76,'828-82-6591',16,40,37,NULL,'2021-01-15','2021-01-15','2099-12-31',1),(79,79,128,'Person','Tully Alvarado','Tully','Alvarado',76,'579-51-4702',51,35,32,NULL,'2014-07-23','2014-07-23','2099-12-31',1),(80,80,42,'Person','Beth Lahive','Beth','Lahive',76,'507-56-5796',98,26,50,NULL,'2010-03-24','2010-03-24','2099-12-31',1),(81,81,134,'Person','Grier Krzysztofiak','Grier','Krzysztofiak',76,'680-47-0478',63,13,39,NULL,'2015-10-05','2015-10-05','2099-12-31',1),(82,82,21,'Person','Timothea Jordeson','Timothea','Jordeson',76,'728-11-6710',20,27,12,NULL,'2011-11-19','2011-11-19','2099-12-31',1),(83,83,26,'Person','Shelly Siddon','Shelly','Siddon',76,'704-94-5917',107,52,34,NULL,'2001-06-14','2001-06-14','2099-12-31',1),(84,84,23,'Person','Louisa McGlynn','Louisa','McGlynn',76,'462-43-8390',179,30,21,NULL,'2009-08-13','2009-08-13','2099-12-31',1),(85,85,129,'Person','Rafaelita Goulter','Rafaelita','Goulter',76,'513-53-8384',124,37,9,NULL,'2007-07-01','2007-07-01','2099-12-31',1),(86,86,13,'Person','Teddy Tooley','Teddy','Tooley',76,'867-67-4141',27,36,23,NULL,'2020-05-10','2020-05-10','2099-12-31',1),(87,87,70,'Person','Laurice Brazier','Laurice','Brazier',76,'294-99-3461',114,24,53,NULL,'2003-04-22','2003-04-22','2099-12-31',1),(88,88,60,'Person','Beau Cristofari','Beau','Cristofari',76,'802-86-2142',148,18,25,NULL,'2004-09-21','2004-09-21','2099-12-31',1),(89,89,127,'Person','Arnuad Glyssanne','Arnuad','Glyssanne',76,'787-10-3295',86,18,24,NULL,'2011-09-17','2011-09-17','2099-12-31',1),(90,90,147,'Person','Fayre Alekhov','Fayre','Alekhov',76,'504-55-4822',149,20,13,NULL,'2005-02-20','2005-02-20','2099-12-31',1),(91,91,100,'Person','Weber Doyley','Weber','Doyley',76,'481-91-2429',141,5,38,NULL,'2017-09-19','2017-09-19','2099-12-31',1),(92,92,113,'Person','Jsandye Urry','Jsandye','Urry',76,'321-10-2613',31,53,18,NULL,'2000-12-12','2000-12-12','2099-12-31',1),(93,93,105,'Person','Margret Crummey','Margret','Crummey',76,'689-54-3750',2,52,19,NULL,'2019-04-26','2019-04-26','2099-12-31',1),(94,94,37,'Person','Coraline Larter','Coraline','Larter',76,'158-78-0338',111,21,37,NULL,'2021-11-28','2021-11-28','2099-12-31',1),(95,95,22,'Person','Val Reinhart','Val','Reinhart',76,'172-87-6464',102,39,40,NULL,'2020-05-08','2020-05-08','2099-12-31',1),(96,96,121,'Person','Redford Torra','Redford','Torra',76,'558-47-2111',106,29,50,NULL,'2003-03-01','2003-03-01','2099-12-31',1),(97,97,144,'Person','Lacey Tremellan','Lacey','Tremellan',76,'119-82-1252',115,48,33,NULL,'2014-12-27','2014-12-27','2099-12-31',1),(98,98,127,'Person','Florrie Kibbe','Florrie','Kibbe',76,'810-80-2426',113,27,11,NULL,'2021-07-03','2021-07-03','2099-12-31',1),(99,99,41,'Person','Nealson Trumpeter','Nealson','Trumpeter',76,'230-65-0173',54,21,18,NULL,'2004-09-04','2004-09-04','2099-12-31',1),(100,100,18,'Person','Gibbie Shutle','Gibbie','Shutle',76,'566-94-3238',87,43,10,NULL,'2012-09-10','2012-09-10','2099-12-31',1),(101,101,85,'Person','Ashleigh Yegorovnin','Ashleigh','Yegorovnin',76,'795-72-1129',154,2,4,NULL,'2003-02-22','2003-02-22','2099-12-31',1),(102,102,64,'Person','Amabelle MacGaughy','Amabelle','MacGaughy',76,'193-94-6712',77,39,50,NULL,'2020-07-22','2020-07-22','2099-12-31',1),(103,103,125,'Person','Sandor Skinner','Sandor','Skinner',76,'245-03-7717',53,11,21,NULL,'2007-09-16','2007-09-16','2099-12-31',1),(104,104,25,'Person','Ivonne Morland','Ivonne','Morland',76,'498-47-0636',147,47,3,NULL,'2019-04-25','2019-04-25','2099-12-31',1),(105,105,52,'Person','Cesaro Starte','Cesaro','Starte',76,'430-58-5873',162,13,44,NULL,'2006-10-25','2006-10-25','2099-12-31',1),(106,106,133,'Person','Shepherd Hiley','Shepherd','Hiley',76,'473-68-3570',113,51,48,NULL,'2015-03-23','2015-03-23','2099-12-31',1),(107,107,134,'Person','Abbot Binch','Abbot','Binch',76,'310-45-4088',31,15,8,NULL,'2023-08-15','2023-08-15','2099-12-31',1),(108,108,140,'Person','Almeria Broschek','Almeria','Broschek',76,'256-91-9934',189,40,1,NULL,'2014-05-25','2014-05-25','2099-12-31',1),(109,109,117,'Person','Gerry Greber','Gerry','Greber',76,'709-73-9749',174,49,52,NULL,'2016-03-08','2016-03-08','2099-12-31',1),(110,110,22,'Person','Kare Stebbings','Kare','Stebbings',76,'392-81-2573',136,47,39,NULL,'2018-10-15','2018-10-15','2099-12-31',1),(111,111,10,'Person','Sukey Spoure','Sukey','Spoure',76,'278-93-7452',191,5,47,NULL,'2011-02-27','2011-02-27','2099-12-31',1),(112,112,13,'Person','Bobbette Mateiko','Bobbette','Mateiko',76,'895-14-6116',59,44,39,NULL,'2009-02-19','2009-02-19','2099-12-31',1),(113,113,29,'Person','Janenna McBoyle','Janenna','McBoyle',76,'120-95-2093',125,11,1,NULL,'2007-06-23','2007-06-23','2099-12-31',1),(114,114,51,'Person','Carlyle Haggar','Carlyle','Haggar',76,'479-61-7537',72,30,1,NULL,'2019-01-13','2019-01-13','2099-12-31',1),(115,115,138,'Person','Wynn Gino','Wynn','Gino',76,'833-13-3516',181,35,45,NULL,'2005-05-01','2005-05-01','2099-12-31',1),(116,116,80,'Person','Gisele Read','Gisele','Read',76,'467-57-2927',198,34,49,NULL,'2002-08-22','2002-08-22','2099-12-31',1),(117,117,86,'Person','Muhammad Abbotts','Muhammad','Abbotts',76,'537-78-0641',112,44,1,NULL,'2018-12-19','2018-12-19','2099-12-31',1),(118,118,79,'Person','Evangelia Suermeier','Evangelia','Suermeier',76,'239-08-4224',210,11,22,NULL,'2003-04-19','2003-04-19','2099-12-31',1),(119,119,84,'Person','Janette O\'Towey','Janette','O\'Towey',76,'599-33-6913',29,8,44,NULL,'2014-05-28','2014-05-28','2099-12-31',1),(120,120,59,'Person','Zonnya Povlsen','Zonnya','Povlsen',76,'510-72-0638',11,11,28,NULL,'2020-01-02','2020-01-02','2099-12-31',1),(121,121,52,'Person','Mara Scroyton','Mara','Scroyton',76,'372-95-2831',162,11,49,NULL,'2002-10-07','2002-10-07','2099-12-31',1),(122,122,18,'Person','Rheta Booty','Rheta','Booty',76,'363-90-1541',120,14,20,NULL,'2009-06-29','2009-06-29','2099-12-31',1),(123,123,38,'Person','Alec Wemes','Alec','Wemes',76,'454-66-3465',42,22,4,NULL,'2007-05-09','2007-05-09','2099-12-31',1),(124,124,103,'Person','Kamilah Kenningley','Kamilah','Kenningley',76,'483-86-1526',180,12,44,NULL,'2016-05-26','2016-05-26','2099-12-31',1),(125,125,81,'Person','Humfried Luckett','Humfried','Luckett',76,'567-89-0408',54,50,14,NULL,'2015-10-28','2015-10-28','2099-12-31',1),(126,126,54,'Person','Saunders Robeiro','Saunders','Robeiro',76,'555-93-7638',162,25,49,NULL,'2001-02-09','2001-02-09','2099-12-31',1),(127,127,48,'Person','Laurie Perelli','Laurie','Perelli',76,'334-73-6500',194,8,30,NULL,'2014-09-14','2014-09-14','2099-12-31',1),(128,128,28,'Person','Elana Bygraves','Elana','Bygraves',76,'755-07-1354',130,27,43,NULL,'2012-10-06','2012-10-06','2099-12-31',1),(129,129,62,'Person','Angelle Bagot','Angelle','Bagot',76,'277-04-5772',188,36,20,NULL,'2012-12-08','2012-12-08','2099-12-31',1),(130,130,104,'Person','Lise Girodias','Lise','Girodias',76,'619-47-6183',161,14,53,NULL,'2016-08-07','2016-08-07','2099-12-31',1),(131,131,27,'Person','Vivia Signore','Vivia','Signore',76,'131-86-0653',10,53,40,NULL,'2023-03-18','2023-03-18','2099-12-31',1),(132,132,69,'Person','Innis Spykings','Innis','Spykings',76,'430-49-5016',70,42,23,NULL,'2005-06-21','2005-06-21','2099-12-31',1),(133,133,60,'Person','Helge Halloway','Helge','Halloway',76,'838-90-6705',183,33,14,NULL,'2002-01-15','2002-01-15','2099-12-31',1),(134,134,97,'Person','Heidie Galego','Heidie','Galego',76,'631-33-6430',69,33,10,NULL,'2006-09-19','2006-09-19','2099-12-31',1),(135,135,56,'Person','Mischa Clineck','Mischa','Clineck',76,'707-93-2906',117,11,38,NULL,'2017-05-24','2017-05-24','2099-12-31',1),(136,136,83,'Person','Matthew Waller-Bridge','Matthew','Waller-Bridge',76,'106-94-1469',136,33,51,NULL,'2012-09-16','2012-09-16','2099-12-31',1),(137,137,100,'Person','Roi Cayle','Roi','Cayle',76,'358-56-1024',16,18,24,NULL,'2009-09-28','2009-09-28','2099-12-31',1),(138,138,124,'Person','Shelley Bedham','Shelley','Bedham',76,'885-17-2945',178,1,37,NULL,'2009-01-14','2009-01-14','2099-12-31',1),(139,139,131,'Person','Opaline Durnford','Opaline','Durnford',76,'392-99-2227',196,21,52,NULL,'2013-08-01','2013-08-01','2099-12-31',1),(140,140,129,'Person','Cheston Paule','Cheston','Paule',76,'664-59-6828',84,9,20,NULL,'2004-11-08','2004-11-08','2099-12-31',1),(141,141,36,'Person','Farlay Spilling','Farlay','Spilling',76,'735-02-8644',14,30,5,NULL,'2009-07-17','2009-07-17','2099-12-31',1),(142,142,141,'Person','Elysha Paddock','Elysha','Paddock',76,'866-20-6381',131,51,9,NULL,'2020-06-21','2020-06-21','2099-12-31',1),(143,143,74,'Person','Wylie Tight','Wylie','Tight',76,'344-09-2315',65,51,34,NULL,'2009-10-20','2009-10-20','2099-12-31',1),(144,144,21,'Person','Reagen Dolle','Reagen','Dolle',76,'293-11-3660',177,50,45,NULL,'2006-07-14','2006-07-14','2099-12-31',1),(145,145,137,'Person','Drugi Stringer','Drugi','Stringer',76,'418-55-4514',6,37,50,NULL,'2007-10-12','2007-10-12','2099-12-31',1),(146,146,125,'Person','Melina Thurley','Melina','Thurley',76,'289-48-0453',99,9,21,NULL,'2001-11-06','2001-11-06','2099-12-31',1),(147,147,109,'Person','Lance Pleat','Lance','Pleat',76,'593-62-9887',63,25,36,NULL,'2001-05-17','2001-05-17','2099-12-31',1),(148,148,119,'Person','Bar Wellwood','Bar','Wellwood',76,'806-10-3076',73,40,17,NULL,'2017-06-12','2017-06-12','2099-12-31',1),(149,149,71,'Person','Marielle Kiera','Marielle','Kiera',76,'667-11-5482',78,14,31,NULL,'2021-01-21','2021-01-21','2099-12-31',1),(150,150,9,'Person','Chev Wear','Chev','Wear',76,'726-08-5229',98,9,48,NULL,'2005-07-18','2005-07-18','2099-12-31',1),(151,151,38,'Person','Benyamin Amber','Benyamin','Amber',76,'644-18-8024',58,44,22,NULL,'2018-10-08','2018-10-08','2099-12-31',1),(152,152,112,'Person','Maxy Zoanetti','Maxy','Zoanetti',76,'882-83-7166',170,2,38,NULL,'2001-02-12','2001-02-12','2099-12-31',1),(153,153,18,'Person','Naomi Learoid','Naomi','Learoid',76,'184-10-6466',106,17,41,NULL,'2019-05-22','2019-05-22','2099-12-31',1),(154,154,37,'Person','Lucy von Hagt','Lucy','von Hagt',76,'841-55-5807',40,24,42,NULL,'2014-07-16','2014-07-16','2099-12-31',1),(155,155,120,'Person','Yolanda Morrill','Yolanda','Morrill',76,'451-10-0878',24,50,39,NULL,'2014-07-05','2014-07-05','2099-12-31',1),(156,156,11,'Person','Janina Calbaithe','Janina','Calbaithe',76,'662-87-5671',195,11,50,NULL,'2010-12-02','2010-12-02','2099-12-31',1),(157,157,19,'Person','Dell McJury','Dell','McJury',76,'556-76-0149',171,12,20,NULL,'2022-08-13','2022-08-13','2099-12-31',1),(158,158,90,'Person','Janis Pardue','Janis','Pardue',76,'460-05-3958',156,22,14,NULL,'2006-12-04','2006-12-04','2099-12-31',1),(159,159,142,'Person','Roshelle Escale','Roshelle','Escale',76,'417-65-0254',184,42,38,NULL,'2001-07-23','2001-07-23','2099-12-31',1),(160,160,92,'Person','Waylen Gosswell','Waylen','Gosswell',76,'205-64-6529',103,25,8,NULL,'2005-01-21','2005-01-21','2099-12-31',1),(161,161,51,'Person','Manda Siggs','Manda','Siggs',76,'243-59-4965',46,14,19,NULL,'2008-01-27','2008-01-27','2099-12-31',1),(162,162,66,'Person','Gertrude Giercke','Gertrude','Giercke',76,'805-58-6677',69,27,49,NULL,'2013-08-06','2013-08-06','2099-12-31',1),(163,163,55,'Person','Floria Cranmere','Floria','Cranmere',76,'104-52-7000',164,30,9,NULL,'2019-09-14','2019-09-14','2099-12-31',1),(164,164,122,'Person','Keri Pheasey','Keri','Pheasey',76,'710-56-4053',195,23,36,NULL,'2018-01-30','2018-01-30','2099-12-31',1),(165,165,36,'Person','Maggy St. Quentin','Maggy','St. Quentin',76,'750-92-8384',63,32,34,NULL,'2009-05-18','2009-05-18','2099-12-31',1),(166,166,45,'Person','Caesar Harries','Caesar','Harries',76,'531-37-3050',145,18,16,NULL,'2005-01-05','2005-01-05','2099-12-31',1),(167,167,57,'Person','Gualterio Shirtliff','Gualterio','Shirtliff',76,'258-30-4455',40,19,24,NULL,'2006-03-16','2006-03-16','2099-12-31',1),(168,168,33,'Person','Esmeralda Rosenstock','Esmeralda','Rosenstock',76,'206-36-4357',115,53,1,NULL,'2005-04-10','2005-04-10','2099-12-31',1),(169,169,113,'Person','Bevin Kareman','Bevin','Kareman',76,'417-23-9924',149,1,17,NULL,'2002-04-13','2002-04-13','2099-12-31',1),(170,170,47,'Person','Tracee Doeg','Tracee','Doeg',76,'563-16-2711',71,31,26,NULL,'2010-10-19','2010-10-19','2099-12-31',1),(171,171,77,'Person','Guinevere Willment','Guinevere','Willment',76,'367-64-1527',93,19,7,NULL,'2003-06-04','2003-06-04','2099-12-31',1),(172,172,107,'Person','Ester Harsant','Ester','Harsant',76,'493-41-2926',60,45,31,NULL,'2022-11-24','2022-11-24','2099-12-31',1),(173,173,58,'Person','Cherianne Blenkensop','Cherianne','Blenkensop',76,'849-29-1516',209,21,21,NULL,'2021-01-05','2021-01-05','2099-12-31',1),(174,174,34,'Person','Cheslie Wipfler','Cheslie','Wipfler',76,'162-57-5311',180,2,44,NULL,'2020-07-02','2020-07-02','2099-12-31',1),(175,175,111,'Person','Ranna Galliard','Ranna','Galliard',76,'465-71-2139',38,44,41,NULL,'2019-03-13','2019-03-13','2099-12-31',1),(176,176,79,'Person','Evy Robilliard','Evy','Robilliard',76,'719-39-3636',71,47,27,NULL,'2001-11-15','2001-11-15','2099-12-31',1),(177,177,90,'Person','De witt Dallicoat','De witt','Dallicoat',76,'619-75-4549',133,16,43,NULL,'2021-02-07','2021-02-07','2099-12-31',1),(178,178,93,'Person','Amye Blaker','Amye','Blaker',76,'533-31-6526',55,42,16,NULL,'2011-09-22','2011-09-22','2099-12-31',1),(179,179,114,'Person','Adora Alfonsetto','Adora','Alfonsetto',76,'579-53-8289',83,44,1,NULL,'2001-03-23','2001-03-23','2099-12-31',1),(180,180,115,'Person','Gleda Leftley','Gleda','Leftley',76,'670-09-2689',4,38,4,NULL,'2002-11-21','2002-11-21','2099-12-31',1),(181,181,44,'Person','Marisa Stutard','Marisa','Stutard',76,'651-01-9177',54,32,34,NULL,'2010-11-08','2010-11-08','2099-12-31',1),(182,182,105,'Person','Billy Richt','Billy','Richt',76,'118-39-1719',120,9,42,NULL,'2001-08-02','2001-08-02','2099-12-31',1),(183,183,75,'Person','Thatcher Vidler','Thatcher','Vidler',76,'650-25-7229',146,42,39,NULL,'2002-09-13','2002-09-13','2099-12-31',1),(184,184,130,'Person','Nanni Testin','Nanni','Testin',76,'146-66-3278',57,37,21,NULL,'2008-04-23','2008-04-23','2099-12-31',1),(185,185,87,'Person','Emmy Catley','Emmy','Catley',76,'845-51-1747',25,36,4,NULL,'2016-12-25','2016-12-25','2099-12-31',1),(186,186,98,'Person','Gaultiero Monard','Gaultiero','Monard',76,'491-28-6197',53,33,6,NULL,'2011-01-05','2011-01-05','2099-12-31',1),(187,187,65,'Person','Abbe Shire','Abbe','Shire',76,'297-79-7963',155,9,54,NULL,'2013-07-31','2013-07-31','2099-12-31',1),(188,188,89,'Person','Warren Bucktrout','Warren','Bucktrout',76,'786-22-4987',205,27,52,NULL,'2020-07-31','2020-07-31','2099-12-31',1),(189,189,88,'Person','Charin Lupton','Charin','Lupton',76,'364-95-6217',3,30,53,NULL,'2003-08-07','2003-08-07','2099-12-31',1),(190,190,121,'Person','Melisenda Oliffe','Melisenda','Oliffe',76,'282-07-0249',196,41,20,NULL,'2016-07-30','2016-07-30','2099-12-31',1),(191,191,102,'Person','Vidovik Shenton','Vidovik','Shenton',76,'306-66-4885',8,53,13,NULL,'2014-04-02','2014-04-02','2099-12-31',1),(192,192,33,'Person','Hallie Maryman','Hallie','Maryman',76,'247-01-0776',16,46,44,NULL,'2021-09-30','2021-09-30','2099-12-31',1),(193,193,20,'Person','Rodrigo Beinke','Rodrigo','Beinke',76,'137-57-9972',58,29,4,NULL,'2016-09-26','2016-09-26','2099-12-31',1),(194,194,75,'Person','Kippie Wheelband','Kippie','Wheelband',76,'229-41-4230',123,30,47,NULL,'2004-06-12','2004-06-12','2099-12-31',1),(195,195,46,'Person','Alfredo Rigate','Alfredo','Rigate',76,'555-51-1844',42,31,26,NULL,'2010-10-04','2010-10-04','2099-12-31',1),(196,196,21,'Person','Cara Vasyukhin','Cara','Vasyukhin',76,'187-69-9593',46,33,32,NULL,'2005-05-04','2005-05-04','2099-12-31',1),(197,197,23,'Person','Amberly Micco','Amberly','Micco',76,'576-56-8669',30,2,32,NULL,'2017-08-27','2017-08-27','2099-12-31',1),(198,198,61,'Person','Diego Yeude','Diego','Yeude',76,'318-08-5063',197,27,19,NULL,'2011-07-11','2011-07-11','2099-12-31',1),(199,199,58,'Person','Terencio Babst','Terencio','Babst',76,'217-78-2947',61,2,2,NULL,'2016-01-20','2016-01-20','2099-12-31',1),(200,200,46,'Person','Riccardo Coules','Riccardo','Coules',76,'473-09-8569',27,11,43,NULL,'2005-06-07','2005-06-07','2099-12-31',1),(201,201,12,'Person','Walliw Owbrick','Walliw','Owbrick',76,'228-80-2065',26,15,53,NULL,'2020-03-11','2020-03-11','2099-12-31',1),(202,202,64,'Person','Flossi Pavis','Flossi','Pavis',76,'477-70-4148',101,41,46,NULL,'2014-01-16','2014-01-16','2099-12-31',1),(203,203,95,'Person','Elaine Laxe','Elaine','Laxe',76,'506-30-6567',206,33,28,NULL,'2012-10-24','2012-10-24','2099-12-31',1),(204,204,72,'Person','Jerrilyn Kohnemann','Jerrilyn','Kohnemann',76,'753-57-9716',209,33,35,NULL,'2006-06-25','2006-06-25','2099-12-31',1),(205,205,109,'Person','Belinda McCuis','Belinda','McCuis',76,'755-40-5206',58,20,10,NULL,'2018-01-27','2018-01-27','2099-12-31',1),(206,206,102,'Person','Suzy Amy','Suzy','Amy',76,'632-64-7127',86,13,1,NULL,'2022-01-21','2022-01-21','2099-12-31',1),(207,207,134,'Person','Phil Helmke','Phil','Helmke',76,'448-86-8427',174,11,5,NULL,'2020-09-08','2020-09-08','2099-12-31',1),(208,208,139,'Person','Jerrie Zanettini','Jerrie','Zanettini',76,'635-42-9320',102,16,54,NULL,'2002-02-01','2002-02-01','2099-12-31',1),(209,209,103,'Person','Luce Malecky','Luce','Malecky',76,'339-43-1866',121,34,17,NULL,'2006-10-24','2006-10-24','2099-12-31',1),(210,210,95,'Person','Shelden Dennett','Shelden','Dennett',76,'124-23-6197',145,30,28,NULL,'2020-10-18','2020-10-18','2099-12-31',1),(211,211,80,'Person','Francisco Lilleman','Francisco','Lilleman',76,'396-88-0890',80,16,43,NULL,'2008-07-15','2008-07-15','2099-12-31',1),(212,212,14,'Person','Edie Rouchy','Edie','Rouchy',76,'559-92-5532',53,47,12,NULL,'2009-08-15','2009-08-15','2099-12-31',1),(213,213,139,'Person','Sofia Marshland','Sofia','Marshland',76,'628-34-5502',199,38,20,NULL,'2015-12-26','2015-12-26','2099-12-31',1),(214,214,32,'Person','Tobi Facer','Tobi','Facer',76,'231-49-1732',189,13,38,NULL,'2005-05-07','2005-05-07','2099-12-31',1),(215,215,121,'Person','Donnie Morrel','Donnie','Morrel',76,'574-56-1358',3,29,40,NULL,'2022-08-07','2022-08-07','2099-12-31',1),(216,216,112,'Person','Garth Rudinger','Garth','Rudinger',76,'403-15-1060',144,35,1,NULL,'2016-09-16','2016-09-16','2099-12-31',1),(217,217,67,'Person','Ediva Stranieri','Ediva','Stranieri',76,'632-12-1277',131,28,51,NULL,'2006-01-30','2006-01-30','2099-12-31',1),(218,218,33,'Person','Rolf Bentham','Rolf','Bentham',76,'885-61-5182',24,9,47,NULL,'2020-06-08','2020-06-08','2099-12-31',1),(219,219,67,'Person','Tricia Bright','Tricia','Bright',76,'489-22-5966',135,28,11,NULL,'2021-01-01','2021-01-01','2099-12-31',1),(220,220,71,'Person','Shelagh Bruhke','Shelagh','Bruhke',76,'612-06-5475',152,45,25,NULL,'2012-03-14','2012-03-14','2099-12-31',1),(221,221,16,'Person','Codee Ripping','Codee','Ripping',76,'266-93-4909',144,29,15,NULL,'2020-08-07','2020-08-07','2099-12-31',1),(222,222,122,'Person','Tedie Laxston','Tedie','Laxston',76,'676-03-2370',162,24,11,NULL,'2003-05-24','2003-05-24','2099-12-31',1),(223,223,60,'Person','Randolph Hollingsby','Randolph','Hollingsby',76,'289-01-1091',100,20,29,NULL,'2017-01-28','2017-01-28','2099-12-31',1),(224,224,63,'Person','Pauline O\'Cosgra','Pauline','O\'Cosgra',76,'491-15-5113',14,51,12,NULL,'2003-05-17','2003-05-17','2099-12-31',1),(225,225,143,'Person','Arly Paterson','Arly','Paterson',76,'416-81-5458',30,24,52,NULL,'2013-10-30','2013-10-30','2099-12-31',1),(226,226,11,'Person','Nobe Dymott','Nobe','Dymott',76,'535-39-1134',92,46,22,NULL,'2005-11-29','2005-11-29','2099-12-31',1),(227,227,136,'Person','Dianna Eldred','Dianna','Eldred',76,'150-93-1438',31,46,38,NULL,'2011-07-07','2011-07-07','2099-12-31',1),(228,228,77,'Person','Husein MacAllister','Husein','MacAllister',76,'819-55-1477',12,50,23,NULL,'2020-05-30','2020-05-30','2099-12-31',1),(229,229,17,'Person','Westley Bitcheno','Westley','Bitcheno',76,'237-01-1784',205,38,52,NULL,'2015-04-14','2015-04-14','2099-12-31',1),(230,230,78,'Person','Jock Hasling','Jock','Hasling',76,'178-71-4895',136,41,9,NULL,'2007-10-09','2007-10-09','2099-12-31',1),(231,231,84,'Person','Dorita D\'Orsay','Dorita','D\'Orsay',76,'606-69-9120',22,6,38,NULL,'2017-09-04','2017-09-04','2099-12-31',1),(232,232,118,'Person','Paolina Brack','Paolina','Brack',76,'792-16-2855',152,44,6,NULL,'2007-10-02','2007-10-02','2099-12-31',1),(233,233,28,'Person','Cassondra Northidge','Cassondra','Northidge',76,'845-80-7810',160,50,5,NULL,'2007-11-20','2007-11-20','2099-12-31',1),(234,234,92,'Person','Merwin Christall','Merwin','Christall',76,'455-54-9760',121,7,11,NULL,'2017-07-21','2017-07-21','2099-12-31',1),(235,235,15,'Person','Gualterio Rollett','Gualterio','Rollett',76,'416-06-6173',163,52,16,NULL,'2007-06-21','2007-06-21','2099-12-31',1),(236,236,47,'Person','Joella O\'Connell','Joella','O\'Connell',76,'172-59-5850',55,14,48,NULL,'2005-05-20','2005-05-20','2099-12-31',1),(237,237,126,'Person','Diane-marie Glenn','Diane-marie','Glenn',76,'528-99-3959',154,33,12,NULL,'2019-12-31','2019-12-31','2099-12-31',1),(238,238,139,'Person','Lynnell Kwiek','Lynnell','Kwiek',76,'269-69-6126',82,17,44,NULL,'2023-09-19','2023-09-19','2099-12-31',1),(239,239,34,'Person','Ursala McFater','Ursala','McFater',76,'593-86-2220',24,2,33,NULL,'2004-08-15','2004-08-15','2099-12-31',1),(240,240,126,'Person','Bernadene Jeckells','Bernadene','Jeckells',76,'454-32-1351',31,17,42,NULL,'2018-03-07','2018-03-07','2099-12-31',1),(241,241,72,'Person','Ronna Petric','Ronna','Petric',76,'419-73-1037',147,7,15,NULL,'2013-11-25','2013-11-25','2099-12-31',1),(242,242,101,'Person','Keir McCree','Keir','McCree',76,'749-08-3049',179,35,15,NULL,'2020-02-18','2020-02-18','2099-12-31',1),(243,243,36,'Person','Tootsie Stonhard','Tootsie','Stonhard',76,'284-83-7173',8,51,47,NULL,'2008-06-11','2008-06-11','2099-12-31',1),(244,244,116,'Person','Garry Hince','Garry','Hince',76,'271-23-4163',28,28,42,NULL,'2011-03-16','2011-03-16','2099-12-31',1),(245,245,43,'Person','Tandy Hayto','Tandy','Hayto',76,'150-32-3142',76,45,9,NULL,'2013-06-16','2013-06-16','2099-12-31',1),(246,246,62,'Person','Tamra Screach','Tamra','Screach',76,'254-72-3094',180,31,5,NULL,'2015-06-10','2015-06-10','2099-12-31',1),(247,247,88,'Person','Lewes Crilly','Lewes','Crilly',76,'212-31-2722',26,26,6,NULL,'2001-08-18','2001-08-18','2099-12-31',1),(248,248,8,'Person','Granthem Cassidy','Granthem','Cassidy',76,'180-08-7948',55,42,50,NULL,'2009-04-17','2009-04-17','2099-12-31',1),(249,249,147,'Person','Fleur Hunston','Fleur','Hunston',76,'773-29-9139',159,1,36,NULL,'2009-09-02','2009-09-02','2099-12-31',1),(250,250,122,'Person','Tammara Rannells','Tammara','Rannells',76,'488-31-3799',108,42,39,NULL,'2003-02-20','2003-02-20','2099-12-31',1),(251,251,50,'Person','Wait Leuchars','Wait','Leuchars',76,'527-48-9754',20,39,47,NULL,'2002-10-18','2002-10-18','2099-12-31',1),(252,252,42,'Person','Bonita Eldritt','Bonita','Eldritt',76,'579-95-5569',184,46,44,NULL,'2017-01-01','2017-01-01','2099-12-31',1),(253,253,15,'Person','Mira Schoales','Mira','Schoales',76,'204-50-2592',63,10,43,NULL,'2022-08-04','2022-08-04','2099-12-31',1),(254,254,23,'Person','Meagan Clowsley','Meagan','Clowsley',76,'691-15-7891',47,23,32,NULL,'2013-05-12','2013-05-12','2099-12-31',1),(255,255,130,'Person','Mar Basezzi','Mar','Basezzi',76,'437-81-4553',9,54,30,NULL,'2008-09-07','2008-09-07','2099-12-31',1),(256,256,24,'Person','Gibbie Figgures','Gibbie','Figgures',76,'637-13-7837',56,16,18,NULL,'2012-09-27','2012-09-27','2099-12-31',1),(257,257,145,'Person','Martino Upfold','Martino','Upfold',76,'142-66-5387',100,22,46,NULL,'2022-07-10','2022-07-10','2099-12-31',1),(258,258,58,'Person','Craggie Tilson','Craggie','Tilson',76,'550-12-6608',77,38,47,NULL,'2017-04-29','2017-04-29','2099-12-31',1),(259,259,148,'Person','Robert King','Robert','King',76,'691-15-7878',211,56,55,'CEO','2004-12-03','2004-12-03','2099-12-31',1),(260,260,149,'Org','Hedge Fund A',NULL,NULL,76,'999-99-9999',212,56,55,NULL,'2004-12-03','2004-12-03','2099-12-31',1),(261,261,150,'Person','Hanna Smith','Hanna','Smith',76,'123-45-6789',217,38,56,'Owner','2004-12-03','2004-12-03','2099-12-31',1),(262,262,151,'Person','Jerry Smith','Jerry','Smith',76,'234-56-7891',218,41,57,'Athelete','2004-12-03','2004-12-03','2099-12-31',1),(263,263,152,'Person','Mariann Avocado','Mariann','Avocado',76,'345-67-8912',219,6,58,'DEO','2004-12-03','2004-12-03','2099-12-31',1),(264,264,153,'Person','Velvet Throat','Velvet','Throat',76,'456-78-9123',220,44,57,'Muscian','2004-12-03','2004-12-03','2099-12-31',1),(265,265,154,'Person','Jared Livinglife','Jared','Livinglife',76,'789-12-3456',221,50,59,'Retired','2004-12-03','2004-12-03','2099-12-31',1),(266,266,155,'Person','Aphrodite Greek','Aphrodite','Greek',76,'567-89-1234',222,7,60,'Owner','2004-12-03','2004-12-03','2099-12-31',1),(267,267,156,'Person','Helen Troy','Helen','Troy',76,'678-91-2345',223,52,57,'Model','2004-12-03','2004-12-03','2099-12-31',1),(268,259,122,'Person','Lianna Paull','Lianna','Paull',76,'371-23-1105',181,12,24,NULL,'2004-12-03','2004-12-03','2099-12-31',1);
/*!40000 ALTER TABLE `client` ENABLE KEYS */;
UNLOCK TABLES;

--
-- Table structure for table `date`
--

DROP TABLE IF EXISTS `date`;
/*!40101 SET @saved_cs_client     = @@character_set_client */;
/*!50503 SET character_set_client = utf8mb4 */;
CREATE TABLE `date` (
  `ID` int NOT NULL,
  `Date` date NOT NULL,
  `Julian_Dt` int NOT NULL,
  `Month` int NOT NULL,
  `Day` int NOT NULL,
  `Year` int NOT NULL,
  `Quarter` int NOT NULL,
  PRIMARY KEY (`ID`)
) ENGINE=InnoDB DEFAULT CHARSET=utf8mb4 COLLATE=utf8mb4_unicode_520_ci;
/*!40101 SET character_set_client = @saved_cs_client */;

--
-- Dumping data for table `date`
--

LOCK TABLES `date` WRITE;
/*!40000 ALTER TABLE `date` DISABLE KEYS */;
INSERT INTO `date` VALUES (1,'2023-08-01',2460157,8,1,2023,3),(2,'2023-08-02',2460158,8,2,2023,3),(3,'2023-08-03',2460159,8,3,2023,3),(4,'2023-08-04',2460160,8,4,2023,3),(5,'2023-08-05',2460161,8,5,2023,3),(6,'2023-08-06',2460162,8,6,2023,3),(7,'2023-08-07',2460163,8,7,2023,3),(8,'2023-08-08',2460164,8,8,2023,3),(9,'2023-08-09',2460165,8,9,2023,3),(10,'2023-08-10',2460166,8,10,2023,3),(11,'2023-08-11',2460167,8,11,2023,3),(12,'2023-08-12',2460168,8,12,2023,3),(13,'2023-08-13',2460169,8,13,2023,3),(14,'2023-08-14',2460170,8,14,2023,3),(15,'2023-08-15',2460171,8,15,2023,3),(16,'2023-08-16',2460172,8,16,2023,3),(17,'2023-08-17',2460173,8,17,2023,3),(18,'2023-08-18',2460174,8,18,2023,3),(19,'2023-08-19',2460175,8,19,2023,3),(20,'2023-08-20',2460176,8,20,2023,3),(21,'2023-08-21',2460177,8,21,2023,3),(22,'2023-08-22',2460178,8,22,2023,3),(23,'2023-08-23',2460179,8,23,2023,3),(24,'2023-08-24',2460180,8,24,2023,3),(25,'2023-08-25',2460181,8,25,2023,3),(26,'2023-08-26',2460182,8,26,2023,3),(27,'2023-08-27',2460183,8,27,2023,3),(28,'2023-08-28',2460184,8,28,2023,3),(29,'2023-08-29',2460185,8,29,2023,3),(30,'2023-08-30',2460186,8,30,2023,3),(31,'2023-08-31',2460187,8,31,2023,3),(32,'2023-09-01',2460188,9,1,2023,3),(33,'2023-09-02',2460189,9,2,2023,3),(34,'2023-09-03',2460190,9,3,2023,3),(35,'2023-09-04',2460191,9,4,2023,3),(36,'2023-09-05',2460192,9,5,2023,3),(37,'2023-09-06',2460193,9,6,2023,3),(38,'2023-09-07',2460194,9,7,2023,3),(39,'2023-09-08',2460195,9,8,2023,3),(40,'2023-09-09',2460196,9,9,2023,3),(41,'2023-09-10',2460197,9,10,2023,3),(42,'2023-09-11',2460198,9,11,2023,3),(43,'2023-09-12',2460199,9,12,2023,3),(44,'2023-09-13',2460200,9,13,2023,3),(45,'2023-09-14',2460201,9,14,2023,3),(46,'2023-09-15',2460202,9,15,2023,3),(47,'2023-09-16',2460203,9,16,2023,3),(48,'2023-09-17',2460204,9,17,2023,3),(49,'2023-09-18',2460205,9,18,2023,3),(50,'2023-09-19',2460206,9,19,2023,3),(51,'2023-09-20',2460207,9,20,2023,3),(52,'2023-09-21',2460208,9,21,2023,3),(53,'2023-09-22',2460209,9,22,2023,3),(54,'2023-09-23',2460210,9,23,2023,3),(55,'2023-09-24',2460211,9,24,2023,3),(56,'2023-09-25',2460212,9,25,2023,3),(57,'2023-09-26',2460213,9,26,2023,3),(58,'2023-09-27',2460214,9,27,2023,3),(59,'2023-09-28',2460215,9,28,2023,3),(60,'2023-09-29',2460216,9,29,2023,3),(61,'2023-09-30',2460217,9,30,2023,3),(62,'2023-10-01',2460218,10,1,2023,4),(63,'2023-10-02',2460219,10,2,2023,4),(64,'2023-10-03',2460220,10,3,2023,4),(65,'2023-10-04',2460221,10,4,2023,4),(66,'2023-10-05',2460222,10,5,2023,4),(67,'2023-10-06',2460223,10,6,2023,4),(68,'2023-10-07',2460224,10,7,2023,4),(69,'2023-10-08',2460225,10,8,2023,4),(70,'2023-10-09',2460226,10,9,2023,4),(71,'2023-10-10',2460227,10,10,2023,4),(72,'2023-10-11',2460228,10,11,2023,4),(73,'2023-10-12',2460229,10,12,2023,4),(74,'2023-10-13',2460230,10,13,2023,4),(75,'2023-10-14',2460231,10,14,2023,4),(76,'2023-10-15',2460232,10,15,2023,4),(77,'2023-10-16',2460233,10,16,2023,4),(78,'2023-10-17',2460234,10,17,2023,4),(79,'2023-10-18',2460235,10,18,2023,4),(80,'2023-10-19',2460236,10,19,2023,4),(81,'2023-10-20',2460237,10,20,2023,4),(82,'2023-10-21',2460238,10,21,2023,4),(83,'2023-10-22',2460239,10,22,2023,4),(84,'2023-10-23',2460240,10,23,2023,4),(85,'2023-10-24',2460241,10,24,2023,4),(86,'2023-10-25',2460242,10,25,2023,4),(87,'2023-10-26',2460243,10,26,2023,4),(88,'2023-10-27',2460244,10,27,2023,4),(89,'2023-10-28',2460245,10,28,2023,4),(90,'2023-10-29',2460246,10,29,2023,4),(91,'2023-10-30',2460247,10,30,2023,4),(92,'2023-10-31',2460248,10,31,2023,4),(93,'2023-11-01',2460249,11,1,2023,4),(94,'2023-11-02',2460250,11,2,2023,4),(95,'2023-11-03',2460251,11,3,2023,4),(96,'2023-11-04',2460252,11,4,2023,4),(97,'2023-11-05',2460253,11,5,2023,4),(98,'2023-11-06',2460254,11,6,2023,4),(99,'2023-11-07',2460255,11,7,2023,4),(100,'2023-11-08',2460256,11,8,2023,4),(101,'2023-11-09',2460257,11,9,2023,4),(102,'2023-11-10',2460258,11,10,2023,4),(103,'2023-11-11',2460259,11,11,2023,4),(104,'2023-11-12',2460260,11,12,2023,4),(105,'2023-11-13',2460261,11,13,2023,4),(106,'2023-11-14',2460262,11,14,2023,4),(107,'2023-11-15',2460263,11,15,2023,4),(108,'2023-11-16',2460264,11,16,2023,4),(109,'2023-11-17',2460265,11,17,2023,4),(110,'2023-11-18',2460266,11,18,2023,4),(111,'2023-11-19',2460267,11,19,2023,4),(112,'2023-11-20',2460268,11,20,2023,4),(113,'2023-11-21',2460269,11,21,2023,4),(114,'2023-11-22',2460270,11,22,2023,4),(115,'2023-11-23',2460271,11,23,2023,4),(116,'2023-11-24',2460272,11,24,2023,4),(117,'2023-11-25',2460273,11,25,2023,4),(118,'2023-11-26',2460274,11,26,2023,4),(119,'2023-11-27',2460275,11,27,2023,4),(120,'2023-11-28',2460276,11,28,2023,4),(121,'2023-11-29',2460277,11,29,2023,4),(122,'2023-11-30',2460278,11,30,2023,4);
/*!40000 ALTER TABLE `date` ENABLE KEYS */;
UNLOCK TABLES;

--
-- Table structure for table `employer`
--

DROP TABLE IF EXISTS `employer`;
/*!40101 SET @saved_cs_client     = @@character_set_client */;
/*!50503 SET character_set_client = utf8mb4 */;
CREATE TABLE `employer` (
  `ID` int NOT NULL,
  `Name` varchar(128) DEFAULT NULL,
  `Address_ID` int NOT NULL,
  `Client_ID` int DEFAULT NULL,
  `Industry` varchar(128) DEFAULT NULL,
  `NAICS_ID` int DEFAULT NULL,
  `Start_Dt` date NOT NULL,
  `End_Dt` date NOT NULL,
  `Is_Current` int NOT NULL,
  PRIMARY KEY (`ID`),
  KEY `Address_ID` (`Address_ID`),
  KEY `NAICS_ID` (`NAICS_ID`),
  CONSTRAINT `employer_ibfk_1` FOREIGN KEY (`Address_ID`) REFERENCES `address` (`ID`),
  CONSTRAINT `employer_ibfk_2` FOREIGN KEY (`NAICS_ID`) REFERENCES `naics` (`ID`)
) ENGINE=InnoDB DEFAULT CHARSET=utf8mb4 COLLATE=utf8mb4_unicode_520_ci;
/*!40101 SET character_set_client = @saved_cs_client */;

--
-- Dumping data for table `employer`
--

LOCK TABLES `employer` WRITE;
/*!40000 ALTER TABLE `employer` DISABLE KEYS */;
INSERT INTO `employer` VALUES (1,'Stevens Valley School',2,3,'Education',58,'2022-09-15','2099-12-31',1),(2,'AstroTurf Unlimited',7,NULL,'Sports',77,'2022-09-15','2099-12-31',1),(3,'Hotel Armada',8,NULL,'Hospitality',48,'1985-06-15','2099-12-31',1),(4,'Federal Reserve Bank of San Francisco',10,NULL,'Government',175,'1999-05-04','2099-12-31',1),(5,'Ailane',86,NULL,'Mining & Quarrying of Nonmetallic Minerals (No Fuels)',372,'2014-02-18','2099-12-31',1),(6,'Skalith',111,NULL,'Major Pharmaceuticals',121,'2004-06-13','2099-12-31',1),(7,'Browsedrive',71,NULL,NULL,383,'2009-08-10','2099-12-31',1),(8,'Topicshots',159,NULL,NULL,383,'2003-08-11','2099-12-31',1),(9,'Flipbug',132,NULL,'Major Pharmaceuticals',121,'2004-02-08','2099-12-31',1),(10,'Tagpad',122,NULL,'Building operators',261,'2019-01-11','2099-12-31',1),(11,'Realmix',163,NULL,NULL,383,'2010-06-01','2099-12-31',1),(12,'Skipfire',16,NULL,'Department/Specialty Retail Stores',57,'2019-10-09','2099-12-31',1),(13,'Rhyloo',2,NULL,'Other Specialty Stores',29,'2011-08-24','2099-12-31',1),(14,'Mynte',77,NULL,'Environmental Services',161,'2011-03-30','2099-12-31',1),(15,'Lajo',209,NULL,'Oil & Gas Production',329,'2014-04-27','2099-12-31',1),(16,'Kwilith',33,NULL,'Finance: Consumer Services',63,'2005-07-26','2099-12-31',1),(17,'Minyx',147,NULL,'Electronic Components',244,'2003-07-13','2099-12-31',1),(18,'Jaxbean',65,NULL,'Major Banks',35,'2018-01-27','2099-12-31',1),(19,'Zoozzy',52,NULL,'Oil Refining/Marketing',385,'2015-04-09','2099-12-31',1),(20,'Ntags',30,NULL,'Computer Software: Prepackaged Software',10,'2013-02-04','2099-12-31',1),(21,'Twiyo',77,NULL,'Real Estate Investment Trusts',2,'2018-07-15','2099-12-31',1),(22,'Tagpad',170,NULL,NULL,383,'2017-04-02','2099-12-31',1),(23,'Rhynyx',118,NULL,'Electric Utilities: Central',252,'2015-06-26','2099-12-31',1),(24,'Brainverse',165,NULL,'Major Pharmaceuticals',121,'2011-12-31','2099-12-31',1),(25,'Flashset',204,NULL,'Industrial Specialties',286,'2016-07-25','2099-12-31',1),(26,'Brainbox',43,NULL,NULL,383,'2017-11-18','2099-12-31',1),(27,'Npath',207,NULL,NULL,383,'2011-02-09','2099-12-31',1),(28,'Dabjam',28,NULL,'Specialty Chemicals',386,'2008-08-18','2099-12-31',1),(29,'Fanoodle',140,NULL,'Industrial Machinery/Components',303,'2004-11-11','2099-12-31',1),(30,'Kwinu',45,NULL,NULL,383,'2007-09-21','2099-12-31',1),(31,'Kwilith',118,NULL,'Major Banks',35,'2018-09-12','2099-12-31',1),(32,'Linkbridge',191,NULL,'Computer Software: Prepackaged Software',10,'2004-10-19','2099-12-31',1),(33,'Edgeclub',156,NULL,'Radio And Television Broadcasting And Communications Equipment',387,'2020-12-04','2099-12-31',1),(34,'Oyonder',198,NULL,'Business Services',90,'2008-08-13','2099-12-31',1),(35,'Morar-Turner',56,NULL,'Telecommunications Equipment',328,'2019-08-15','2099-12-31',1),(36,'Grant, Brakus and Heathcote',130,NULL,'Professional Services',99,'2015-08-16','2099-12-31',1),(37,'Ferry, Krajcik and Dibbert',190,NULL,'Business Services',90,'2022-05-01','2099-12-31',1),(38,'Champlin, Adams and Bosco',152,NULL,'Major Pharmaceuticals',121,'2002-12-19','2099-12-31',1),(39,'Bahringer-Block',148,NULL,'Other Consumer Services',381,'2010-09-18','2099-12-31',1),(40,'O\'Reilly-Kunze',132,NULL,'Professional Services',99,'2017-05-11','2099-12-31',1),(41,'Beier LLC',106,NULL,'Retail: Computer Software & Peripheral Equipment',236,'2014-04-02','2099-12-31',1),(42,'Thompson, McKenzie and Kohler',139,NULL,'Agricultural Chemicals',386,'2001-03-01','2099-12-31',1),(43,'Schiller-Feest',163,NULL,'Major Banks',35,'2009-04-04','2099-12-31',1),(44,'Hoeger-Runolfsson',180,NULL,'Services-Misc. Amusement & Recreation',77,'2017-01-09','2099-12-31',1),(45,'Bosco-Weissnat',92,NULL,'Property-Casualty Insurers',347,'2005-12-05','2099-12-31',1),(46,'Hessel and Sons',78,NULL,NULL,383,'2001-02-22','2099-12-31',1),(47,'Rice and Sons',160,NULL,'Hospital/Nursing Management',107,'2005-07-19','2099-12-31',1),(48,'Marks LLC',110,NULL,'Oil & Gas Production',329,'2004-09-21','2099-12-31',1),(49,'Kihn Inc',107,NULL,'Computer Software: Prepackaged Software',10,'2012-10-20','2099-12-31',1),(50,'Rogahn, Champlin and Rogahn',147,NULL,NULL,383,'2007-11-18','2099-12-31',1),(51,'Stracke-Quigley',9,NULL,'Semiconductors',100,'2006-01-10','2099-12-31',1),(52,'Rosenbaum, Schuppe and Hackett',165,NULL,'Medical Specialities',72,'2009-02-26','2099-12-31',1),(53,'Rodriguez, Sawayn and Yost',10,NULL,NULL,383,'2010-06-02','2099-12-31',1),(54,'Welch Group',200,NULL,'Major Banks',35,'2001-10-22','2099-12-31',1),(55,'Hedge Fund A',212,NULL,'Hedge Fund',13,'2001-10-22','2099-12-31',1),(56,'Hanna\'s French Press',213,NULL,NULL,383,'2001-10-22','2099-12-31',1),(57,'Self-Employed',214,NULL,NULL,383,'2001-10-22','2099-12-31',1),(58,'Enertech',215,NULL,NULL,383,'2001-10-22','2099-12-31',1),(59,'Retired',214,NULL,NULL,383,'2001-10-22','2099-12-31',1),(60,'Aphrodite Greek Jewelry',216,NULL,NULL,383,'2001-10-22','2099-12-31',1);
/*!40000 ALTER TABLE `employer` ENABLE KEYS */;
UNLOCK TABLES;

--
-- Table structure for table `hh`
--

DROP TABLE IF EXISTS `hh`;
/*!40101 SET @saved_cs_client     = @@character_set_client */;
/*!50503 SET character_set_client = utf8mb4 */;
CREATE TABLE `hh` (
  `ID` int NOT NULL,
  `Person_Org` varchar(128) NOT NULL,
  `Name` varchar(128) NOT NULL,
  `FirstName` varchar(128) DEFAULT NULL,
  `LastName` varchar(128) DEFAULT NULL,
  `NAICS_ID` int DEFAULT NULL,
  `Address_ID` int NOT NULL,
  `Banker_ID` int NOT NULL,
  `Open_Dt` date NOT NULL,
  `Start_Dt` date NOT NULL,
  `End_Dt` date NOT NULL,
  `Is_Current` int NOT NULL,
  PRIMARY KEY (`ID`),
  KEY `Address_ID` (`Address_ID`),
  KEY `Banker_ID` (`Banker_ID`),
  KEY `NAICS_ID` (`NAICS_ID`),
  CONSTRAINT `hh_ibfk_1` FOREIGN KEY (`Address_ID`) REFERENCES `address` (`ID`),
  CONSTRAINT `hh_ibfk_2` FOREIGN KEY (`Banker_ID`) REFERENCES `banker` (`ID`),
  CONSTRAINT `hh_ibfk_3` FOREIGN KEY (`NAICS_ID`) REFERENCES `naics` (`ID`)
) ENGINE=InnoDB DEFAULT CHARSET=utf8mb4 COLLATE=utf8mb4_unicode_520_ci;
/*!40101 SET character_set_client = @saved_cs_client */;

--
-- Dumping data for table `hh`
--

LOCK TABLES `hh` WRITE;
/*!40000 ALTER TABLE `hh` DISABLE KEYS */;
INSERT INTO `hh` VALUES (1,'Person','Angelica James','Angelica','James',76,1,4,'2022-09-15','2022-09-15','2099-12-31',1),(2,'Org','Stevens Valley School',NULL,NULL,58,2,1,'1985-06-15','1985-06-15','2099-12-31',1),(3,'Person','Mary Spock','Mary','Spock',76,3,3,'1999-05-04','1999-05-04','2099-12-31',1),(4,'Person','Nancy  Drew','Nancy ','Drew',76,4,2,'2023-08-06','2023-08-06','2099-12-31',1),(5,'Person','Alvin Hardy','Alvin','Hardy',76,5,2,'2021-02-09','2021-02-09','2099-12-31',1),(6,'Person','Billy Kirk','Billy','Kirk',76,6,4,'2005-04-21','2005-04-21','2099-12-31',1),(7,'Person','Mary Spock','Mary','Spock',76,9,1,'2005-04-21','2005-04-21','2099-12-31',1),(8,'Person','Granthem Cassidy','Granthem','Cassidy',76,55,42,'2009-04-17','2009-04-17','2099-12-31',1),(9,'Person','Harley Boyall','Harley','Boyall',76,198,44,'2021-11-11','2021-11-11','2099-12-31',1),(10,'Person','Sukey Spoure','Sukey','Spoure',76,191,5,'2011-02-27','2011-02-27','2099-12-31',1),(11,'Person','Nobe Dymott','Nobe','Dymott',76,92,46,'2005-11-29','2005-11-29','2099-12-31',1),(12,'Org','O\'Connell Inc',NULL,NULL,12,111,6,'2002-10-29','2002-10-29','2099-12-31',1),(13,'Person','Bobbette Mateiko','Bobbette','Mateiko',76,59,44,'2009-02-19','2009-02-19','2099-12-31',1),(14,'Person','Edie Rouchy','Edie','Rouchy',76,53,47,'2009-08-15','2009-08-15','2099-12-31',1),(15,'Person','Gualterio Rollett','Gualterio','Rollett',76,163,52,'2007-06-21','2007-06-21','2099-12-31',1),(16,'Person','Codee Ripping','Codee','Ripping',76,144,29,'2020-08-07','2020-08-07','2099-12-31',1),(17,'Person','Westley Bitcheno','Westley','Bitcheno',76,205,38,'2015-04-14','2015-04-14','2099-12-31',1),(18,'Person','Gibbie Shutle','Gibbie','Shutle',76,87,43,'2012-09-10','2012-09-10','2099-12-31',1),(19,'Person','Dell McJury','Dell','McJury',76,171,12,'2022-08-13','2022-08-13','2099-12-31',1),(20,'Person','Rodrigo Beinke','Rodrigo','Beinke',76,58,29,'2016-09-26','2016-09-26','2099-12-31',1),(21,'Person','Timothea Jordeson','Timothea','Jordeson',76,20,27,'2011-11-19','2011-11-19','2099-12-31',1),(22,'Person','Aurilia Curneen','Aurilia','Curneen',76,140,30,'2010-12-28','2010-12-28','2099-12-31',1),(23,'Person','Louisa McGlynn','Louisa','McGlynn',76,179,30,'2009-08-13','2009-08-13','2099-12-31',1),(24,'Org','Auer Inc',NULL,NULL,24,29,53,'1993-06-19','1993-06-19','2099-12-31',1),(25,'Person','Ivonne Morland','Ivonne','Morland',76,147,47,'2019-04-25','2019-04-25','2099-12-31',1),(26,'Person','Shelly Siddon','Shelly','Siddon',76,107,52,'2001-06-14','2001-06-14','2099-12-31',1),(27,'Person','Vivia Signore','Vivia','Signore',76,10,53,'2023-03-18','2023-03-18','2099-12-31',1),(28,'Person','Cassondra Northidge','Cassondra','Northidge',76,160,50,'2007-11-20','2007-11-20','2099-12-31',1),(29,'Person','Janenna McBoyle','Janenna','McBoyle',76,125,11,'2007-06-23','2007-06-23','2099-12-31',1),(30,'Org','Thompson, Marks and Heidenreich',NULL,NULL,30,121,15,'1996-05-10','1996-05-10','2099-12-31',1),(31,'Person','Alvin Hardy','Alvin','Hardy',76,5,2,'2021-02-09','2021-02-09','2099-12-31',1),(32,'Person','Tobi Facer','Tobi','Facer',76,189,13,'2005-05-07','2005-05-07','2099-12-31',1),(33,'Person','Rolf Bentham','Rolf','Bentham',76,24,9,'2020-06-08','2020-06-08','2099-12-31',1),(34,'Person','Ursala McFater','Ursala','McFater',76,24,2,'2004-08-15','2004-08-15','2099-12-31',1),(35,'Org','Willms LLC',NULL,NULL,35,57,26,'2021-12-30','2021-12-30','2099-12-31',1),(36,'Person','Farlay Spilling','Farlay','Spilling',76,14,30,'2009-07-17','2009-07-17','2099-12-31',1),(37,'Person','Lucy von Hagt','Lucy','von Hagt',76,40,24,'2014-07-16','2014-07-16','2099-12-31',1),(38,'Person','Alec Wemes','Alec','Wemes',76,42,22,'2007-05-09','2007-05-09','2099-12-31',1),(39,'Org','Wilderman LLC',NULL,NULL,39,156,9,'1990-12-12','1990-12-12','2099-12-31',1),(40,'Org','Carter-Tremblay',NULL,NULL,40,139,45,'2014-05-08','2014-05-08','2099-12-31',1),(41,'Person','Nealson Trumpeter','Nealson','Trumpeter',76,54,21,'2004-09-04','2004-09-04','2099-12-31',1),(42,'Person','Beth Lahive','Beth','Lahive',76,98,26,'2010-03-24','2010-03-24','2099-12-31',1),(43,'Person','Tandy Hayto','Tandy','Hayto',76,76,45,'2013-06-16','2013-06-16','2099-12-31',1),(44,'Org','Hoeger-Barton',NULL,NULL,44,205,20,'2013-08-07','2013-08-07','2099-12-31',1),(45,'Person','Caesar Harries','Caesar','Harries',76,145,18,'2005-01-05','2005-01-05','2099-12-31',1),(46,'Person','Riccardo Coules','Riccardo','Coules',76,27,11,'2005-06-07','2005-06-07','2099-12-31',1),(47,'Person','Joella O\'Connell','Joella','O\'Connell',76,55,14,'2005-05-20','2005-05-20','2099-12-31',1),(48,'Person','Laurie Perelli','Laurie','Perelli',76,194,8,'2014-09-14','2014-09-14','2099-12-31',1),(49,'Person','Stanford Kinzett','Stanford','Kinzett',76,156,54,'2017-02-02','2017-02-02','2099-12-31',1),(50,'Person','Wait Leuchars','Wait','Leuchars',76,20,39,'2002-10-18','2002-10-18','2099-12-31',1),(51,'Person','Carlyle Haggar','Carlyle','Haggar',76,72,30,'2019-01-13','2019-01-13','2099-12-31',1),(52,'Person','Cesaro Starte','Cesaro','Starte',76,162,13,'2006-10-25','2006-10-25','2099-12-31',1),(53,'Person','Phillip Doman','Phillip','Doman',76,51,30,'2002-07-21','2002-07-21','2099-12-31',1),(54,'Person','Saunders Robeiro','Saunders','Robeiro',76,162,25,'2001-02-09','2001-02-09','2099-12-31',1),(55,'Org','Carter, Monahan and Nienow',NULL,NULL,55,131,32,'2005-04-20','2005-04-20','2099-12-31',1),(56,'Person','Mischa Clineck','Mischa','Clineck',76,117,11,'2017-05-24','2017-05-24','2099-12-31',1),(57,'Person','Gualterio Shirtliff','Gualterio','Shirtliff',76,40,19,'2006-03-16','2006-03-16','2099-12-31',1),(58,'Person','Cherianne Blenkensop','Cherianne','Blenkensop',76,209,21,'2021-01-05','2021-01-05','2099-12-31',1),(59,'Person','Zonnya Povlsen','Zonnya','Povlsen',76,11,11,'2020-01-02','2020-01-02','2099-12-31',1),(60,'Person','Helge Halloway','Helge','Halloway',76,183,33,'2002-01-15','2002-01-15','2099-12-31',1),(61,'Person','Diego Yeude','Diego','Yeude',76,197,27,'2011-07-11','2011-07-11','2099-12-31',1),(62,'Person','Tamra Screach','Tamra','Screach',76,180,31,'2015-06-10','2015-06-10','2099-12-31',1),(63,'Person','Pauline O\'Cosgra','Pauline','O\'Cosgra',76,14,51,'2003-05-17','2003-05-17','2099-12-31',1),(64,'Person','Amabelle MacGaughy','Amabelle','MacGaughy',76,77,39,'2020-07-22','2020-07-22','2099-12-31',1),(65,'Person','Sebastian Lippiett','Sebastian','Lippiett',76,31,8,'2014-10-16','2014-10-16','2099-12-31',1),(66,'Person','Gertrude Giercke','Gertrude','Giercke',76,69,27,'2013-08-06','2013-08-06','2099-12-31',1),(67,'Person','Tricia Bright','Tricia','Bright',76,135,28,'2021-01-01','2021-01-01','2099-12-31',1),(68,'Org','Feeney Inc',NULL,NULL,68,110,20,'2011-11-05','2011-11-05','2099-12-31',1),(69,'Person','Lyndsie Canter','Lyndsie','Canter',76,114,29,'2013-06-01','2013-06-01','2099-12-31',1),(70,'Person','Laurice Brazier','Laurice','Brazier',76,114,24,'2003-04-22','2003-04-22','2099-12-31',1),(71,'Person','Marielle Kiera','Marielle','Kiera',76,78,14,'2021-01-21','2021-01-21','2099-12-31',1),(72,'Person','Ronna Petric','Ronna','Petric',76,147,7,'2013-11-25','2013-11-25','2099-12-31',1),(73,'Person','Jase Schreiner','Jase','Schreiner',76,182,49,'2001-04-15','2001-04-15','2099-12-31',1),(74,'Person','Wylie Tight','Wylie','Tight',76,65,51,'2009-10-20','2009-10-20','2099-12-31',1),(75,'Person','Thatcher Vidler','Thatcher','Vidler',76,146,42,'2002-09-13','2002-09-13','2099-12-31',1),(76,'Org','Reynolds-Wisozk',NULL,NULL,76,110,10,'2007-01-17','2007-01-17','2099-12-31',1),(77,'Person','Guinevere Willment','Guinevere','Willment',76,93,19,'2003-06-04','2003-06-04','2099-12-31',1),(78,'Person','Jock Hasling','Jock','Hasling',76,136,41,'2007-10-09','2007-10-09','2099-12-31',1),(79,'Person','Evangelia Suermeier','Evangelia','Suermeier',76,210,11,'2003-04-19','2003-04-19','2099-12-31',1),(80,'Person','Gisele Read','Gisele','Read',76,198,34,'2002-08-22','2002-08-22','2099-12-31',1),(81,'Person','Humfried Luckett','Humfried','Luckett',76,54,50,'2015-10-28','2015-10-28','2099-12-31',1),(82,'Person','Israel O\'Day','Israel','O\'Day',76,205,9,'2015-03-21','2015-03-21','2099-12-31',1),(83,'Person','Matthew Waller-Bridge','Matthew','Waller-Bridge',76,136,33,'2012-09-16','2012-09-16','2099-12-31',1),(84,'Person','Dorita D\'Orsay','Dorita','D\'Orsay',76,22,6,'2017-09-04','2017-09-04','2099-12-31',1),(85,'Person','Ashleigh Yegorovnin','Ashleigh','Yegorovnin',76,154,2,'2003-02-22','2003-02-22','2099-12-31',1),(86,'Person','Muhammad Abbotts','Muhammad','Abbotts',76,112,44,'2018-12-19','2018-12-19','2099-12-31',1),(87,'Person','Henry James','Henry','James',76,1,4,'2022-09-15','2022-09-15','2099-12-31',1),(88,'Org','Bode and Sons',NULL,NULL,88,126,25,'2011-07-04','2011-07-04','2099-12-31',1),(89,'Person','Zsazsa Norker','Zsazsa','Norker',76,135,26,'2002-08-05','2002-08-05','2099-12-31',1),(90,'Person','De witt Dallicoat','De witt','Dallicoat',76,133,16,'2021-02-07','2021-02-07','2099-12-31',1),(91,'Person','Tiena Blumer','Tiena','Blumer',76,131,37,'2003-02-01','2003-02-01','2099-12-31',1),(92,'Person','Waylen Gosswell','Waylen','Gosswell',76,103,25,'2005-01-21','2005-01-21','2099-12-31',1),(93,'Person','Amye Blaker','Amye','Blaker',76,55,42,'2011-09-22','2011-09-22','2099-12-31',1),(94,'Org','Spencer and Sons',NULL,NULL,94,82,27,'2007-02-16','2007-02-16','2099-12-31',1),(95,'Person','Elaine Laxe','Elaine','Laxe',76,206,33,'2012-10-24','2012-10-24','2099-12-31',1),(96,'Person','George Spock','George','Spock',76,3,3,'1999-05-04','1999-05-04','2099-12-31',1),(97,'Person','Heidie Galego','Heidie','Galego',76,69,33,'2006-09-19','2006-09-19','2099-12-31',1),(98,'Person','Gaultiero Monard','Gaultiero','Monard',76,53,33,'2011-01-05','2011-01-05','2099-12-31',1),(99,'Person','Kimbell Mowat','Kimbell','Mowat',76,127,49,'2009-09-24','2009-09-24','2099-12-31',1),(100,'Person','Weber Doyley','Weber','Doyley',76,141,5,'2017-09-19','2017-09-19','2099-12-31',1),(101,'Person','Keir McCree','Keir','McCree',76,179,35,'2020-02-18','2020-02-18','2099-12-31',1),(102,'Person','Suzy Amy','Suzy','Amy',76,86,13,'2022-01-21','2022-01-21','2099-12-31',1),(103,'Person','Luce Malecky','Luce','Malecky',76,121,34,'2006-10-24','2006-10-24','2099-12-31',1),(104,'Person','Manda Fouracres','Manda','Fouracres',76,65,3,'2019-03-09','2019-03-09','2099-12-31',1),(105,'Person','Billy Richt','Billy','Richt',76,120,9,'2001-08-02','2001-08-02','2099-12-31',1),(106,'Org','Stevens Valley School',NULL,NULL,106,2,1,'1985-06-15','1985-06-15','2099-12-31',1),(107,'Person','Ester Harsant','Ester','Harsant',76,60,45,'2022-11-24','2022-11-24','2099-12-31',1),(108,'Org','Kilback-Cartwright',NULL,NULL,108,102,31,'2012-11-29','2012-11-29','2099-12-31',1),(109,'Person','Nancy  Drew','Nancy ','Drew',76,4,2,'2023-08-06','2023-08-06','2099-12-31',1),(110,'Person','Netty Beatson','Netty','Beatson',76,40,19,'2015-07-18','2015-07-18','2099-12-31',1),(111,'Person','Ranna Galliard','Ranna','Galliard',76,38,44,'2019-03-13','2019-03-13','2099-12-31',1),(112,'Person','Maxy Zoanetti','Maxy','Zoanetti',76,170,2,'2001-02-12','2001-02-12','2099-12-31',1),(113,'Person','Bevin Kareman','Bevin','Kareman',76,149,1,'2002-04-13','2002-04-13','2099-12-31',1),(114,'Person','Adora Alfonsetto','Adora','Alfonsetto',76,83,44,'2001-03-23','2001-03-23','2099-12-31',1),(115,'Org','Wisozk Group',NULL,NULL,115,210,24,'2003-01-29','2003-01-29','2099-12-31',1),(116,'Person','Garry Hince','Garry','Hince',76,28,28,'2011-03-16','2011-03-16','2099-12-31',1),(117,'Person','Gerry Greber','Gerry','Greber',76,174,49,'2016-03-08','2016-03-08','2099-12-31',1),(118,'Person','Paolina Brack','Paolina','Brack',76,152,44,'2007-10-02','2007-10-02','2099-12-31',1),(119,'Person','Bar Wellwood','Bar','Wellwood',76,73,40,'2017-06-12','2017-06-12','2099-12-31',1),(120,'Person','Inigo Labbet','Inigo','Labbet',76,14,34,'2016-09-14','2016-09-14','2099-12-31',1),(121,'Person','Melisenda Oliffe','Melisenda','Oliffe',76,196,41,'2016-07-30','2016-07-30','2099-12-31',1),(122,'Person','Lianna Paull','Lianna','Paull',76,181,12,'2004-12-03','2004-12-03','2099-12-31',1),(123,'Person','Vite Abrahim','Vite','Abrahim',76,208,22,'2008-04-29','2008-04-29','2099-12-31',1),(124,'Org','Barton-Carter',NULL,NULL,124,43,12,'2007-06-05','2007-06-05','2099-12-31',1),(125,'Person','Sandor Skinner','Sandor','Skinner',76,53,11,'2007-09-16','2007-09-16','2099-12-31',1),(126,'Person','Diane-marie Glenn','Diane-marie','Glenn',76,154,33,'2019-12-31','2019-12-31','2099-12-31',1),(127,'Person','Arnuad Glyssanne','Arnuad','Glyssanne',76,86,18,'2011-09-17','2011-09-17','2099-12-31',1),(128,'Person','Tully Alvarado','Tully','Alvarado',76,51,35,'2014-07-23','2014-07-23','2099-12-31',1),(129,'Person','Rafaelita Goulter','Rafaelita','Goulter',76,124,37,'2007-07-01','2007-07-01','2099-12-31',1),(130,'Person','Nanni Testin','Nanni','Testin',76,57,37,'2008-04-23','2008-04-23','2099-12-31',1),(131,'Person','Opaline Durnford','Opaline','Durnford',76,196,21,'2013-08-01','2013-08-01','2099-12-31',1),(132,'Org','Osinski and Sons',NULL,NULL,132,64,13,'2020-03-09','2020-03-09','2099-12-31',1),(133,'Person','Shepherd Hiley','Shepherd','Hiley',76,113,51,'2015-03-23','2015-03-23','2099-12-31',1),(134,'Person','Phil Helmke','Phil','Helmke',76,174,11,'2020-09-08','2020-09-08','2099-12-31',1),(135,'Org','Kunde, Dibbert and Haley',NULL,NULL,135,79,40,'1995-06-05','1995-06-05','2099-12-31',1),(136,'Org','Moen, McDermott and Hansen',NULL,NULL,136,115,23,'2000-03-28','2000-03-28','2099-12-31',1),(137,'Person','Drugi Stringer','Drugi','Stringer',76,6,37,'2007-10-12','2007-10-12','2099-12-31',1),(138,'Person','Wynn Gino','Wynn','Gino',76,181,35,'2005-05-01','2005-05-01','2099-12-31',1),(139,'Person','Sofia Marshland','Sofia','Marshland',76,199,38,'2015-12-26','2015-12-26','2099-12-31',1),(140,'Org','Kuvalis LLC',NULL,NULL,140,62,20,'2007-12-11','2007-12-11','2099-12-31',1),(141,'Person','Elysha Paddock','Elysha','Paddock',76,131,51,'2020-06-21','2020-06-21','2099-12-31',1),(142,'Person','Roshelle Escale','Roshelle','Escale',76,184,42,'2001-07-23','2001-07-23','2099-12-31',1),(143,'Person','Arly Paterson','Arly','Paterson',76,30,24,'2013-10-30','2013-10-30','2099-12-31',1),(144,'Person','Lacey Tremellan','Lacey','Tremellan',76,115,48,'2014-12-27','2014-12-27','2099-12-31',1),(145,'Person','Martino Upfold','Martino','Upfold',76,100,22,'2022-07-10','2022-07-10','2099-12-31',1),(146,'Person','Ollie Lenglet','Ollie','Lenglet',76,16,40,'2021-01-15','2021-01-15','2099-12-31',1),(147,'Person','Fayre Alekhov','Fayre','Alekhov',76,149,20,'2005-02-20','2005-02-20','2099-12-31',1),(148,'Person','Robert King','Robert','King',76,211,56,'2005-02-20','2005-02-20','2099-12-31',1),(149,'Org','Hedge Fund A',NULL,NULL,13,212,56,'2005-02-20','2005-02-20','2099-12-31',1),(150,'Person','Hanna Smith','Hanna','Smith',76,217,38,'2005-02-20','2005-02-20','2099-12-31',1),(151,'Person','Jerry Smith','Jerry','Smith',76,218,41,'2005-02-20','2005-02-20','2099-12-31',1),(152,'Person','Mariann Avocado','Mariann','Avocado',76,219,6,'2005-02-20','2005-02-20','2099-12-31',1),(153,'Person','Velvet Throat','Velvet','Throat',76,220,44,'2005-02-20','2005-02-20','2099-12-31',1),(154,'Person','Jared Livinglife','Jared','Livinglife',76,221,50,'2005-02-20','2005-02-20','2099-12-31',1),(155,'Person','Aphrodite Greek','Aphrodite','Greek',76,222,7,'2005-02-20','2005-02-20','2099-12-31',1),(156,'Person','Helen Troy','Helen','Troy',76,223,52,'2005-02-20','2005-02-20','2099-12-31',1);
/*!40000 ALTER TABLE `hh` ENABLE KEYS */;
UNLOCK TABLES;

--
-- Table structure for table `naics`
--

DROP TABLE IF EXISTS `naics`;
/*!40101 SET @saved_cs_client     = @@character_set_client */;
/*!50503 SET character_set_client = utf8mb4 */;
CREATE TABLE `naics` (
  `ID` int NOT NULL,
  `NAICS_CD` int NOT NULL,
  `DESCRIPTION` varchar(128) DEFAULT NULL,
  PRIMARY KEY (`ID`)
) ENGINE=InnoDB DEFAULT CHARSET=utf8mb4 COLLATE=utf8mb4_unicode_520_ci;
/*!40101 SET character_set_client = @saved_cs_client */;

--
-- Dumping data for table `naics`
--

LOCK TABLES `naics` WRITE;
/*!40000 ALTER TABLE `naics` DISABLE KEYS */;
INSERT INTO `naics` VALUES (1,531110,'Multi-Fam/Residential RE Owners/Lessors'),(2,525920,'Legal Entities for Trusts and Estates'),(3,531120,'Commercial Real Estate Owners or Lessors - Non-Residential (includes Holding Companies)'),(4,523999,'Private Equity - Non-Real Estate'),(5,551112,'Family Offices/Other Investments'),(6,523910,'Venture Capital Firms'),(7,523998,'PE - Non-Fund - Mgmt or Hold Co'),(8,531390,'Other Activities Related to Real Estate (e.g., Escrow Agents, Appraisers)'),(9,541611,'Management Consulting (including HR and Marketing)'),(10,511210,'Software Companies'),(11,523930,'Investment Management/Advisors'),(12,525990,'Private Equity - Real Estate'),(13,523920,'Hedge Funds / Portfolio Management'),(14,531311,'Property Managers - Residential'),(15,525991,'PE RE - Non-Fund -Mgmt or Hold Co'),(16,541110,'Attorneys'),(17,523911,'VC - Non-Fund - Mgmt or Hold Co'),(18,531210,'Real Estate Agents and Brokers / Loan Brokers (Mortgage and Non-Mortgage)'),(19,813990,'Homeowners / Condo Associations'),(20,813319,'Social Service, Charitable and Other 501(c)3 Organizations'),(21,523991,'Custodians and Fiduciaries '),(22,512110,'Motion Picture & TV Production and Distribution'),(23,621111,'Physicians'),(24,813211,'Foundations'),(25,531312,'Property Managers - Commercial'),(26,722511,'Restaurants - Any Type: Full Service, Fast Food, Cafeterias, etc.'),(27,236118,'General Contractors and Sub-Contractors - Residential'),(28,523921,'Hedge - Non-Fund - Mgmt or Hold Co'),(29,452319,'Retailers / General Merchandise and Services'),(30,541714,'Research and Development in Biotechnology (except Nanobiotechnology)'),(31,711510,'Performance Artists - Musical and Non-Musical'),(32,621399,'Other Health Care Service Providers'),(33,339999,'Manufacturing - All Industries'),(34,236220,'General Contractors and Sub-Contractors - Commercial'),(35,522110,'Banks/Credit Unions/Depository Institutions'),(36,525110,'Pension Funds '),(37,621210,'Dentists'),(38,541211,'Accounting / CPA Firms'),(39,541490,'Specialized Design Services (e.g., Interior, Graphic)'),(40,221114,'Solar Electric Power Generation '),(41,541690,'Scientific and Technical Consulting'),(42,541618,'Other Management Consulting Services '),(43,425120,'Wholesalers / Distributors - All Other Industries'),(44,541512,'Computer System Design and Implementation'),(45,524210,'Insurance Agents and Related Activities'),(46,541810,'Advertising and Public Relations Agencies'),(47,813940,'Political / Advocacy Organizations'),(48,721110,'Hotels (except Casino Hotels) and Motels '),(49,517919,'Internet, Online, and Other Telecommunications Service Providers'),(50,454110,'Electronic Shopping and Mail-Order Houses'),(51,541613,'Marketing Consulting Services '),(52,523110,'Investment Banking'),(53,541310,'Architecture and Landscape Architecture'),(54,312130,'Wine Makers and Wineries'),(55,611710,'Educational Services'),(56,481219,'Private Aircraft'),(57,452990,'Retailers / General Merchandise and Services'),(58,611110,'Pre-Schools, Elementary and Secondary Schools'),(59,813410,'Private Clubs (e.g. country clubs and civic/social organizations)'),(60,813110,'Religious Organizations'),(61,518210,'Data Processing, Hosting, and Related Services'),(62,713940,'Physical Fitness Facilities'),(63,522291,'Consumer / Real Estate Finance Companies'),(64,453920,'Art Dealers '),(65,711410,'Talent Agents and Business Managers for Artists, Entertainers, and Athletes'),(66,541330,'Engineering Services'),(67,711190,'Performing Arts Organizations'),(68,621112,'Psychologists'),(69,813910,'Business Associations / Professional Organizations'),(70,541410,'Interior Design Services'),(71,511199,'Publisher - Other'),(72,621498,'Medical Outpatient Treatment/Surgery Centers'),(73,424330,'Clothing and  Furnishings Wholesalers / Distributors - Men\'s/Women\'s/Children\'s'),(74,623110,'Nursing Homes / Assisted Living Facilities'),(75,561110,'Office Administrative Services'),(76,814110,'Private Households'),(77,713990,'Sports / Recreation Organizations'),(78,523120,'Securities Brokerage'),(79,446120,'Cosmetics, Beauty Supplies, and Perfume Stores '),(80,483212,'Private Yachts'),(81,424820,'Wine Wholesalers and Warehousing'),(82,532490,'Other Commercial and Industrial Machinery and Equipment Rental and Leasing '),(83,621511,'Medical and Related Laboratories '),(84,531190,'Lessors of Other Real Estate Property '),(85,621610,'Home Health Care Services'),(86,541511,'Custom Computer Programming Services '),(87,512230,'Publisher - Music'),(88,541715,'Research and Development in the Physical, Engineering, and Life Sciences (except Nanotechnology and Biotechnology)'),(89,519130,'Internet Publishing and Broadcasting and Web Search Portals'),(90,561499,'All Other Business Support Services '),(91,722310,'Food Service Contractors'),(92,812990,'All Other Personal Services '),(93,111332,'Wine Grape Growers'),(94,488190,'Aircraft Support Services'),(95,112990,'Horse / Ranching / Cattle and Related Services'),(96,423110,'Auto and Motorcycle Dealers / Wholesalers (New or Used)'),(97,111998,'Crop Farming - All Types (except wine grape growers)'),(98,722410,'Bars, Nightclubs, and Lounges'),(99,541990,'All Other Professional, Scientific, and Technical Services'),(100,334413,'Semiconductor and Related Device Manufacturing '),(101,561311,'Employment Placement Agencies '),(102,561990,'All Other Support Services'),(103,811111,'Automotive Repairs (All)'),(104,812112,'Beauty Salons '),(105,522292,'Real Estate Credit '),(106,237210,'Land Subdivision '),(107,622110,'General Medical and Surgical Hospitals '),(108,812199,'Other Personal Care Services '),(109,541840,'Media Sales Agents'),(110,488999,'Transportation Related Services - All Others'),(111,423450,'Medical, Dental, and Hospital Equipment and Supplies Merchant Wholesalers '),(112,512191,'Post-Production and Special Effects Services'),(113,621330,'Offices of Mental Health Practitioners (except Physicians) '),(114,711130,'Musical Groups and Artists '),(115,621310,'Chiropractors'),(116,446191,'Food (Health) Supplement Stores '),(117,721199,'Traveler Accommodations - All Others'),(118,522310,'Mortgage and Nonmortgage Loan Brokers '),(119,524298,'All Other Insurance Related Activities '),(120,488510,'Freight Transportation Arrangement '),(121,325412,'Pharmaceutical Preparation Manufacturing '),(122,712110,'Museums'),(123,561510,'Travel Agencies'),(124,533110,'Lessors of Nonfinancial Intangible Assets (except Copyrighted Works)'),(125,561920,'Convention and Trade Show Organizers'),(126,541219,'Other Accounting Services '),(127,611620,'Sports and Recreation Instruction '),(128,493110,'Storage & Warehousing'),(129,541519,'Other Computer Related Services'),(130,236115,'New Single-Family Housing Construction (except For-Sale Builders) '),(131,541214,'Payroll Services'),(132,611430,'Professional and Management Development Training '),(133,624110,'Child and Youth Services '),(134,621340,'Offices of Physical, Occupational and Speech Therapists, and Audiologists '),(135,531130,'Lessors of Miniwarehouses and Self-Storage Units '),(136,423940,'Jewelry, Watch, and Precious Stones/Metal  Manufacturers and Wholesalers'),(137,448310,'Jewelry Stores / Watch Stores'),(138,611519,'Technical and Trade Schools'),(139,561720,'Janitorial Services '),(140,541940,'Veterinary Professional / Treatment Centers'),(141,515120,'TV and Radio Broadcasting Stations / Networks'),(142,541921,'Photography Studios, Portrait '),(143,339112,'Surgical and Medical Instrument Manufacturing '),(144,624190,'Other Individual and Family Services '),(145,446110,'Pharmacies and Drug Stores'),(146,611310,'Private Colleges and Universities'),(147,312120,'Breweries & Distrilleries'),(148,541430,'Graphic Design Services'),(149,445110,'Supermarkets and Other Grocery Stores'),(150,611699,'All Other Miscellaneous Schools and Instruction '),(151,512199,'Other Motion Picture and Video Industries '),(152,238220,'Plumbing, Heating, and Air-Conditioning Contractors '),(153,711310,'Promoters of Performing Arts, Sports, and Similar Events with Facilities '),(154,238210,'Electrical Contractors and Other Wiring Installation Contractors'),(155,722320,'Caterers'),(156,541711,'Biotechnology and Medical Devices'),(157,423820,'Wine Equipment, Suppliers, and Services'),(158,541612,'Human Resources Consulting Services '),(159,236116,'New Multifamily Housing Construction (except For-Sale Builders) '),(160,541199,'All Other Legal Services '),(161,541620,'Environmental Consulting Services'),(162,213112,'Mining and Related Support Activities'),(163,561612,'Security Guards and Patrol Services '),(164,237130,'Power and Communication Line and Related Structures Construction '),(165,541614,'Process, Physical Distribution, and Logistics Consulting Services '),(166,112920,'Horses and Other Equine Production'),(167,561520,'Tour Operators'),(168,812910,'Pet Care (except Veterinary) Services '),(169,511130,'Book Publishers '),(170,561312,'Executive Search Services '),(171,447110,'Gas Stations (With or Without Stores) and Petroleum Related Businesses'),(172,621420,'Outpatient Mental Health and Substance Abuse Centers '),(173,522320,'Third-Party Payment Processing'),(174,711320,'Promoters of Performing Arts, Sports, and Similar Events without Facilities '),(175,921110,'Local Governments & Municipalities'),(176,236117,'New Housing For-Sale Builders '),(177,611610,'Fine Arts Schools '),(178,561730,'Landscaping Services'),(179,488390,'Marine Support Services'),(180,448120,'Women\'s Clothing Stores '),(181,711219,'Other Spectator Sports '),(182,561599,'Ticket Agents / Brokers'),(183,541380,'Testing Laboratories'),(184,541922,'Commercial Photography '),(185,722515,'Snack and Nonalcoholic Beverage Bars '),(186,111110,'Soybean Farming'),(187,541820,'Public Relations Agencies'),(188,621320,'Offices of Optometrists'),(189,221115,'Wind Electric Power Generation '),(190,532411,'Commercial Air, Rail, and Water Transportation Equipment Rental and Leasing '),(191,453998,'All Other Miscellaneous Store Retailers (except Tobacco Stores) '),(192,711211,'Sports Teams and Clubs '),(193,525910,'Open-End Investment Funds '),(194,811192,'Car Washes '),(195,624410,'Child Day Care Services '),(196,512120,'Motion Picture and Video Distribution'),(197,541720,'Research and Development in the Social Sciences and Humanities '),(198,541890,'Other Services Related to Advertising '),(199,311999,'All Other Miscellaneous Food Manufacturing '),(200,813920,'Professional Organizations '),(201,485310,'Taxi/Limousine Service'),(202,221310,'Water Supply and Irrigation Systems '),(203,445299,'All Other Specialty Food Stores '),(204,484110,'General Freight Trucking, Local '),(205,812930,'Parking Lots and Garages '),(206,315990,'Apparel Accessories and Other Apparel Manufacturing '),(207,711110,'Theater Companies and Dinner Theaters '),(208,492110,'Couriers and Express Delivery Services'),(209,611691,'Exam Preparation and Tutoring '),(210,451110,'Sporting Goods Stores '),(211,323111,'Commercial Printing (except Screen and Books) '),(212,522220,'Sales Financing '),(213,623312,'Assisted Living Facilities for the Elderly '),(214,541320,'Landscape Architectural Services'),(215,238990,'All Other Specialty Trade Contractors'),(216,512250,'Record Production and Distribution'),(217,311920,'Coffee and Tea Manufacturing '),(218,812320,'Drycleaning and Laundry Services (except Coin-Operated) '),(219,519190,'All Other Information Services'),(220,442110,'Furniture Stores '),(221,481211,'Nonscheduled Chartered Passenger Air Transportation '),(222,481111,'Scheduled Passenger Air Transportation '),(223,441222,'Boat Dealers'),(224,812310,'Coin-Operated Laundries and Drycleaners '),(225,541213,'Tax Preparation Services '),(226,512131,'Motion Picture Theaters (except Drive-Ins) '),(227,487210,'Scenic and Sightseeing Transportation, Water'),(228,722513,'Limited-Service Restaurants '),(229,713910,'Golf Courses and Country Clubs'),(230,312140,'Distilleries '),(231,115116,'Farm Management Services '),(232,448190,'Other Clothing Stores '),(233,448150,'Clothing Accessories Stores '),(234,541191,'Title Abstract and Settlement Offices '),(235,561611,'Investigation Services '),(236,423430,'Computer and Computer Peripheral Equipment and Software Merchant Wholesalers '),(237,485999,'All Other Transit and Ground Passenger Transportation '),(238,512240,'Sound Recording Studios'),(239,722330,'Mobile Food Services'),(240,811121,'Automotive Body, Paint, and Interior Repair and Maintenance '),(241,624229,'Other Community Housing Services '),(242,493190,'Other Warehousing and Storage'),(243,446199,'All Other Health and Personal Care Stores '),(244,334419,'Other Electronic Component Manufacturing '),(245,813312,'Environment, Conservation and Wildlife Organizations '),(246,311811,'Retail Bakeries '),(247,453220,'Gift, Novelty, and Souvenir Stores '),(248,453110,'Florists '),(249,541910,'Marketing Research and Public Opinion Polling'),(250,111335,'Tree Nut Farming '),(251,424210,'Drugs and Druggists Sundries Merchant Wholesalers'),(252,221122,'Electric Power Distribution '),(253,238320,'Painting and Wall Covering Contractors'),(254,453910,'Pet and Pet Supplies Stores '),(255,312111,'Soft Drink Manufacturing '),(256,624120,'Services for the Elderly and Persons with Disabilities '),(257,812113,'Nail Salons'),(258,445310,'Liquor Stores'),(259,339920,'Sporting and Athletic Goods Manufacturing'),(260,561621,'Security Systems Services (except Locksmiths) '),(261,561790,'Other Services to Buildings and Dwellings '),(262,551114,'Corporate, Subsidiary, and Regional Managing Offices '),(263,424490,'Other Grocery and Related Products Merchant Wholesalers '),(264,541930,'Translation and Interpretation Services'),(265,924110,'Administration of Air and Water Resource and Solid Waste Management Programs '),(266,812111,'Barber Shops '),(267,922130,'Legal Counsel and Prosecution '),(268,441120,'Used Car Dealers '),(269,311919,'Other Snack Food Manufacturing '),(270,453310,'Used Merchandise Stores '),(271,541713,'Research and development in Nanotechnology'),(272,522298,'Pawnbrokers'),(273,442299,'All Other Home Furnishings Stores '),(274,532284,'Recreational Goods Rental '),(275,532120,'Truck, Utility Trailer, and RV (Recreational Vehicle) Rental and Leasing '),(276,451211,'Book Stores '),(277,532111,'Passenger Car Rental '),(278,454390,'Other Direct Selling Establishments '),(279,441310,'Automotive Parts and Accessories Stores '),(280,813219,'Other Grantmaking and Giving Services '),(281,541870,'Advertising Material Distribution Services'),(282,423990,'Other Miscellaneous Durable Goods Merchant Wholesalers '),(283,112111,'Beef Cattle Ranching and Farming '),(284,561320,'Temporary Help Services'),(285,423910,'Sporting and Recreational Goods and Supplies Merchant Wholesalers '),(286,541420,'Industrial Design Services'),(287,423390,'Other Construction Material Merchant Wholesalers '),(288,524292,'Third Party Administration of Insurance and Pension Funds '),(289,511120,'Periodical Publishers '),(290,621410,'Family Planning Centers '),(291,221118,'Other Electric Power Generation '),(292,336411,'Aircraft Manufacturing '),(293,562112,'Hazardous Waste Collection and Treatment'),(294,423210,'Furniture Merchant Wholesalers '),(295,444190,'Other Building Material Dealers '),(296,561710,'Exterminating and Pest Control Services'),(297,492210,'Local Messengers and Local Delivery'),(298,423620,'Household Appliances, Electric Housewares, and Consumer Electronics Merchant Wholesalers '),(299,115210,'Support Activities for Animal Production'),(300,333999,'All Other Miscellaneous General Purpose Machinery Manufacturing '),(301,721211,'RV (Recreational Vehicle) Parks and Campgrounds '),(302,448140,'Family Clothing Stores '),(303,423830,'Industrial Machinery and Equipment Merchant Wholesalers '),(304,238160,'Roofing Contractors '),(305,621999,'All Other Miscellaneous Ambulatory Health Care Services '),(306,445120,'Convenience Stores'),(307,522130,'Credit Unions '),(308,561330,'Professional Employer Organizations'),(309,334310,'Audio and Video Equipment Manufacturing'),(310,423120,'Motor Vehicle Supplies and New Parts Merchant Wholesalers '),(311,713930,'Marinas'),(312,811310,'Commercial and Industrial Machinery and Equipment (except Automotive and Electronic) Repair and Maintenance '),(313,811490,'Other Personal and Household Goods Repair and Maintenance '),(314,721191,'Bed-and-Breakfast Inns '),(315,238330,'Flooring Contractors'),(316,624230,'Emergency and Other Relief Services '),(317,339930,'Doll, Toy, and Game Manufacturing'),(318,441228,'Plane Dealership'),(319,811198,'All Other Automotive Repair and Maintenance '),(320,445291,'Baked Goods Stores '),(321,423220,'Home Furnishing Merchant Wholesalers '),(322,221210,'Natural Gas Distribution '),(323,484121,'General Freight Trucking, Long-Distance, Truckload '),(324,484210,'Used Household and Office Goods Moving'),(325,623220,'Residential Mental Health and Substance Abuse Facilities '),(326,621512,'Diagnostic Imaging Centers '),(327,336611,'Ship Building and Repairing '),(328,423690,'Other Electronic Parts and Equipment Merchant Wholesalers '),(329,213111,'Drilling Oil and Gas Wells'),(330,525190,'Other Insurance Funds '),(331,311111,'Dog and Cat Food Manufacturing '),(332,424310,'Piece Goods, Notions, and Other Dry Goods Merchant Wholesalers '),(333,325620,'Toilet Preparation Manufacturing'),(334,541513,'Computer Facilities Management Services '),(335,923110,'Administration of Education Programs '),(336,517311,'Wired Telecommunications Carriers '),(337,444220,'Nursery, Garden Center, and Farm Supply Stores '),(338,561910,'Packaging and Labeling Services'),(339,337110,'Wood Kitchen Cabinet and Countertop Manufacturing'),(340,451120,'Hobby, Toy, and Game Stores '),(341,424480,'Fresh Fruit and Vegetable Merchant Wholesalers '),(342,424940,'Tobacco and Tobacco Product Manufacturers and Wholesalers'),(343,531320,'Offices of Real Estate Appraisers '),(344,325920,'Arms, Explosives, Ammunition, and Other Military Equipment Dealers and Manufacturers'),(345,425110,'Business to Business Electronic Markets '),(346,334510,'Electromedical and Electrotherapeutic Apparatus Manufacturing '),(347,524126,'Direct Property and Casualty Insurance Carriers '),(348,522390,'Check Cashing, Payday Lending, or Similar Monetary Services'),(349,325414,'Biological Product (except Diagnostic) Manufacturing '),(350,424810,'Beer and Ale Merchant Wholesalers '),(351,721214,'Recreational and Vacation Camps (except Campgrounds) '),(352,325411,'Medicinal and Botanical Manufacturing '),(353,624210,'Community Food Services '),(354,621493,'Freestanding Ambulatory Surgical and Emergency Centers '),(355,111421,'Nursery and Tree Production '),(356,238290,'Other Building Equipment Contractors '),(357,524128,'Other Direct Insurance (except Life, Health, and Medical) Carriers '),(358,561440,'Collection Agencies'),(359,621991,'Blood and Organ Banks '),(360,711120,'Dance Companies '),(361,523210,'Securities and Commodity Exchanges'),(362,326199,'All Other Plastics Product Manufacturing '),(363,423850,'Service Establishment Equipment and Supplies Merchant Wholesalers '),(364,446130,'Optical Goods Stores '),(365,424930,'Flower, Nursery Stock, and Florists\' Supplies Merchant Wholesalers '),(366,611420,'Computer Training '),(367,512290,'Other Sound Recording Industries'),(368,541712,'Research and Development in the Physical, Engineering, and Life Sciences (except Biotechnology) '),(369,624310,'Vocational Rehabilitation Services '),(370,339114,'Dental Equipment and Supplies Manufacturing '),(371,315240,'Womens, Girls, and Infants Cut and Sew Apparel Manufacturing '),(372,532412,'Construction, Mining, and Forestry Machinery and Equipment Rental and Leasing '),(373,541370,'Surveying and Mapping (except Geophysical) Services'),(374,541850,'Outdoor Advertising'),(375,927110,'Space Research and Technology '),(376,677000,'SPECIAL PURPOSE ACQUISITION CORP'),(377,424990,'Other Miscellaneous Nondurable Goods Merchant Wholesalers '),(378,335999,'All Other Miscellaneous Electrical Equipment and Component Manufacturing '),(379,562998,'All Other Miscellaneous Waste Management Services '),(380,444130,'Hardware Stores '),(381,532289,'All Other Consumer Goods Rental '),(382,523130,'Commodity Contracts Dealing '),(383,999999,'Unknown'),(384,611110,'Education'),(385,324110,'Oil Refining/Marketing'),(386,325998,'Specialty Chemicals'),(387,334220,'Radio And Television Broadcasting And Communications Equipment'),(388,325998,'Agricultural Chemicals');
/*!40000 ALTER TABLE `naics` ENABLE KEYS */;
UNLOCK TABLES;

--
-- Table structure for table `product`
--

DROP TABLE IF EXISTS `product`;
/*!40101 SET @saved_cs_client     = @@character_set_client */;
/*!50503 SET character_set_client = utf8mb4 */;
CREATE TABLE `product` (
  `ID` int NOT NULL,
  `Type` varchar(128) NOT NULL,
  `Name` varchar(128) NOT NULL,
  `Start_Dt` date NOT NULL,
  `End_Dt` date NOT NULL,
  `Is_Current` int NOT NULL,
  PRIMARY KEY (`ID`)
) ENGINE=InnoDB DEFAULT CHARSET=utf8mb4 COLLATE=utf8mb4_unicode_520_ci;
/*!40101 SET character_set_client = @saved_cs_client */;

--
-- Dumping data for table `product`
--

LOCK TABLES `product` WRITE;
/*!40000 ALTER TABLE `product` DISABLE KEYS */;
INSERT INTO `product` VALUES (1,'Checking','Simple Checking','2022-09-15','2099-12-31',1),(2,'Loan','Commercial Loan','2022-09-15','2099-12-31',1),(3,'Loan','Commercial Real-Estate','2022-09-15','2099-12-31',1),(4,'Securities','Investment','2022-09-15','2099-12-31',1),(5,'Saving','CD','2022-09-15','2099-12-31',1),(6,'Saving','Passbook Saving','2022-09-15','2099-12-31',1),(7,'Loan','SFR','2022-09-15','2099-12-31',1),(8,'Loan','Line of Credit-Current','2022-09-15','2099-12-31',1),(9,'Loan','Line of Credit-Future','2022-09-15','2099-12-31',1),(10,'Loan','ODLOC','2022-09-15','2099-12-31',1),(11,'Checking','Business Checking','2022-09-15','2099-12-31',1),(12,'Checking','High-Yield Checking','2022-09-15','2099-12-31',1);
/*!40000 ALTER TABLE `product` ENABLE KEYS */;
UNLOCK TABLES;

--
-- Table structure for table `relationship`
--

DROP TABLE IF EXISTS `relationship`;
/*!40101 SET @saved_cs_client     = @@character_set_client */;
/*!50503 SET character_set_client = utf8mb4 */;
CREATE TABLE `relationship` (
  `ID` int NOT NULL,
  `Account_ID` int NOT NULL,
  `Client_ID` int NOT NULL,
  `Relationship_Type` varchar(128) NOT NULL,
  `Start_Dt` date NOT NULL,
  `End_Dt` date NOT NULL,
  `Is_Current` int NOT NULL,
  PRIMARY KEY (`ID`),
  KEY `Account_ID` (`Account_ID`),
  KEY `Client_ID` (`Client_ID`),
  CONSTRAINT `relationship_ibfk_1` FOREIGN KEY (`Account_ID`) REFERENCES `account` (`ID`),
  CONSTRAINT `relationship_ibfk_2` FOREIGN KEY (`Client_ID`) REFERENCES `client` (`ID`)
) ENGINE=InnoDB DEFAULT CHARSET=utf8mb4 COLLATE=utf8mb4_unicode_520_ci;
/*!40101 SET character_set_client = @saved_cs_client */;

--
-- Dumping data for table `relationship`
--

LOCK TABLES `relationship` WRITE;
/*!40000 ALTER TABLE `relationship` DISABLE KEYS */;
INSERT INTO `relationship` VALUES (1,1,3,'Primary','2022-09-15','2099-12-31',1),(2,2,3,'Primary','2022-09-15','2099-12-31',1),(3,3,3,'Primary','2022-09-15','2099-12-31',1),(4,4,3,'Primary','2022-09-15','2099-12-31',1),(5,5,3,'Primary','2022-09-15','2099-12-31',1),(6,6,3,'Primary','2022-09-15','2099-12-31',1),(7,7,3,'Primary','2022-09-15','2099-12-31',1),(8,1,1,'Authorized Signer','2022-09-15','2099-12-31',1),(9,1,4,'Authorized Signer','2022-09-15','2099-12-31',1),(10,1,5,'Reporter','2022-09-15','2099-12-31',1),(11,1,6,'Reporter','2022-09-15','2099-12-31',1),(12,2,1,'Authorized Signer','2022-09-15','2099-12-31',1),(13,2,4,'Authorized Signer','2022-09-15','2099-12-31',1),(14,2,5,'Reporter','2022-09-15','2099-12-31',1),(15,2,6,'Reporter','2022-09-15','2099-12-31',1),(16,3,1,'Authorized Signer','2022-09-15','2099-12-31',1),(17,3,4,'Authorized Signer','2022-09-15','2099-12-31',1),(18,3,5,'Reporter','2022-09-15','2099-12-31',1),(19,3,6,'Reporter','2022-09-15','2099-12-31',1),(20,4,1,'Authorized Signer','2022-09-15','2099-12-31',1),(21,4,4,'Authorized Signer','2022-09-15','2099-12-31',1),(22,4,5,'Reporter','2022-09-15','2099-12-31',1),(23,4,6,'Reporter','2022-09-15','2099-12-31',1),(24,5,1,'Authorized Signer','2022-09-15','2099-12-31',1),(25,5,4,'Authorized Signer','2022-09-15','2099-12-31',1),(26,5,5,'Reporter','2022-09-15','2099-12-31',1),(27,5,6,'Reporter','2022-09-15','2099-12-31',1),(28,6,1,'Authorized Signer','2022-09-15','2099-12-31',1),(29,6,4,'Authorized Signer','2022-09-15','2099-12-31',1),(30,6,5,'Reporter','2022-09-15','2099-12-31',1),(31,6,6,'Reporter','2022-09-15','2099-12-31',1),(32,7,1,'Authorized Signer','2022-09-15','2099-12-31',1),(33,7,4,'Authorized Signer','2022-09-15','2099-12-31',1),(34,7,5,'Reporter','2022-09-15','2099-12-31',1),(35,7,6,'Reporter','2022-09-15','2099-12-31',1),(36,8,4,'Primary','2022-09-15','2099-12-31',1),(37,8,7,'Secondary','2022-09-15','2099-12-31',1),(38,9,4,'Primary','2022-09-15','2099-12-31',1),(39,9,7,'Secondary','2022-09-15','2099-12-31',1),(40,10,4,'Primary','2022-09-15','2099-12-31',1),(41,10,7,'Secondary','2022-09-15','2099-12-31',1),(42,11,4,'Primary','2022-09-15','2099-12-31',1),(43,11,7,'Secondary','2022-09-15','2099-12-31',1),(44,12,4,'Primary','2022-09-15','2099-12-31',1),(45,12,7,'Secondary','2022-09-15','2099-12-31',1),(46,13,4,'Primary','2022-09-15','2099-12-31',1),(47,13,7,'Secondary','2022-09-15','2099-12-31',1),(48,14,4,'Primary','2022-09-15','2099-12-31',1),(49,14,7,'Secondary','2022-09-15','2099-12-31',1),(50,15,4,'Primary','2022-09-15','2099-12-31',1),(51,15,7,'Secondary','2022-09-15','2099-12-31',1),(52,16,1,'Primary','2022-09-15','2099-12-31',1),(53,17,1,'Primary','2022-09-15','2099-12-31',1),(54,18,1,'Primary','2022-09-15','2099-12-31',1),(55,19,1,'Primary','2022-09-15','2099-12-31',1),(56,20,1,'Primary','2022-09-15','2099-12-31',1),(57,16,2,'Secondary','2022-09-15','2099-12-31',1),(58,17,2,'Secondary','2022-09-15','2099-12-31',1),(59,18,2,'Secondary','2022-09-15','2099-12-31',1),(60,19,2,'Secondary','2022-09-15','2099-12-31',1),(61,20,2,'Secondary','2022-09-15','2099-12-31',1),(62,21,5,'Primary','2022-09-15','2099-12-31',1),(63,22,5,'Primary','2022-09-15','2099-12-31',1),(64,23,5,'Primary','2022-09-15','2099-12-31',1),(65,24,6,'Primary','2022-09-15','2099-12-31',1),(66,16,6,'Primary','2022-09-15','2099-12-31',1),(67,26,8,'Primary','2022-09-15','2099-12-31',1),(68,27,7,'Primary','2022-09-15','2099-12-31',1),(69,28,7,'Primary','2022-09-15','2099-12-31',1),(70,27,4,'Secondary','2022-09-15','2099-12-31',1),(71,28,4,'Secondary','2022-09-15','2099-12-31',1),(72,29,259,'Primary','2022-09-15','2099-12-31',1),(73,30,259,'Primary','2022-09-15','2099-12-31',1),(74,31,266,'Primary','2022-09-15','2099-12-31',1),(75,32,266,'Primary','2022-09-15','2099-12-31',1),(76,33,261,'Primary','2022-09-15','2099-12-31',1),(77,34,261,'Primary','2022-09-15','2099-12-31',1),(78,35,267,'Primary','2022-09-15','2099-12-31',1),(79,36,265,'Primary','2022-09-15','2099-12-31',1),(80,37,265,'Primary','2022-09-15','2099-12-31',1),(81,38,262,'Primary','2022-09-15','2099-12-31',1),(82,39,263,'Primary','2022-09-15','2099-12-31',1),(83,40,264,'Primary','2022-09-15','2099-12-31',1),(84,41,264,'Primary','2022-09-15','2099-12-31',1),(85,42,264,'Primary','2022-09-15','2099-12-31',1);
/*!40000 ALTER TABLE `relationship` ENABLE KEYS */;
UNLOCK TABLES;

--
-- Table structure for table `transactions`
--

DROP TABLE IF EXISTS `transactions`;
/*!40101 SET @saved_cs_client     = @@character_set_client */;
/*!50503 SET character_set_client = utf8mb4 */;
CREATE TABLE `transactions` (
  `ID` int NOT NULL,
  `Date_ID` int NOT NULL,
  `Account_ID` int NOT NULL,
  `Transaction_Type` varchar(128) NOT NULL,
  `Transfer_Acct_Nbr` varchar(128) DEFAULT NULL,
  `ACH_Acct_Nbr` varchar(128) DEFAULT NULL,
  `ACH_Rtg_Nbr` varchar(128) DEFAULT NULL,
  `Transaction_Purpose` varchar(128) DEFAULT NULL,
  `Transaction_Description` varchar(256) DEFAULT NULL,
  `Transaction_Amount` float DEFAULT NULL,
  `Balance` float DEFAULT NULL,
  PRIMARY KEY (`ID`),
  KEY `Date_ID` (`Date_ID`),
  KEY `Account_ID` (`Account_ID`),
  CONSTRAINT `transactions_ibfk_1` FOREIGN KEY (`Date_ID`) REFERENCES `date` (`ID`),
  CONSTRAINT `transactions_ibfk_2` FOREIGN KEY (`Account_ID`) REFERENCES `account` (`ID`)
) ENGINE=InnoDB DEFAULT CHARSET=utf8mb4 COLLATE=utf8mb4_unicode_520_ci;
/*!40101 SET character_set_client = @saved_cs_client */;

--
-- Dumping data for table `transactions`
--

LOCK TABLES `transactions` WRITE;
/*!40000 ALTER TABLE `transactions` DISABLE KEYS */;
INSERT INTO `transactions` VALUES (1,1,29,'ACH',NULL,NULL,NULL,'Bills & utilities','BILL PAY AUTO DEBIT PG&E SAN FRANCISCO UTILITY BILL',-320.5,99679.5),(2,1,29,'Transfer',NULL,NULL,NULL,'Investment','ONLINE TRANSFER TO HEDGE FUND A INVESTMENT ACCOUNT',-50000,49679.5),(3,2,29,'Debit Card',NULL,NULL,NULL,'Food & drink','POS PURCHASE #4567 WHOLE FOODS MARKET SF',-45.75,49633.8),(4,3,29,'ACH',NULL,NULL,NULL,'Employment','ACH DEPOSIT HEDGE FUND A PAYROLL ROBERT KING',250000,299634),(5,3,29,'Debit Card',NULL,NULL,NULL,'Entertainment','POS PURCHASE #7890 SF SYMPHONY TICKETS',-120,299514),(6,4,29,'Transfer',NULL,NULL,NULL,'Loan','ONLINE TRANSFER TO MORTGAGE PAYMENT',-25000,274514),(7,4,29,'Zelle',NULL,NULL,NULL,'Personal','ZELLE PAYMENT TO ALICE KING ALLOWANCE',-200,274314),(8,5,29,'Debit Card',NULL,NULL,NULL,'Gas','POS PURCHASE #9876 CHEVRON SF',-75,274239),(9,5,29,'Debit Card',NULL,NULL,NULL,'Shopping','POS PURCHASE #1234 APPLE STORE SF',-450,273789),(10,6,29,'ACH',NULL,NULL,NULL,'Benefits','ACH CREDIT HEDGE FUND A HEALTH INSURANCE REIMBURSEMENT',1500,275289),(11,6,29,'Debit Card',NULL,NULL,NULL,'Health & Wellness','POS PURCHASE #2468 24 HOUR FITNESS MEMBERSHIP SF',-350,274939),(12,7,29,'Check',NULL,NULL,NULL,'Tax','CHECK #56789 PAYMENT TO IRS 2023 Q3 ESTIMATED TAX',-15000,259939),(13,8,29,'Transfer',NULL,NULL,NULL,'Investment','ONLINE TRANSFER TO TECH STARTUP XYZ SERIES B INVESTMENT',-75000,184939),(14,9,29,'Debit Card',NULL,NULL,NULL,'Food & drink','POS PURCHASE #2034 STARBUCKS SF',-30,184909),(15,9,29,'Debit Card',NULL,NULL,NULL,'Travel','POS PURCHASE #4567 UNITED AIRLINES FLIGHT BOOKING',-500,184409),(16,10,29,'ACH',NULL,NULL,NULL,'Professional Services','ACH DEBIT LEGAL FEES FOR HEDGE FUND A CONSULTATION',-10000,174409),(17,11,29,'Debit Card',NULL,NULL,NULL,'Grocieries','POS PURCHASE #6789 SAFEWAY GROCERIES SF',-210,174199),(18,12,29,'Debit Card',NULL,NULL,NULL,'Entertainment','POS PURCHASE #7890 SF MUSEUM OF MODERN ART GALA TICKET',-300,173899),(19,13,29,'Transfer',NULL,NULL,NULL,'Personal','ONLINE TRANSFER TO TECH COMPANY X BOARD MEETING EXPENSES',-1500,172399),(20,14,29,'Debit Card',NULL,NULL,NULL,'Shopping','POS PURCHASE #1234 NIEMAN MARCUS SF',-1200,171199),(21,15,29,'ACH',NULL,NULL,NULL,'Bills & utilities','BILL PAY AUTO DEBIT COMCAST SAN FRANCISCO UTILITY BILL',-250,170949),(22,16,29,'Debit Card',NULL,NULL,NULL,'Food & drink','POS PURCHASE #2034 MICHAEL MINA RESTAURANT SF',-85,170864),(23,17,29,'Transfer',NULL,NULL,NULL,'Investment','ONLINE TRANSFER TO VANGUARD INDEX FUND INVESTMENT',-100000,70863.8),(24,18,29,'Debit Card',NULL,NULL,NULL,'Travel','POS PURCHASE #4567 DELTA AIRLINES BUSINESS CLASS UPGRADE',-3000,67863.8),(25,19,29,'Debit Card',NULL,NULL,NULL,'Health & Wellness','POS PURCHASE #2468 EQUINOX GYM MEMBERSHIP SF',-500,67363.8),(26,20,29,'ACH',NULL,NULL,NULL,'Employment','ACH DEPOSIT HEDGE FUND A PAYROLL ROBERT KING',250000,317364),(27,21,29,'Debit Card',NULL,NULL,NULL,'Shopping','POS PURCHASE #1234 BLOOMINGDALE\'S SF',-750,316614),(28,22,29,'Debit Card',NULL,NULL,NULL,'Food & drink','POS PURCHASE #2034 BLUE BOTTLE COFFEE SF',-60,316554),(29,23,29,'Debit Card',NULL,NULL,NULL,'Entertainment','POS PURCHASE #7890 SF JAZZ CENTER TICKETS',-180,316374),(30,24,29,'Transfer',NULL,NULL,NULL,'Loan','ONLINE TRANSFER TO MORTGAGE PAYMENT',-25000,291374),(31,25,29,'Debit Card',NULL,NULL,NULL,'Gas','POS PURCHASE #9876 SHELL GAS STATION SF',-80,291294),(32,26,29,'Debit Card',NULL,NULL,NULL,'Shopping','POS PURCHASE #1234 GUCCI STORE SF',-650,290644),(33,27,29,'ACH',NULL,NULL,NULL,'Benefits','ACH CREDIT HEDGE FUND A HEALTH INSURANCE REIMBURSEMENT',1500,292144),(34,28,29,'Debit Card',NULL,NULL,NULL,'Health & Wellness','POS PURCHASE #2468 SOULCYCLE CLASS PACKAGE SF',-250,291894),(35,29,29,'Transfer',NULL,NULL,NULL,'Investment','ONLINE TRANSFER TO HEDGE FUND A INVESTMENT ACCOUNT',-50000,241894),(36,30,29,'Debit Card',NULL,NULL,NULL,'Food & drink','POS PURCHASE #2034 PHILZ COFFEE SF',-40,241854),(37,31,29,'Debit Card',NULL,NULL,NULL,'Travel','POS PURCHASE #4567 HILTON HOTEL BOOKING SF',-700,241154),(38,32,29,'ACH',NULL,NULL,NULL,'Bills & utilities','BILL PAY AUTO DEBIT PG&E SAN FRANCISCO UTILITY BILL',-320.5,240833),(39,33,29,'Debit Card',NULL,NULL,NULL,'Food & drink','POS PURCHASE #4567 WHOLE FOODS MARKET SF',-50,240783),(40,34,29,'ACH',NULL,NULL,NULL,'Employment','ACH DEPOSIT HEDGE FUND A PAYROLL ROBERT KING',250000,490783),(41,35,29,'Debit Card',NULL,NULL,NULL,'Entertainment','POS PURCHASE #7890 SF OPERA TICKETS',-150,490633),(42,36,29,'Transfer',NULL,NULL,NULL,'Loan','ONLINE TRANSFER TO MORTGAGE PAYMENT',-25000,465633),(43,37,29,'Zelle',NULL,NULL,NULL,'Personal','ZELLE PAYMENT TO ALICE KING ALLOWANCE',-200,465433),(44,38,29,'Debit Card',NULL,NULL,NULL,'Gas','POS PURCHASE #9876 TEXACO GAS STATION SF',-78,465355),(45,39,29,'Debit Card',NULL,NULL,NULL,'Shopping','POS PURCHASE #1234 BEST BUY SF',-520,464835),(46,40,29,'ACH',NULL,NULL,NULL,'Benefits','ACH CREDIT HEDGE FUND A HEALTH INSURANCE REIMBURSEMENT',1500,466335),(47,41,29,'Debit Card',NULL,NULL,NULL,'Health & Wellness','POS PURCHASE #2468 COREPOWER YOGA MEMBERSHIP SF',-380,465955),(48,42,29,'Check',NULL,NULL,NULL,'Tax','CHECK #67890 PAYMENT TO CA FRANCHISE TAX BOARD 2023 Q3 ESTIMATED TAX',-15000,450955),(49,43,29,'Transfer',NULL,NULL,NULL,'Investment','ONLINE TRANSFER TO TECH STARTUP XYZ SERIES B INVESTMENT',-80000,370955),(50,44,29,'Debit Card',NULL,NULL,NULL,'Food & drink','POS PURCHASE #2034 STARBUCKS SF',-35,370920),(51,45,29,'Debit Card',NULL,NULL,NULL,'Travel','POS PURCHASE #4567 AMERICAN AIRLINES FLIGHT BOOKING',-550,370370),(52,46,29,'ACH',NULL,NULL,NULL,'Professional Services','ACH DEBIT CONSULTING FEES FOR HEDGE FUND A STRATEGY SESSION',-12000,358370),(53,47,29,'Debit Card',NULL,NULL,NULL,'Grocieries','POS PURCHASE #6789 TRADER JOE\'S GROCERIES SF',-220,358150),(54,48,29,'Debit Card',NULL,NULL,NULL,'Entertainment','POS PURCHASE #7890 SF BALLET TICKETS',-320,357830),(55,49,29,'Transfer',NULL,NULL,NULL,'Personal','ONLINE TRANSFER TO TECH COMPANY X BOARD MEETING EXPENSES',-1800,356030),(56,50,29,'Debit Card',NULL,NULL,NULL,'Shopping','POS PURCHASE #1234 SAKS FIFTH AVENUE SF',-1300,354730),(57,51,29,'ACH',NULL,NULL,NULL,'Bills & utilities','BILL PAY AUTO DEBIT COMCAST SAN FRANCISCO UTILITY BILL',-250,354480),(58,52,29,'Debit Card',NULL,NULL,NULL,'Food & drink','POS PURCHASE #2034 THE SLANTED DOOR RESTAURANT SF',-90,354390),(59,53,29,'Transfer',NULL,NULL,NULL,'Investment','ONLINE TRANSFER TO VANGUARD INDEX FUND INVESTMENT',-110000,244390),(60,54,29,'Debit Card',NULL,NULL,NULL,'Travel','POS PURCHASE #4567 VIRGIN ATLANTIC FIRST CLASS UPGRADE',-3200,241190),(61,55,29,'Debit Card',NULL,NULL,NULL,'Health & Wellness','POS PURCHASE #2468 BARRY\'S BOOTCAMP PACKAGE SF',-520,240670),(62,56,29,'ACH',NULL,NULL,NULL,'Employment','ACH DEPOSIT HEDGE FUND A PAYROLL ROBERT KING',250000,490670),(63,57,29,'Debit Card',NULL,NULL,NULL,'Shopping','POS PURCHASE #1234 MACY\'S SF',-800,489870),(64,58,29,'Debit Card',NULL,NULL,NULL,'Food & drink','POS PURCHASE #2034 PEET\'S COFFEE SF',-65,489805),(65,59,29,'Debit Card',NULL,NULL,NULL,'Entertainment','POS PURCHASE #7890 SF JAZZ FESTIVAL TICKETS',-190,489615),(66,60,29,'Transfer',NULL,NULL,NULL,'Loan','ONLINE TRANSFER TO MORTGAGE PAYMENT',-25000,464615),(67,61,29,'Debit Card',NULL,NULL,NULL,'Gas','POS PURCHASE #9876 BP GAS STATION SF',-82,464533),(68,62,29,'ACH',NULL,NULL,NULL,'Bills & utilities','BILL PAY AUTO DEBIT PG&E SAN FRANCISCO UTILITY BILL',-320.5,464213),(69,63,29,'Debit Card',NULL,NULL,NULL,'Food & drink','POS PURCHASE #4567 WHOLE FOODS MARKET SF',-55,464158),(70,64,29,'ACH',NULL,NULL,NULL,'Employment','ACH DEPOSIT HEDGE FUND A PAYROLL ROBERT KING',250000,714158),(71,65,29,'Debit Card',NULL,NULL,NULL,'Entertainment','POS PURCHASE #7890 SF FILM FESTIVAL TICKETS',-160,713998),(72,66,29,'Transfer',NULL,NULL,NULL,'Loan','ONLINE TRANSFER TO MORTGAGE PAYMENT',-25000,688998),(73,67,29,'Zelle',NULL,NULL,NULL,'Personal','ZELLE PAYMENT TO ALICE KING ALLOWANCE',-200,688798),(74,68,29,'Debit Card',NULL,NULL,NULL,'Gas','POS PURCHASE #9876 76 GAS STATION SF',-81,688717),(75,69,29,'Debit Card',NULL,NULL,NULL,'Shopping','POS PURCHASE #1234 TARGET SF',-540,688177),(76,70,29,'ACH',NULL,NULL,NULL,'Benefits','ACH CREDIT HEDGE FUND A HEALTH INSURANCE REIMBURSEMENT',1500,689677),(77,71,29,'Debit Card',NULL,NULL,NULL,'Health & Wellness','POS PURCHASE #2468 PILATES STUDIO MEMBERSHIP SF',-390,689287),(78,72,29,'Check',NULL,NULL,NULL,'Tax','CHECK #78901 PAYMENT TO IRS 2023 Q4 ESTIMATED TAX',-15000,674287),(79,73,29,'Transfer',NULL,NULL,NULL,'Investment','ONLINE TRANSFER TO TECH STARTUP XYZ SERIES B INVESTMENT',-85000,589287),(80,74,29,'Debit Card',NULL,NULL,NULL,'Food & drink','POS PURCHASE #2034 STARBUCKS SF',-40,589247),(81,75,29,'Debit Card',NULL,NULL,NULL,'Travel','POS PURCHASE #4567 SOUTHWEST AIRLINES FLIGHT BOOKING',-600,588647),(82,76,29,'ACH',NULL,NULL,NULL,'Professional Services','ACH DEBIT MANAGEMENT CONSULTING FEES FOR HEDGE FUND A',-13000,575647),(83,77,29,'Debit Card',NULL,NULL,NULL,'Grocieries','POS PURCHASE #6789 COSTCO WHOLESALE SF',-230,575417),(84,78,29,'Debit Card',NULL,NULL,NULL,'Entertainment','POS PURCHASE #7890 SF OPERA GALA EVENT',-340,575077),(85,79,29,'Transfer',NULL,NULL,NULL,'Personal','ONLINE TRANSFER TO TECH COMPANY X BOARD MEETING EXPENSES',-1900,573177),(86,80,29,'Debit Card',NULL,NULL,NULL,'Shopping','POS PURCHASE #1234 TIFFANY & CO SF',-1400,571777),(87,81,29,'ACH',NULL,NULL,NULL,'Bills & utilities','BILL PAY AUTO DEBIT COMCAST SAN FRANCISCO UTILITY BILL',-250,571527),(88,82,29,'Debit Card',NULL,NULL,NULL,'Food & drink','POS PURCHASE #2034 FERRY BUILDING MARKETPLACE SF',-95,571432),(89,83,29,'Transfer',NULL,NULL,NULL,'Investment','ONLINE TRANSFER TO VANGUARD INDEX FUND INVESTMENT',-120000,451432),(90,84,29,'Debit Card',NULL,NULL,NULL,'Travel','POS PURCHASE #4567 JETBLUE MINT CLASS UPGRADE',-3400,448032),(91,85,29,'Debit Card',NULL,NULL,NULL,'Health & Wellness','POS PURCHASE #2468 ORANGETHEORY FITNESS MEMBERSHIP SF',-540,447492),(92,86,29,'ACH',NULL,NULL,NULL,'Employment','ACH DEPOSIT HEDGE FUND A PAYROLL ROBERT KING',250000,697492),(93,87,29,'Debit Card',NULL,NULL,NULL,'Shopping','POS PURCHASE #1234 NORDSTROM SF',-850,696642),(94,88,29,'Debit Card',NULL,NULL,NULL,'Food & drink','POS PURCHASE #2034 LA BOULANGERIE SF',-70,696572),(95,89,29,'Debit Card',NULL,NULL,NULL,'Entertainment','POS PURCHASE #7890 SF CHAMBER ORCHESTRA TICKETS',-200,696372),(96,90,29,'Transfer',NULL,NULL,NULL,'Loan','ONLINE TRANSFER TO MORTGAGE PAYMENT',-25000,671372),(97,91,29,'Debit Card',NULL,NULL,NULL,'Gas','POS PURCHASE #9876 ARCO GAS STATION SF',-84,671288),(98,92,29,'ACH',NULL,NULL,NULL,'Bills & utilities','BILL PAY AUTO DEBIT PG&E SAN FRANCISCO UTILITY BILL',-320.5,670967),(99,93,29,'Debit Card',NULL,NULL,NULL,'Food & drink','POS PURCHASE #4567 WHOLE FOODS MARKET SF',-60,670907),(100,2,30,'Wire',NULL,NULL,NULL,'Donation','OUTGOING WIRE AMERICAN RED CROSS DISASTER RELIEF FUND',-100000,50000),(101,1,31,'ACH',NULL,NULL,NULL,'Bills & utilities','BILL PAY AUTO DEBIT PG&E SAN FRANCISCO UTILITY BILL',-120,99880),(102,1,31,'Debit Card',NULL,NULL,NULL,'Food & drink','POS PURCHASE #4567 WHOLE FOODS MARKET SF',-35.75,99844.2),(103,2,31,'Transfer',NULL,NULL,NULL,'Investment','TRANSFER TO SAVINGS FOR INVESTMENT',-500,99344.2),(104,3,31,'Debit Card',NULL,NULL,NULL,'Shopping','POS PURCHASE #7890 MICHAELS CRAFTS SF',-210.5,99133.8),(105,4,31,'Wire',NULL,NULL,NULL,'Professional Services','OUTGOING WIRE TO BEAD SUPPLIER INC FOR INVENTORY',-300,98833.8),(106,5,31,'Debit Card',NULL,NULL,NULL,'Entertainment','POS PURCHASE #1234 AMC THEATRES ONLINE TICKETING',-89.99,98743.8),(107,6,31,'Debit Card',NULL,NULL,NULL,'Gas','POS PURCHASE #4567 CHEVRON SF',-65,98678.8),(108,7,31,'ACH',NULL,NULL,NULL,'Loan','ACH AUTO DEBIT STUDENT LOAN PAYMENT',-250,98428.8),(109,8,31,'Debit Card',NULL,NULL,NULL,'Grocieries','POS PURCHASE #7890 SAFEWAY STORES SF',-110.45,98318.3),(110,9,31,'Transfer',NULL,NULL,NULL,'Transfer','TRANSFER TO SAVINGS ACCOUNT #1023456789',-1000,97318.3),(111,10,31,'ACH',NULL,NULL,NULL,'Employment','ACH DEBIT MONTHLY ETSY SELLER FEES',-50,97268.3),(112,11,31,'Debit Card',NULL,NULL,NULL,'Food & drink','POS PURCHASE #2034 STARBUCKS SF',-12,97256.3),(113,12,31,'Debit Card',NULL,NULL,NULL,'Health & Wellness','POS PURCHASE #4567 CVS PHARMACY SF',-60,97196.3),(114,13,31,'Debit Card',NULL,NULL,NULL,'Shopping','POS PURCHASE #7890 TARGET ONLINE SHOPPING',-150,97046.3),(115,14,31,'ACH',NULL,NULL,NULL,'Tax','ACH DEBIT QUARTERLY STATE TAX PAYMENT',-300,96746.3),(116,15,31,'Debit Card',NULL,NULL,NULL,'Travel','POS PURCHASE #1234 UNITED AIRLINES TICKETING',-500,96246.3),(117,16,31,'Debit Card',NULL,NULL,NULL,'Food & drink','POS PURCHASE #4567 CHIPOTLE ONLINE ORDER SF',-40,96206.3),(118,17,31,'ACH',NULL,NULL,NULL,'Bills & utilities','BILL PAY AUTO DEBIT COMCAST SAN FRANCISCO INTERNET BILL',-80,96126.3),(119,18,31,'Debit Card',NULL,NULL,NULL,'Entertainment','POS PURCHASE #7890 SPOTIFY SUBSCRIPTION',-25,96101.3),(120,19,31,'Debit Card',NULL,NULL,NULL,'Shopping','POS PURCHASE #1234 ETSY SUPPLIES ORDER',-220,95881.3),(121,20,31,'Debit Card',NULL,NULL,NULL,'Food & drink','POS PURCHASE #4567 PEET\'S COFFEE SF',-15,95866.3),(122,21,31,'Debit Card',NULL,NULL,NULL,'Gas','POS PURCHASE #7890 SHELL GAS STATION SF',-70,95796.3),(123,22,31,'ACH',NULL,NULL,NULL,'Loan','ACH AUTO DEBIT CAR LOAN PAYMENT',-250,95546.3),(124,23,31,'Debit Card',NULL,NULL,NULL,'Shopping','POS PURCHASE #1234 AMAZON MKTPLACE PMTS',-180,95366.3),(125,24,31,'Debit Card',NULL,NULL,NULL,'Food & drink','POS PURCHASE #4567 OLIVE GARDEN SF',-50,95316.3),(126,25,31,'Debit Card',NULL,NULL,NULL,'Health & Wellness','POS PURCHASE #7890 24 HOUR FITNESS MEMBERSHIP',-100,95216.3),(127,26,31,'Debit Card',NULL,NULL,NULL,'Shopping','POS PURCHASE #1234 NORDSTROM SF',-75,95141.3),(128,27,31,'Debit Card',NULL,NULL,NULL,'Food & drink','POS PURCHASE #4567 DOMINO\'S PIZZA ONLINE ORDER SF',-30,95111.3),(129,28,31,'Debit Card',NULL,NULL,NULL,'Gas','POS PURCHASE #7890 TEXACO GAS STATION SF',-62,95049.3),(130,29,31,'ACH',NULL,NULL,NULL,'Bills & utilities','BILL PAY AUTO DEBIT PG&E SAN FRANCISCO UTILITY BILL',-120,94929.3),(131,30,31,'Debit Card',NULL,NULL,NULL,'Food & drink','POS PURCHASE #1234 WHOLE FOODS MARKET SF',-35.75,94893.6),(132,31,31,'Transfer',NULL,NULL,NULL,'Investment','TRANSFER TO SAVINGS FOR INVESTMENT',-500,94393.6),(133,33,31,'Debit Card',NULL,NULL,NULL,'Shopping','POS PURCHASE #4567 MICHAELS CRAFTS SF',-210.5,94183.1),(134,34,31,'Wire',NULL,NULL,NULL,'Professional Services','OUTGOING WIRE TO BEAD SUPPLIER INC FOR INVENTORY',-300,93883.1),(135,35,31,'Debit Card',NULL,NULL,NULL,'Entertainment','POS PURCHASE #7890 AMC THEATRES ONLINE TICKETING',-89.99,93793.1),(136,36,31,'Debit Card',NULL,NULL,NULL,'Gas','POS PURCHASE #1234 CHEVRON SF',-65,93728.1),(137,37,31,'ACH',NULL,NULL,NULL,'Loan','ACH AUTO DEBIT STUDENT LOAN PAYMENT',-250,93478.1),(138,38,31,'Debit Card',NULL,NULL,NULL,'Grocieries','POS PURCHASE #4567 SAFEWAY STORES SF',-110.45,93367.6),(139,39,31,'Transfer',NULL,NULL,NULL,'Transfer','TRANSFER TO SAVINGS ACCOUNT #1023456789',-1000,92367.6),(140,40,31,'ACH',NULL,NULL,NULL,'Employment','ACH DEBIT MONTHLY ETSY SELLER FEES',-50,92317.6),(141,41,31,'Debit Card',NULL,NULL,NULL,'Food & drink','POS PURCHASE #7890 STARBUCKS SF',-12,92305.6),(142,42,31,'Debit Card',NULL,NULL,NULL,'Health & Wellness','POS PURCHASE #1234 CVS PHARMACY SF',-60,92245.6),(143,43,31,'Debit Card',NULL,NULL,NULL,'Shopping','POS PURCHASE #4567 TARGET ONLINE SHOPPING',-150,92095.6),(144,44,31,'ACH',NULL,NULL,NULL,'Tax','ACH DEBIT QUARTERLY STATE TAX PAYMENT',-300,91795.6),(145,45,31,'Debit Card',NULL,NULL,NULL,'Travel','POS PURCHASE #7890 UNITED AIRLINES TICKETING',-500,91295.6),(146,46,31,'Debit Card',NULL,NULL,NULL,'Food & drink','POS PURCHASE #1234 CHIPOTLE ONLINE ORDER SF',-40,91255.6),(147,47,31,'ACH',NULL,NULL,NULL,'Bills & utilities','BILL PAY AUTO DEBIT COMCAST SAN FRANCISCO INTERNET BILL',-80,91175.6),(148,48,31,'Debit Card',NULL,NULL,NULL,'Entertainment','POS PURCHASE #4567 SPOTIFY SUBSCRIPTION',-25,91150.6),(149,49,31,'Debit Card',NULL,NULL,NULL,'Shopping','POS PURCHASE #7890 ETSY SUPPLIES ORDER',-220,90930.6),(150,50,31,'Debit Card',NULL,NULL,NULL,'Food & drink','POS PURCHASE #1234 PEET\'S COFFEE SF',-15,90915.6),(151,51,31,'Debit Card',NULL,NULL,NULL,'Gas','POS PURCHASE #4567 SHELL GAS STATION SF',-70,90845.6),(152,52,31,'ACH',NULL,NULL,NULL,'Loan','ACH AUTO DEBIT CAR LOAN PAYMENT',-250,90595.6),(153,53,31,'Debit Card',NULL,NULL,NULL,'Shopping','POS PURCHASE #7890 AMAZON MKTPLACE PMTS',-180,90415.6),(154,54,31,'Debit Card',NULL,NULL,NULL,'Food & drink','POS PURCHASE #1234 OLIVE GARDEN SF',-50,90365.6),(155,55,31,'Debit Card',NULL,NULL,NULL,'Health & Wellness','POS PURCHASE #4567 24 HOUR FITNESS MEMBERSHIP',-100,90265.6),(156,56,31,'Debit Card',NULL,NULL,NULL,'Shopping','POS PURCHASE #7890 NORDSTROM SF',-75,90190.6),(157,57,31,'Debit Card',NULL,NULL,NULL,'Food & drink','POS PURCHASE #1234 DOMINO\'S PIZZA ONLINE ORDER SF',-30,90160.6),(158,58,31,'Debit Card',NULL,NULL,NULL,'Gas','POS PURCHASE #4567 TEXACO GAS STATION SF',-62,90098.6),(159,59,31,'ACH',NULL,NULL,NULL,'Bills & utilities','BILL PAY AUTO DEBIT PG&E SAN FRANCISCO UTILITY BILL',-120,89978.6),(160,60,31,'Debit Card',NULL,NULL,NULL,'Food & drink','POS PURCHASE #7890 WHOLE FOODS MARKET SF',-35.75,89942.9),(161,61,31,'Transfer',NULL,NULL,NULL,'Investment','TRANSFER TO SAVINGS FOR INVESTMENT',-500,89442.9),(162,63,31,'Debit Card',NULL,NULL,NULL,'Shopping','POS PURCHASE #1234 MICHAELS CRAFTS SF',-210.5,89232.4),(163,64,31,'Wire',NULL,NULL,NULL,'Professional Services','OUTGOING WIRE TO BEAD SUPPLIER INC FOR INVENTORY',-300,88932.4),(164,65,31,'Debit Card',NULL,NULL,NULL,'Entertainment','POS PURCHASE #4567 AMC THEATRES ONLINE TICKETING',-89.99,88842.4),(165,66,31,'Debit Card',NULL,NULL,NULL,'Gas','POS PURCHASE #7890 CHEVRON SF',-65,88777.4),(166,67,31,'ACH',NULL,NULL,NULL,'Loan','ACH AUTO DEBIT STUDENT LOAN PAYMENT',-250,88527.4),(167,68,31,'Debit Card',NULL,NULL,NULL,'Grocieries','POS PURCHASE #1234 SAFEWAY STORES SF',-110.45,88416.9),(168,69,31,'Transfer',NULL,NULL,NULL,'Transfer','TRANSFER TO SAVINGS ACCOUNT #1023456789',-1000,87416.9),(169,70,31,'ACH',NULL,NULL,NULL,'Employment','ACH DEBIT MONTHLY ETSY SELLER FEES',-50,87366.9),(170,71,31,'Debit Card',NULL,NULL,NULL,'Food & drink','POS PURCHASE #4567 STARBUCKS SF',-12,87354.9),(171,72,31,'Debit Card',NULL,NULL,NULL,'Health & Wellness','POS PURCHASE #7890 CVS PHARMACY SF',-60,87294.9),(172,73,31,'Debit Card',NULL,NULL,NULL,'Shopping','POS PURCHASE #1234 TARGET ONLINE SHOPPING',-150,87144.9),(173,74,31,'ACH',NULL,NULL,NULL,'Tax','ACH DEBIT QUARTERLY STATE TAX PAYMENT',-300,86844.9),(174,75,31,'Debit Card',NULL,NULL,NULL,'Travel','POS PURCHASE #4567 UNITED AIRLINES TICKETING',-500,86344.9),(175,76,31,'Debit Card',NULL,NULL,NULL,'Food & drink','POS PURCHASE #7890 CHIPOTLE ONLINE ORDER SF',-40,86304.9),(176,77,31,'ACH',NULL,NULL,NULL,'Bills & utilities','BILL PAY AUTO DEBIT COMCAST SAN FRANCISCO INTERNET BILL',-80,86224.9),(177,78,31,'Debit Card',NULL,NULL,NULL,'Entertainment','POS PURCHASE #1234 SPOTIFY SUBSCRIPTION',-25,86199.9),(178,79,31,'Debit Card',NULL,NULL,NULL,'Shopping','POS PURCHASE #4567 ETSY SUPPLIES ORDER',-220,85979.9),(179,80,31,'Debit Card',NULL,NULL,NULL,'Food & drink','POS PURCHASE #7890 PEET\'S COFFEE SF',-15,85964.9),(180,81,31,'Debit Card',NULL,NULL,NULL,'Gas','POS PURCHASE #1234 SHELL GAS STATION SF',-70,85894.9),(181,82,31,'ACH',NULL,NULL,NULL,'Loan','ACH AUTO DEBIT CAR LOAN PAYMENT',-250,85644.9),(182,83,31,'Debit Card',NULL,NULL,NULL,'Shopping','POS PURCHASE #4567 AMAZON MKTPLACE PMTS',-180,85464.9),(183,84,31,'Debit Card',NULL,NULL,NULL,'Food & drink','POS PURCHASE #7890 OLIVE GARDEN SF',-50,85414.9),(184,85,31,'Debit Card',NULL,NULL,NULL,'Health & Wellness','POS PURCHASE #1234 24 HOUR FITNESS MEMBERSHIP',-100,85314.9),(185,86,31,'Debit Card',NULL,NULL,NULL,'Shopping','POS PURCHASE #4567 NORDSTROM SF',-75,85239.9),(186,87,31,'Debit Card',NULL,NULL,NULL,'Food & drink','POS PURCHASE #7890 DOMINO\'S PIZZA ONLINE ORDER SF',-30,85209.9),(187,88,31,'Debit Card',NULL,NULL,NULL,'Gas','POS PURCHASE #1234 TEXACO GAS STATION SF',-62,85147.9),(188,89,31,'ACH',NULL,NULL,NULL,'Bills & utilities','BILL PAY AUTO DEBIT PG&E SAN FRANCISCO UTILITY BILL',-120,85027.9),(189,90,31,'Debit Card',NULL,NULL,NULL,'Food & drink','POS PURCHASE #4567 WHOLE FOODS MARKET SF',-35.75,84992.2),(190,91,31,'Transfer',NULL,NULL,NULL,'Investment','TRANSFER TO SAVINGS FOR INVESTMENT',-500,84492.2),(191,93,31,'Debit Card',NULL,NULL,NULL,'Shopping','POS PURCHASE #7890 MICHAELS CRAFTS SF',-210.5,84281.7),(192,2,32,'ACH',NULL,NULL,NULL,'Benefits','ACH CREDIT ETSY APHRODITE GREEK JEWELRY SALES',1500,11500),(193,32,32,'ACH',NULL,NULL,NULL,'Benefits','ACH CREDIT ETSY APHRODITE GREEK JEWELRY SALES',1500,13000),(194,62,32,'ACH',NULL,NULL,NULL,'Benefits','ACH CREDIT ETSY APHRODITE GREEK JEWELRY SALES',1500,14500),(195,92,32,'ACH',NULL,NULL,NULL,'Benefits','ACH CREDIT ETSY APHRODITE GREEK JEWELRY SALES',1500,16000),(196,1,33,'ACH',NULL,NULL,NULL,'Bills & utilities','BILL PAY AUTO DEBIT PG&E SAN FRANCISCO UTILITY BILL',-120,24880),(197,2,33,'Debit Card',NULL,NULL,NULL,'Food & drink','POS PURCHASE #4567 WHOLE FOODS MARKET PA',-35.5,24844.5),(198,3,33,'ACH',NULL,NULL,NULL,'Employment','ACH CREDIT FARMERS MARKET SALES DEPOSIT',1500,26344.5),(199,4,33,'Debit Card',NULL,NULL,NULL,'Gas','POS PURCHASE #7890 CHEVRON PALO ALTO',-60,26284.5),(200,5,33,'Debit Card',NULL,NULL,NULL,'Shopping','POS PURCHASE #1234 COSTCO WHOLESALE PA',-210,26074.5),(201,6,33,'Debit Card',NULL,NULL,NULL,'Entertainment','POS PURCHASE #2345 AMC THEATRES MOUNTAIN VIEW',-50,26024.5),(202,7,33,'ACH',NULL,NULL,NULL,'Benefits','ACH DEBIT HEALTH INSURANCE PREMIUM',-250,25774.5),(203,8,33,'Debit Card',NULL,NULL,NULL,'Food & drink','POS PURCHASE #2034 STARBUCKS PA',-15.75,25758.8),(204,9,33,'Transfer',NULL,NULL,NULL,'Personal','TRANSFER TO PERSONAL CHECKING FOR HOUSEHOLD EXPENSES',-100,25658.8),(205,10,33,'ACH',NULL,NULL,NULL,'Employment','ACH CREDIT FARMERS MARKET SALES DEPOSIT',1800,27458.8),(206,11,33,'Check',NULL,NULL,NULL,'Professional Services','CHECK #1023 PAYMENT TO FLORA BAKERY SUPPLIES',-300,27158.8),(207,12,33,'Debit Card',NULL,NULL,NULL,'Grocieries','POS PURCHASE #5678 TRADER JOE\'S PA',-120,27038.8),(208,13,33,'Debit Card',NULL,NULL,NULL,'Health & Wellness','POS PURCHASE #6789 CVS PHARMACY PA',-80,26958.8),(209,14,33,'Wire',NULL,NULL,NULL,'Loan','OUTGOING WIRE LOAN REPAYMENT TO WELLS FARGO BANK',-1000,25958.8),(210,15,33,'ACH',NULL,NULL,NULL,'Bills & utilities','BILL PAY AUTO DEBIT AT&T MOBILE BILL',-80,25878.8),(211,16,33,'Debit Card',NULL,NULL,NULL,'Food & drink','POS PURCHASE #7891 PEET\'S COFFEE PA',-25,25853.8),(212,17,33,'ACH',NULL,NULL,NULL,'Employment','ACH CREDIT FARMERS MARKET SALES DEPOSIT',1600,27453.8),(213,18,33,'Debit Card',NULL,NULL,NULL,'Shopping','POS PURCHASE #8901 TARGET SAN FRANCISCO',-45,27408.8),(214,19,33,'Debit Card',NULL,NULL,NULL,'Entertainment','POS PURCHASE #9012 NETFLIX SUBSCRIPTION',-75,27333.8),(215,20,33,'Transfer',NULL,NULL,NULL,'Personal','TRANSFER TO PERSONAL CHECKING FOR WEEKEND OUTING',-150,27183.8),(216,21,33,'ACH',NULL,NULL,NULL,'Bills & utilities','BILL PAY AUTO DEBIT CITY OF PALO ALTO WATER BILL',-250,26933.8),(217,22,33,'Debit Card',NULL,NULL,NULL,'Food & drink','POS PURCHASE #0123 PANERA BREAD PA',-18,26915.8),(218,23,33,'ACH',NULL,NULL,NULL,'Employment','ACH CREDIT FARMERS MARKET SALES DEPOSIT',1700,28615.8),(219,24,33,'Debit Card',NULL,NULL,NULL,'Gas','POS PURCHASE #1235 SHELL OIL PALO ALTO',-65,28550.8),(220,25,33,'Debit Card',NULL,NULL,NULL,'Shopping','POS PURCHASE #2346 IKEA EAST PALO ALTO',-130,28420.8),(221,26,33,'Debit Card',NULL,NULL,NULL,'Grocieries','POS PURCHASE #3457 SAFEWAY PALO ALTO',-95,28325.8),(222,27,33,'Debit Card',NULL,NULL,NULL,'Health & Wellness','POS PURCHASE #4568 WALGREENS PA',-60,28265.8),(223,28,33,'ACH',NULL,NULL,NULL,'Benefits','ACH DEBIT HEALTH INSURANCE PREMIUM',-250,28015.8),(224,29,33,'Debit Card',NULL,NULL,NULL,'Food & drink','POS PURCHASE #5679 JAMBA JUICE PA',-22.5,27993.2),(225,30,33,'ACH',NULL,NULL,NULL,'Employment','ACH CREDIT FARMERS MARKET SALES DEPOSIT',1550,29543.2),(226,31,33,'Debit Card',NULL,NULL,NULL,'Shopping','POS PURCHASE #6780 BED BATH & BEYOND PA',-200,29343.2),(227,32,33,'ACH',NULL,NULL,NULL,'Bills & utilities','BILL PAY AUTO DEBIT PG&E SAN FRANCISCO UTILITY BILL',-120,29223.2),(228,33,33,'Transfer',NULL,NULL,NULL,'Investment','TRANSFER TO SAVINGS FOR FUTURE BUSINESS EXPANSION',-500,28723.2),(229,34,33,'Debit Card',NULL,NULL,NULL,'Food & drink','POS PURCHASE #7892 WHOLE FOODS MARKET PA',-40,28683.2),(230,35,33,'ACH',NULL,NULL,NULL,'Employment','ACH CREDIT FARMERS MARKET SALES DEPOSIT',1650,30333.2),(231,36,33,'Debit Card',NULL,NULL,NULL,'Gas','POS PURCHASE #8903 CHEVRON PALO ALTO',-70,30263.2),(232,37,33,'Debit Card',NULL,NULL,NULL,'Shopping','POS PURCHASE #9014 COSTCO WHOLESALE PA',-220,30043.2),(233,38,33,'Debit Card',NULL,NULL,NULL,'Entertainment','POS PURCHASE #0125 AMC THEATRES MOUNTAIN VIEW',-55,29988.2),(234,39,33,'ACH',NULL,NULL,NULL,'Benefits','ACH DEBIT HEALTH INSURANCE PREMIUM',-250,29738.2),(235,40,33,'Debit Card',NULL,NULL,NULL,'Food & drink','POS PURCHASE #1236 STARBUCKS PA',-17,29721.2),(236,41,33,'Transfer',NULL,NULL,NULL,'Personal','TRANSFER TO PERSONAL CHECKING FOR HOUSEHOLD EXPENSES',-100,29621.2),(237,42,33,'ACH',NULL,NULL,NULL,'Employment','ACH CREDIT FARMERS MARKET SALES DEPOSIT',1750,31371.2),(238,43,33,'Check',NULL,NULL,NULL,'Professional Services','CHECK #1024 PAYMENT TO SUGAR BOWL BAKERY SUPPLY',-320,31051.2),(239,44,33,'Debit Card',NULL,NULL,NULL,'Grocieries','POS PURCHASE #2347 TRADER JOE\'S PA',-125,30926.2),(240,45,33,'Debit Card',NULL,NULL,NULL,'Health & Wellness','POS PURCHASE #3458 CVS PHARMACY PA',-85,30841.2),(241,46,33,'Wire',NULL,NULL,NULL,'Loan','OUTGOING WIRE LOAN REPAYMENT TO WELLS FARGO BANK',-1000,29841.2),(242,47,33,'ACH',NULL,NULL,NULL,'Bills & utilities','BILL PAY AUTO DEBIT AT&T MOBILE BILL',-85,29756.2),(243,48,33,'Debit Card',NULL,NULL,NULL,'Food & drink','POS PURCHASE #4569 PEET\'S COFFEE PA',-30,29726.2),(244,49,33,'ACH',NULL,NULL,NULL,'Employment','ACH CREDIT FARMERS MARKET SALES DEPOSIT',1600,31326.2),(245,50,33,'Debit Card',NULL,NULL,NULL,'Shopping','POS PURCHASE #5670 TARGET SAN FRANCISCO',-50,31276.2),(246,51,33,'Debit Card',NULL,NULL,NULL,'Entertainment','POS PURCHASE #6781 NETFLIX SUBSCRIPTION',-80,31196.2),(247,52,33,'Transfer',NULL,NULL,NULL,'Personal','TRANSFER TO PERSONAL CHECKING FOR WEEKEND OUTING',-150,31046.2),(248,53,33,'ACH',NULL,NULL,NULL,'Bills & utilities','BILL PAY AUTO DEBIT CITY OF PALO ALTO WATER BILL',-260,30786.2),(249,54,33,'Debit Card',NULL,NULL,NULL,'Food & drink','POS PURCHASE #7893 PANERA BREAD PA',-20,30766.2),(250,55,33,'ACH',NULL,NULL,NULL,'Employment','ACH CREDIT FARMERS MARKET SALES DEPOSIT',1800,32566.2),(251,56,33,'Debit Card',NULL,NULL,NULL,'Gas','POS PURCHASE #8904 SHELL OIL PALO ALTO',-68,32498.2),(252,57,33,'Debit Card',NULL,NULL,NULL,'Shopping','POS PURCHASE #9015 IKEA EAST PALO ALTO',-140,32358.2),(253,58,33,'Debit Card',NULL,NULL,NULL,'Grocieries','POS PURCHASE #0126 SAFEWAY PALO ALTO',-100,32258.2),(254,59,33,'Debit Card',NULL,NULL,NULL,'Health & Wellness','POS PURCHASE #1237 WALGREENS PA',-65,32193.2),(255,60,33,'ACH',NULL,NULL,NULL,'Benefits','ACH DEBIT HEALTH INSURANCE PREMIUM',-250,31943.2),(256,61,33,'Debit Card',NULL,NULL,NULL,'Food & drink','POS PURCHASE #2348 JAMBA JUICE PA',-24,31919.2),(257,62,33,'ACH',NULL,NULL,NULL,'Bills & utilities','BILL PAY AUTO DEBIT PG&E SAN FRANCISCO UTILITY BILL',-120,31799.2),(258,63,33,'Transfer',NULL,NULL,NULL,'Investment','TRANSFER TO SAVINGS FOR FUTURE BUSINESS EXPANSION',-500,31299.2),(259,64,33,'Debit Card',NULL,NULL,NULL,'Food & drink','POS PURCHASE #3459 WHOLE FOODS MARKET PA',-42,31257.2),(260,65,33,'ACH',NULL,NULL,NULL,'Employment','ACH CREDIT FARMERS MARKET SALES DEPOSIT',1700,32957.2),(261,66,33,'Debit Card',NULL,NULL,NULL,'Gas','POS PURCHASE #4560 CHEVRON PALO ALTO',-72,32885.2),(262,67,33,'Debit Card',NULL,NULL,NULL,'Shopping','POS PURCHASE #5671 COSTCO WHOLESALE PA',-225,32660.2),(263,68,33,'Debit Card',NULL,NULL,NULL,'Entertainment','POS PURCHASE #6782 AMC THEATRES MOUNTAIN VIEW',-60,32600.2),(264,69,33,'ACH',NULL,NULL,NULL,'Benefits','ACH DEBIT HEALTH INSURANCE PREMIUM',-250,32350.2),(265,70,33,'Debit Card',NULL,NULL,NULL,'Food & drink','POS PURCHASE #7894 STARBUCKS PA',-19,32331.2),(266,71,33,'Transfer',NULL,NULL,NULL,'Personal','TRANSFER TO PERSONAL CHECKING FOR HOUSEHOLD EXPENSES',-100,32231.2),(267,72,33,'ACH',NULL,NULL,NULL,'Employment','ACH CREDIT FARMERS MARKET SALES DEPOSIT',1850,34081.2),(268,73,33,'Check',NULL,NULL,NULL,'Professional Services','CHECK #1025 PAYMENT TO BAKERS CHOICE SUPPLY CO',-340,33741.2),(269,74,33,'Debit Card',NULL,NULL,NULL,'Grocieries','POS PURCHASE #8905 TRADER JOE\'S PA',-130,33611.2),(270,75,33,'Debit Card',NULL,NULL,NULL,'Health & Wellness','POS PURCHASE #9016 CVS PHARMACY PA',-90,33521.2),(271,76,33,'Wire',NULL,NULL,NULL,'Loan','OUTGOING WIRE LOAN REPAYMENT TO WELLS FARGO BANK',-1000,32521.2),(272,77,33,'ACH',NULL,NULL,NULL,'Bills & utilities','BILL PAY AUTO DEBIT AT&T MOBILE BILL',-90,32431.2),(273,78,33,'Debit Card',NULL,NULL,NULL,'Food & drink','POS PURCHASE #0127 PEET\'S COFFEE PA',-32,32399.2),(274,79,33,'ACH',NULL,NULL,NULL,'Employment','ACH CREDIT FARMERS MARKET SALES DEPOSIT',1750,34149.2),(275,80,33,'Debit Card',NULL,NULL,NULL,'Shopping','POS PURCHASE #1238 TARGET SAN FRANCISCO',-55,34094.2),(276,81,33,'Debit Card',NULL,NULL,NULL,'Entertainment','POS PURCHASE #2349 NETFLIX SUBSCRIPTION',-85,34009.2),(277,82,33,'Transfer',NULL,NULL,NULL,'Personal','TRANSFER TO PERSONAL CHECKING FOR WEEKEND OUTING',-150,33859.2),(278,83,33,'ACH',NULL,NULL,NULL,'Bills & utilities','BILL PAY AUTO DEBIT CITY OF PALO ALTO WATER BILL',-270,33589.2),(279,84,33,'Debit Card',NULL,NULL,NULL,'Food & drink','POS PURCHASE #3450 PANERA BREAD PA',-23,33566.2),(280,85,33,'ACH',NULL,NULL,NULL,'Employment','ACH CREDIT FARMERS MARKET SALES DEPOSIT',1900,35466.2),(281,86,33,'Debit Card',NULL,NULL,NULL,'Gas','POS PURCHASE #4561 SHELL OIL PALO ALTO',-71,35395.2),(282,87,33,'Debit Card',NULL,NULL,NULL,'Shopping','POS PURCHASE #5672 IKEA EAST PALO ALTO',-145,35250.2),(283,88,33,'Debit Card',NULL,NULL,NULL,'Grocieries','POS PURCHASE #6783 SAFEWAY PALO ALTO',-105,35145.2),(284,89,33,'Debit Card',NULL,NULL,NULL,'Health & Wellness','POS PURCHASE #7895 WALGREENS PA',-70,35075.2),(285,90,33,'ACH',NULL,NULL,NULL,'Benefits','ACH DEBIT HEALTH INSURANCE PREMIUM',-250,34825.2),(286,91,33,'Debit Card',NULL,NULL,NULL,'Food & drink','POS PURCHASE #8906 JAMBA JUICE PA',-26,34799.2),(287,92,33,'ACH',NULL,NULL,NULL,'Bills & utilities','BILL PAY AUTO DEBIT PG&E SAN FRANCISCO UTILITY BILL',-120,34679.2),(288,93,33,'Transfer',NULL,NULL,NULL,'Investment','TRANSFER TO SAVINGS FOR FUTURE BUSINESS EXPANSION',-500,34179.2),(289,1,34,'Transfer',NULL,NULL,NULL,'Investment','TRANSFER TO SAVINGS FOR FUTURE BUSINESS EXPANSION',-500,24500),(290,1,35,'ACH',NULL,NULL,NULL,'Benefits','ACH CREDIT MODELLING AGENCY PAYMENT RECEIVED',5000,205000),(291,1,35,'Credit Card',NULL,NULL,NULL,'Shopping','POS PURCHASE #9876 GUCCI BEVERLY HILLS',-1500,203500),(292,2,35,'Transfer',NULL,NULL,NULL,'Investment','TRANSFER TO VANGUARD INVESTMENT ACCOUNT',-20000,183500),(293,2,35,'Bill Pay',NULL,NULL,NULL,'Bills & utilities','BILL PAY AUTO DEBIT SOUTHERN CALIFORNIA EDISON ELECTRIC BILL',-250,183250),(294,3,35,'Debit Card',NULL,NULL,NULL,'Food & drink','POS PURCHASE #4567 WHOLE FOODS MARKET PASADENA',-120,183130),(295,3,35,'Zelle',NULL,NULL,NULL,'Gift & Donations','INCOMING ZELLE FROM JANE DOE FOR CHARITY EVENT',1000,184130),(296,4,35,'Wire',NULL,NULL,NULL,'Donations','OUTGOING WIRE TO DOMESTIC ABUSE FOUNDATION DONATION',-5000,179130),(297,5,35,'ACH',NULL,NULL,NULL,'Employment','ACH CREDIT CITY COUNCIL MONTHLY STIPEND',3000,182130),(298,5,35,'Debit Card',NULL,NULL,NULL,'Entertainment','POS PURCHASE #1234 AMC THEATRES ARCADIA',-200,181930),(299,6,35,'Debit Card',NULL,NULL,NULL,'Gas','POS PURCHASE #7890 CHEVRON ARCADIA',-75,181855),(300,7,35,'Transfer',NULL,NULL,NULL,'Loan','TRANSFER TO CAR LOAN ACCOUNT PAYMENT',-1500,180355),(301,8,35,'Debit Card',NULL,NULL,NULL,'Grocieries','POS PURCHASE #6543 TRADER JOE\'S PASADENA',-250,180105),(302,9,35,'Apple Pay',NULL,NULL,NULL,'Health & Wellness','APPLE PAY PURCHASE #3214 EQUINOX GYM MEMBERSHIP',-350,179755),(303,10,35,'Check',NULL,NULL,NULL,'Tax','CHECK #98765 PAYMENT TO IRS FOR QUARTERLY TAXES',-10000,169755),(304,11,35,'ACH',NULL,NULL,NULL,'Donations','ACH DEBIT MONTHLY DONATION TO WOMEN\'S SHELTER',-1500,168255),(305,12,35,'Debit Card',NULL,NULL,NULL,'Travel','POS PURCHASE #8523 DELTA AIRLINES FLIGHT TO NY',-3000,165255),(306,13,35,'Debit Card',NULL,NULL,NULL,'Shopping','POS PURCHASE #9630 NORDSTROM GLENDALE',-750,164505),(307,14,35,'Transfer',NULL,NULL,NULL,'Home','TRANSFER TO MORTGAGE PAYMENT WELLS FARGO HOME MORTGAGE',-5000,159505),(308,15,35,'Debit Card',NULL,NULL,NULL,'Food & drink','POS PURCHASE #2468 THE CHEESECAKE FACTORY PASADENA',-180,159325),(309,16,35,'ACH',NULL,NULL,NULL,'Benefits','ACH CREDIT MODELLING AGENCY PAYMENT RECEIVED',5000,164325),(310,17,35,'Google Wallet',NULL,NULL,NULL,'Entertainment','GOOGLE WALLET PURCHASE #7531 NETFLIX MONTHLY SUBSCRIPTION',-100,164225),(311,18,35,'Debit Card',NULL,NULL,NULL,'Food & drink','POS PURCHASE #1593 STARBUCKS PASADENA',-90,164135),(312,19,35,'Transfer',NULL,NULL,NULL,'Investment','TRANSFER TO CHARLES SCHWAB INVESTMENT ACCOUNT',-20000,144135),(313,20,35,'Debit Card',NULL,NULL,NULL,'Shopping','POS PURCHASE #3579 APPLE STORE GLENDALE',-450,143685),(314,21,35,'ACH',NULL,NULL,NULL,'Donations','ACH DEBIT MONTHLY DONATION TO SAVE THE CHILDREN FUND',-2000,141685),(315,22,35,'Debit Card',NULL,NULL,NULL,'Health & Wellness','POS PURCHASE #4680 CVS PHARMACY ARCADIA',-100,141585),(316,23,35,'PayPal',NULL,NULL,NULL,'Professional Services','PAYPAL PAYMENT TO SMITH MARKETING SERVICES',-500,141085),(317,24,35,'Debit Card',NULL,NULL,NULL,'Food & drink','POS PURCHASE #5791 IN-N-OUT BURGER PASADENA',-130,140955),(318,25,35,'Transfer',NULL,NULL,NULL,'Loan','TRANSFER TO CAR LOAN ACCOUNT PAYMENT',-1500,139455),(319,26,35,'Debit Card',NULL,NULL,NULL,'Entertainment','POS PURCHASE #6802 TICKETMASTER CONCERT TICKETS',-250,139205),(320,27,35,'Debit Card',NULL,NULL,NULL,'Travel','POS PURCHASE #7913 UBER RIDE TO LAX AIRPORT',-500,138705),(321,28,35,'ACH',NULL,NULL,NULL,'Employment','ACH CREDIT CITY COUNCIL MONTHLY STIPEND',3000,141705),(322,29,35,'Debit Card',NULL,NULL,NULL,'Shopping','POS PURCHASE #9024 TIFFANY & CO PASADENA',-1200,140505),(323,30,35,'Debit Card',NULL,NULL,NULL,'Gas','POS PURCHASE #0135 ARCO GAS STATION ARCADIA',-80,140425),(324,31,35,'Bill Pay',NULL,NULL,NULL,'Bills & utilities','BILL PAY AUTO DEBIT AT&T WIRELESS PHONE BILL',-300,140125),(325,32,35,'ACH',NULL,NULL,NULL,'Benefits','ACH CREDIT MODELLING AGENCY PAYMENT RECEIVED',5000,145125),(326,33,35,'Credit Card',NULL,NULL,NULL,'Shopping','POS PURCHASE #0246 LOUIS VUITTON BEVERLY HILLS',-1800,143325),(327,34,35,'Transfer',NULL,NULL,NULL,'Investment','TRANSFER TO FIDELITY INVESTMENT ACCOUNT',-20000,123325),(328,35,35,'Bill Pay',NULL,NULL,NULL,'Bills & utilities','BILL PAY AUTO DEBIT SOUTHERN CALIFORNIA GAS COMPANY GAS BILL',-250,123075),(329,36,35,'Debit Card',NULL,NULL,NULL,'Food & drink','POS PURCHASE #0357 RALPHS GROCERY STORE PASADENA',-110,122965),(330,37,35,'Zelle',NULL,NULL,NULL,'Gift & Donations','INCOMING ZELLE FROM MICHAEL SMITH FOR CHARITY GALA',1500,124465),(331,38,35,'Wire',NULL,NULL,NULL,'Donations','OUTGOING WIRE TO DOMESTIC ABUSE FOUNDATION DONATION',-6000,118465),(332,39,35,'ACH',NULL,NULL,NULL,'Employment','ACH CREDIT CITY COUNCIL MONTHLY STIPEND',3000,121465),(333,40,35,'Debit Card',NULL,NULL,NULL,'Entertainment','POS PURCHASE #0468 REGAL CINEMAS ARCADIA',-220,121245),(334,41,35,'Debit Card',NULL,NULL,NULL,'Gas','POS PURCHASE #0579 MOBIL GAS STATION ARCADIA',-70,121175),(335,42,35,'Transfer',NULL,NULL,NULL,'Home','TRANSFER TO MORTGAGE PAYMENT CHASE HOME FINANCE',-5000,116175),(336,43,35,'Debit Card',NULL,NULL,NULL,'Grocieries','POS PURCHASE #0680 GELSON\'S MARKET PASADENA',-260,115915),(337,44,35,'Apple Pay',NULL,NULL,NULL,'Health & Wellness','APPLE PAY PURCHASE #0791 24 HOUR FITNESS MEMBERSHIP',-360,115555),(338,45,35,'Check',NULL,NULL,NULL,'Tax','CHECK #09876 PAYMENT TO CALIFORNIA STATE TAX BOARD',-10500,105055),(339,46,35,'ACH',NULL,NULL,NULL,'Donations','ACH DEBIT MONTHLY DONATION TO NATIONAL COALITION AGAINST DOMESTIC VIOLENCE',-1600,103455),(340,47,35,'Debit Card',NULL,NULL,NULL,'Travel','POS PURCHASE #0892 AMERICAN AIRLINES FLIGHT TO PARIS',-3200,100255),(341,48,35,'Debit Card',NULL,NULL,NULL,'Shopping','POS PURCHASE #1903 BLOOMINGDALE\'S GLENDALE',-800,99455),(342,49,35,'Transfer',NULL,NULL,NULL,'Home','TRANSFER TO MORTGAGE PAYMENT BANK OF AMERICA HOME LOANS',-5000,94455),(343,50,35,'Debit Card',NULL,NULL,NULL,'Food & drink','POS PURCHASE #2014 DIN TAI FUNG ARCADIA',-190,94265),(344,51,35,'ACH',NULL,NULL,NULL,'Benefits','ACH CREDIT MODELLING AGENCY PAYMENT RECEIVED',5000,99265),(345,52,35,'Google Wallet',NULL,NULL,NULL,'Entertainment','GOOGLE WALLET PURCHASE #2125 SPOTIFY PREMIUM SUBSCRIPTION',-105,99160),(346,53,35,'Debit Card',NULL,NULL,NULL,'Food & drink','POS PURCHASE #2236 STARBUCKS PASADENA',-95,99065),(347,54,35,'Transfer',NULL,NULL,NULL,'Investment','TRANSFER TO ROBINHOOD INVESTMENT ACCOUNT',-20000,79065),(348,55,35,'Debit Card',NULL,NULL,NULL,'Shopping','POS PURCHASE #2347 BEST BUY PASADENA',-480,78585),(349,56,35,'ACH',NULL,NULL,NULL,'Donations','ACH DEBIT MONTHLY DONATION TO AMERICAN RED CROSS',-2100,76485),(350,57,35,'Debit Card',NULL,NULL,NULL,'Health & Wellness','POS PURCHASE #2458 WALGREENS PHARMACY ARCADIA',-110,76375),(351,58,35,'PayPal',NULL,NULL,NULL,'Professional Services','PAYPAL PAYMENT TO JONES PUBLIC RELATIONS SERVICES',-550,75825),(352,59,35,'Debit Card',NULL,NULL,NULL,'Food & drink','POS PURCHASE #2569 CHIPOTLE MEXICAN GRILL PASADENA',-140,75685),(353,60,35,'Transfer',NULL,NULL,NULL,'Loan','TRANSFER TO CAR LOAN ACCOUNT PAYMENT',-1500,74185),(354,61,35,'Debit Card',NULL,NULL,NULL,'Entertainment','POS PURCHASE #2670 DISNEYLAND PARK TICKETS',-270,73915),(355,62,35,'Debit Card',NULL,NULL,NULL,'Travel','POS PURCHASE #2781 LYFT RIDE TO SAN FRANCISCO',-550,73365),(356,63,35,'ACH',NULL,NULL,NULL,'Employment','ACH CREDIT CITY COUNCIL MONTHLY STIPEND',3000,76365),(357,64,35,'Debit Card',NULL,NULL,NULL,'Shopping','POS PURCHASE #2892 HERMES BEVERLY HILLS',-1250,75115),(358,65,35,'Debit Card',NULL,NULL,NULL,'Gas','POS PURCHASE #2903 SHELL GAS STATION ARCADIA',-85,75030),(359,66,35,'Bill Pay',NULL,NULL,NULL,'Bills & utilities','BILL PAY AUTO DEBIT VERIZON WIRELESS PHONE BILL',-320,74710),(360,67,35,'ACH',NULL,NULL,NULL,'Benefits','ACH CREDIT MODELLING AGENCY PAYMENT RECEIVED',5000,79710),(361,68,35,'Credit Card',NULL,NULL,NULL,'Shopping','POS PURCHASE #3015 PRADA BEVERLY HILLS',-1850,77860),(362,69,35,'Transfer',NULL,NULL,NULL,'Investment','TRANSFER TO MERRILL LYNCH INVESTMENT ACCOUNT',-20000,57860),(363,70,35,'Bill Pay',NULL,NULL,NULL,'Bills & utilities','BILL PAY AUTO DEBIT CITY OF ARCADIA WATER BILL',-260,57600),(364,71,35,'Debit Card',NULL,NULL,NULL,'Food & drink','POS PURCHASE #3126 PASADENA FARMERS MARKET',-115,57485),(365,72,35,'Zelle',NULL,NULL,NULL,'Gift & Donations','INCOMING ZELLE FROM ROBERT KING FOR CHARITY AUCTION',2000,59485),(366,73,35,'Wire',NULL,NULL,NULL,'Donations','OUTGOING WIRE TO DOMESTIC ABUSE FOUNDATION DONATION',-7000,52485),(367,74,35,'ACH',NULL,NULL,NULL,'Employment','ACH CREDIT CITY COUNCIL MONTHLY STIPEND',3000,55485),(368,75,35,'Debit Card',NULL,NULL,NULL,'Entertainment','POS PURCHASE #3237 ARCLIGHT CINEMAS PASADENA',-230,55255),(369,76,35,'Debit Card',NULL,NULL,NULL,'Gas','POS PURCHASE #3348 TEXACO GAS STATION ARCADIA',-65,55190),(370,77,35,'Transfer',NULL,NULL,NULL,'Home','TRANSFER TO MORTGAGE PAYMENT CITIBANK HOME LOANS',-5000,50190),(371,78,35,'Debit Card',NULL,NULL,NULL,'Grocieries','POS PURCHASE #3459 WHOLE FOODS MARKET PASADENA',-275,49915),(372,79,35,'Apple Pay',NULL,NULL,NULL,'Health & Wellness','APPLE PAY PURCHASE #3560 LA FITNESS MEMBERSHIP',-370,49545),(373,80,35,'Check',NULL,NULL,NULL,'Tax','CHECK #40123 PAYMENT TO FRANCHISE TAX BOARD',-11000,38545),(374,81,35,'ACH',NULL,NULL,NULL,'Donations','ACH DEBIT MONTHLY DONATION TO FEEDING AMERICA',-1700,36845),(375,82,35,'Debit Card',NULL,NULL,NULL,'Travel','POS PURCHASE #3671 UNITED AIRLINES FLIGHT TO LONDON',-3400,33445),(376,83,35,'Debit Card',NULL,NULL,NULL,'Shopping','POS PURCHASE #3782 SAKS FIFTH AVENUE GLENDALE',-850,32595),(377,84,35,'Transfer',NULL,NULL,NULL,'Home','TRANSFER TO MORTGAGE PAYMENT SUNTRUST MORTGAGE',-5000,27595),(378,85,35,'Debit Card',NULL,NULL,NULL,'Food & drink','POS PURCHASE #3893 NOBU MALIBU',-200,27395),(379,86,35,'ACH',NULL,NULL,NULL,'Benefits','ACH CREDIT MODELLING AGENCY PAYMENT RECEIVED',5000,32395),(380,87,35,'Google Wallet',NULL,NULL,NULL,'Entertainment','GOOGLE WALLET PURCHASE #3904 HULU MONTHLY SUBSCRIPTION',-110,32285),(381,88,35,'Debit Card',NULL,NULL,NULL,'Food & drink','POS PURCHASE #4015 STARBUCKS PASADENA',-100,32185),(382,89,35,'Transfer',NULL,NULL,NULL,'Investment','TRANSFER TO TD AMERITRADE INVESTMENT ACCOUNT',-20000,12185),(383,90,35,'Debit Card',NULL,NULL,NULL,'Shopping','POS PURCHASE #4126 MICROSOFT STORE GLENDALE',-500,11685),(384,91,35,'ACH',NULL,NULL,NULL,'Donations','ACH DEBIT MONTHLY DONATION TO ST JUDE CHILDREN\'S RESEARCH HOSPITAL',-2200,9485),(385,92,35,'Debit Card',NULL,NULL,NULL,'Health & Wellness','POS PURCHASE #4237 RITE AID PHARMACY ARCADIA',-120,9365),(386,93,35,'PayPal',NULL,NULL,NULL,'Professional Services','PAYPAL PAYMENT TO CARTER LEGAL SERVICES',-600,8765),(387,1,36,'ACH',NULL,NULL,NULL,'Benefits','ACH CREDIT SSA TREAS 310 XXSOC SEC',1200,30200),(388,2,36,'Debit Card',NULL,NULL,NULL,'Food & drink','POS PURCHASE #9876 WHOLE FOODS MARKET CA',-45.67,30154.3),(389,3,36,'Bill Pay',NULL,NULL,NULL,'Bills & utilities','BILL PAY AUTO DEBIT PG&E SAN FRANCISCO UTILITY BILL',-112.55,30041.8),(390,5,36,'Transfer',NULL,NULL,NULL,'Transfer','ONLINE TRANSFER TO SAVINGS ACCOUNT #987654321',-200,29841.8),(391,7,36,'Debit Card',NULL,NULL,NULL,'Gas','POS PURCHASE #4567 CHEVRON SAN RAMON CA',-63.29,29778.5),(392,8,36,'Debit Card',NULL,NULL,NULL,'Entertainment','POS PURCHASE #1234 AMC THEATRES ONLINE TICKET',-30,29748.5),(393,10,36,'Debit Card',NULL,NULL,NULL,'Shopping','POS PURCHASE #8523 TARGET SAN RAMON CA',-85.9,29662.6),(394,12,36,'Debit Card',NULL,NULL,NULL,'Health & Wellness','POS PURCHASE #9632 WALGREENS SAN RAMON',-20,29642.6),(395,14,36,'ACH',NULL,NULL,NULL,'Donations','ACH DEBIT DONATION TO RED CROSS',-50,29592.6),(396,15,36,'ACH',NULL,NULL,NULL,'Benefits','ACH CREDIT SSA TREAS 310 XXSOC SEC',1200,30792.6),(397,16,36,'Debit Card',NULL,NULL,NULL,'Food & drink','POS PURCHASE #2034 STARBUCKS SAN RAMON CA',-9.75,30782.8),(398,18,36,'Debit Card',NULL,NULL,NULL,'Grocieries','POS PURCHASE #5678 SAFEWAY SAN RAMON CA',-110.47,30672.4),(399,20,36,'Debit Card',NULL,NULL,NULL,'Personal','POS PURCHASE #7890 PETSMART DOG FOOD',-60,30612.4),(400,22,36,'Debit Card',NULL,NULL,NULL,'Travel','POS PURCHASE #3210 SOUTHWEST AIRLINES TICKET',-250,30362.4),(401,23,36,'Debit Card',NULL,NULL,NULL,'Food & drink','POS PURCHASE #6543 OLIVE GARDEN SAN RAMON CA',-35.6,30326.8),(402,25,36,'Debit Card',NULL,NULL,NULL,'Shopping','POS PURCHASE #8529 COSTCO WHSE SAN RAMON CA',-180,30146.8),(403,27,36,'Debit Card',NULL,NULL,NULL,'Entertainment','POS PURCHASE #1235 NETFLIX SUBSCRIPTION',-15,30131.8),(404,29,36,'Debit Card',NULL,NULL,NULL,'Health & Wellness','POS PURCHASE #9633 CVS PHARMACY SAN RAMON CA',-40,30091.8),(405,31,36,'Bill Pay',NULL,NULL,NULL,'Bills & utilities','BILL PAY AUTO DEBIT PG&E SAN FRANCISCO UTILITY BILL',-112.55,29979.2),(406,32,36,'ACH',NULL,NULL,NULL,'Benefits','ACH CREDIT SSA TREAS 310 XXSOC SEC',1200,31179.2),(407,33,36,'Debit Card',NULL,NULL,NULL,'Food & drink','POS PURCHASE #9876 WHOLE FOODS MARKET CA',-50.32,31128.9),(408,34,36,'Transfer',NULL,NULL,NULL,'Transfer','ONLINE TRANSFER TO SAVINGS ACCOUNT #987654321',-200,30928.9),(409,36,36,'Debit Card',NULL,NULL,NULL,'Gas','POS PURCHASE #4567 CHEVRON SAN RAMON CA',-65,30863.9),(410,38,36,'Debit Card',NULL,NULL,NULL,'Entertainment','POS PURCHASE #1234 AMC THEATRES ONLINE TICKET',-50,30813.9),(411,40,36,'Debit Card',NULL,NULL,NULL,'Shopping','POS PURCHASE #8523 TARGET SAN RAMON CA',-90.45,30723.4),(412,42,36,'Debit Card',NULL,NULL,NULL,'Health & Wellness','POS PURCHASE #9632 WALGREENS SAN RAMON',-25,30698.4),(413,44,36,'ACH',NULL,NULL,NULL,'Donations','ACH DEBIT DONATION TO HABITAT FOR HUMANITY',-100,30598.4),(414,46,36,'ACH',NULL,NULL,NULL,'Benefits','ACH CREDIT SSA TREAS 310 XXSOC SEC',1200,31798.4),(415,48,36,'Debit Card',NULL,NULL,NULL,'Food & drink','POS PURCHASE #2034 STARBUCKS SAN RAMON CA',-12,31786.4),(416,50,36,'Debit Card',NULL,NULL,NULL,'Grocieries','POS PURCHASE #5678 SAFEWAY SAN RAMON CA',-115.22,31671.2),(417,52,36,'Debit Card',NULL,NULL,NULL,'Personal','POS PURCHASE #7890 PETSMART DOG SUPPLIES',-80,31591.2),(418,54,36,'Debit Card',NULL,NULL,NULL,'Travel','POS PURCHASE #3210 SOUTHWEST AIRLINES TICKET',-300,31291.2),(419,56,36,'Debit Card',NULL,NULL,NULL,'Food & drink','POS PURCHASE #6543 OLIVE GARDEN SAN RAMON CA',-40.75,31250.5),(420,58,36,'Debit Card',NULL,NULL,NULL,'Shopping','POS PURCHASE #8529 COSTCO WHSE SAN RAMON CA',-200,31050.5),(421,60,36,'Debit Card',NULL,NULL,NULL,'Entertainment','POS PURCHASE #1235 NETFLIX SUBSCRIPTION',-20,31030.5),(422,61,36,'Bill Pay',NULL,NULL,NULL,'Bills & utilities','BILL PAY AUTO DEBIT PG&E SAN FRANCISCO UTILITY BILL',-112.55,30917.9),(423,62,36,'ACH',NULL,NULL,NULL,'Benefits','ACH CREDIT SSA TREAS 310 XXSOC SEC',1200,32117.9),(424,63,36,'Debit Card',NULL,NULL,NULL,'Food & drink','POS PURCHASE #9876 WHOLE FOODS MARKET CA',-55.1,32062.8),(425,64,36,'Transfer',NULL,NULL,NULL,'Transfer','ONLINE TRANSFER TO SAVINGS ACCOUNT #987654321',-200,31862.8),(426,66,36,'Debit Card',NULL,NULL,NULL,'Gas','POS PURCHASE #4567 CHEVRON SAN RAMON CA',-70,31792.8),(427,68,36,'Debit Card',NULL,NULL,NULL,'Entertainment','POS PURCHASE #1234 AMC THEATRES ONLINE TICKET',-60,31732.8),(428,70,36,'Debit Card',NULL,NULL,NULL,'Shopping','POS PURCHASE #8523 TARGET SAN RAMON CA',-95,31637.8),(429,72,36,'Debit Card',NULL,NULL,NULL,'Health & Wellness','POS PURCHASE #9632 WALGREENS SAN RAMON',-30,31607.8),(430,74,36,'ACH',NULL,NULL,NULL,'Donations','ACH DEBIT DONATION TO ST JUDE CHILDREN\'S HOSPITAL',-150,31457.8),(431,76,36,'ACH',NULL,NULL,NULL,'Benefits','ACH CREDIT SSA TREAS 310 XXSOC SEC',1200,32657.8),(432,78,36,'Debit Card',NULL,NULL,NULL,'Food & drink','POS PURCHASE #2034 STARBUCKS SAN RAMON CA',-14.25,32643.6),(433,80,36,'Debit Card',NULL,NULL,NULL,'Grocieries','POS PURCHASE #5678 SAFEWAY SAN RAMON CA',-120,32523.6),(434,82,36,'Debit Card',NULL,NULL,NULL,'Personal','POS PURCHASE #7890 PETSMART DOG GROOMING',-100,32423.6),(435,84,36,'Debit Card',NULL,NULL,NULL,'Travel','POS PURCHASE #3210 SOUTHWEST AIRLINES TICKET',-350,32073.6),(436,86,36,'Debit Card',NULL,NULL,NULL,'Food & drink','POS PURCHASE #6543 OLIVE GARDEN SAN RAMON CA',-45.9,32027.7),(437,88,36,'Debit Card',NULL,NULL,NULL,'Shopping','POS PURCHASE #8529 COSTCO WHSE SAN RAMON CA',-220,31807.7),(438,90,36,'Debit Card',NULL,NULL,NULL,'Entertainment','POS PURCHASE #1235 NETFLIX SUBSCRIPTION',-25,31782.7),(439,92,36,'Bill Pay',NULL,NULL,NULL,'Bills & utilities','BILL PAY AUTO DEBIT PG&E SAN FRANCISCO UTILITY BILL',-112.55,31670.1),(440,93,36,'ACH',NULL,NULL,NULL,'Benefits','ACH CREDIT SSA TREAS 310 XXSOC SEC',1200,32870.1),(441,5,37,'Transfer',NULL,NULL,NULL,'Transfer','ONLINE TRANSFER FROM CHECKING ACCOUNT #456789123',200,10200),(442,34,37,'Transfer',NULL,NULL,NULL,'Transfer','ONLINE TRANSFER FROM CHECKING ACCOUNT #456789123',200,10400),(443,64,37,'Transfer',NULL,NULL,NULL,'Transfer','ONLINE TRANSFER FROM CHECKING ACCOUNT #456789123',200,10600),(444,1,38,'ACH',NULL,NULL,NULL,'Benefits','ACH CREDIT MOTORSPORTS INC RACE WINNINGS',5000,215000),(445,1,38,'Transfer',NULL,NULL,NULL,'Investment','TRANSFER TO VANGUARD INVESTMENT ACCOUNT',-10000,205000),(446,2,38,'Debit Card',NULL,NULL,NULL,'Food & drink','POS PURCHASE #4567 MARIO\'S PIZZERIA NY',-120.45,204880),(447,2,38,'Debit Card',NULL,NULL,NULL,'Entertainment','POS PURCHASE #7890 RACEWAY TICKETS NY',-200,204680),(448,3,38,'Bill Pay',NULL,NULL,NULL,'Bills & utilities','BILL PAY AUTO DEBIT VERIZON WIRELESS PHONE BILL',-150,204530),(449,3,38,'Zelle',NULL,NULL,NULL,'Gift & Donations','ZELLE DONATION RECEIVED FROM FAN CLUB',1000,205530),(450,4,38,'Wire',NULL,NULL,NULL,'Donations','OUTGOING WIRE TO CHILDREN\'S CHARITY FUND',-50000,155530),(451,5,38,'Debit Card',NULL,NULL,NULL,'Gas','POS PURCHASE #9876 SHELL GAS STATION NY',-75.3,155454),(452,5,38,'Debit Card',NULL,NULL,NULL,'Shopping','POS PURCHASE #1234 RACING GEAR SHOP NY',-450,155004),(453,6,38,'ACH',NULL,NULL,NULL,'Loan','ACH DEBIT CAR LOAN PAYMENT #4567',-2000,153004),(454,7,38,'Transfer',NULL,NULL,NULL,'Personal','TRANSFER TO SAVINGS ACCOUNT',-300,152704),(455,8,38,'Debit Card',NULL,NULL,NULL,'Food & drink','POS PURCHASE #2034 STARBUCKS NY',-15.75,152688),(456,8,38,'Debit Card',NULL,NULL,NULL,'Travel','POS PURCHASE #5678 DELTA AIRLINES TICKET',-300,152388),(457,9,38,'ACH',NULL,NULL,NULL,'Employment','ACH CREDIT MOTORSPORTS INC MONTHLY SALARY',15000,167388),(458,10,38,'Debit Card',NULL,NULL,NULL,'Health & Wellness','POS PURCHASE #6789 GNC STORE NY',-60,167328),(459,11,38,'ACH',NULL,NULL,NULL,'Bills & utilities','ACH DEBIT CON EDISON ELECTRIC BILL NY',-250,167078),(460,12,38,'Debit Card',NULL,NULL,NULL,'Groceries','POS PURCHASE #7891 WHOLE FOODS MARKET NY',-210.5,166868),(461,13,38,'Transfer',NULL,NULL,NULL,'Donations','TRANSFER TO LOCAL FOOD BANK DONATION',-1000,165868),(462,14,38,'Debit Card',NULL,NULL,NULL,'Entertainment','POS PURCHASE #8901 BROADWAY SHOW TICKETS NY',-350,165518),(463,15,38,'Debit Card',NULL,NULL,NULL,'Travel','POS PURCHASE #9012 UBER RIDE TO AIRPORT',-120,165398),(464,16,38,'ACH',NULL,NULL,NULL,'Benefits','ACH CREDIT MOTORSPORTS INC ENDORSEMENT DEAL',7500,172898),(465,17,38,'Debit Card',NULL,NULL,NULL,'Food & drink','POS PURCHASE #0123 MICHELIN STAR RESTAURANT NY',-85,172813),(466,18,38,'Debit Card',NULL,NULL,NULL,'Shopping','POS PURCHASE #2345 HIGH-END ELECTRONICS STORE NY',-650,172163),(467,19,38,'Transfer',NULL,NULL,NULL,'Investment','TRANSFER TO CHARLES SCHWAB INVESTMENT ACCOUNT',-5000,167163),(468,20,38,'Debit Card',NULL,NULL,NULL,'Gas','POS PURCHASE #3456 BP GAS STATION NY',-80,167083),(469,21,38,'Debit Card',NULL,NULL,NULL,'Shopping','POS PURCHASE #4567 RACE SUIT CUSTOMIZATION NY',-400,166683),(470,22,38,'ACH',NULL,NULL,NULL,'Donations','ACH DEBIT TO CANCER RESEARCH FOUNDATION DONATION',-15000,151683),(471,23,38,'Debit Card',NULL,NULL,NULL,'Food & drink','POS PURCHASE #5678 SUBWAY SANDWICHES NY',-30,151653),(472,24,38,'Debit Card',NULL,NULL,NULL,'Entertainment','POS PURCHASE #6789 CONCERT TICKETS NY',-250,151403),(473,25,38,'ACH',NULL,NULL,NULL,'Bills & utilities','ACH DEBIT SPECTRUM INTERNET BILL NY',-180,151223),(474,26,38,'Debit Card',NULL,NULL,NULL,'Groceries','POS PURCHASE #7892 TRADER JOE\'S MARKET NY',-195.75,151027),(475,27,38,'Transfer',NULL,NULL,NULL,'Personal','TRANSFER TO SAVINGS ACCOUNT',-500,150527),(476,28,38,'Debit Card',NULL,NULL,NULL,'Travel','POS PURCHASE #8902 HILTON HOTEL BOOKING NY',-250,150277),(477,29,38,'ACH',NULL,NULL,NULL,'Employment','ACH CREDIT MOTORSPORTS INC MONTHLY SALARY',15000,165277),(478,30,38,'Debit Card',NULL,NULL,NULL,'Health & Wellness','POS PURCHASE #9013 24 HOUR FITNESS MEMBERSHIP NY',-100,165177),(479,31,38,'ACH',NULL,NULL,NULL,'Bills & utilities','ACH DEBIT NATIONAL GRID GAS BILL NY',-300,164877),(480,32,38,'Transfer',NULL,NULL,NULL,'Investment','TRANSFER TO VANGUARD INVESTMENT ACCOUNT',-10000,154877),(481,33,38,'Debit Card',NULL,NULL,NULL,'Food & drink','POS PURCHASE #0124 FANCY STEAKHOUSE NY',-130.5,154747),(482,34,38,'Bill Pay',NULL,NULL,NULL,'Bills & utilities','BILL PAY AUTO DEBIT T-MOBILE PHONE BILL',-160,154587),(483,35,38,'Zelle',NULL,NULL,NULL,'Gift & Donations','ZELLE DONATION RECEIVED FROM FAN CLUB',1500,156087),(484,36,38,'Wire',NULL,NULL,NULL,'Donations','OUTGOING WIRE TO GLOBAL RELIEF FUND',-55000,101087),(485,37,38,'Debit Card',NULL,NULL,NULL,'Gas','POS PURCHASE #2346 EXXON GAS STATION NY',-78.2,101009),(486,38,38,'Debit Card',NULL,NULL,NULL,'Shopping','POS PURCHASE #3457 MOTORSPORTS ACCESSORIES NY',-480,100529),(487,39,38,'ACH',NULL,NULL,NULL,'Loan','ACH DEBIT CAR LOAN PAYMENT #5678',-2050,98478.5),(488,40,38,'Transfer',NULL,NULL,NULL,'Personal','TRANSFER TO SAVINGS ACCOUNT',-320,98158.5),(489,41,38,'Debit Card',NULL,NULL,NULL,'Food & drink','POS PURCHASE #4568 STARBUCKS NY',-18,98140.5),(490,42,38,'Debit Card',NULL,NULL,NULL,'Travel','POS PURCHASE #5679 AMERICAN AIRLINES TICKET',-320,97820.5),(491,43,38,'ACH',NULL,NULL,NULL,'Employment','ACH CREDIT MOTORSPORTS INC MONTHLY SALARY',15500,113321),(492,44,38,'Debit Card',NULL,NULL,NULL,'Health & Wellness','POS PURCHASE #6780 VITAMIN SHOPPE NY',-65,113256),(493,45,38,'ACH',NULL,NULL,NULL,'Bills & utilities','ACH DEBIT PSEG ELECTRIC BILL NY',-260,112996),(494,46,38,'Debit Card',NULL,NULL,NULL,'Groceries','POS PURCHASE #7893 COSTCO WHOLESALE NY',-220.6,112775),(495,47,38,'Transfer',NULL,NULL,NULL,'Donations','TRANSFER TO ANIMAL WELFARE ORGANIZATION DONATION',-1050,111725),(496,48,38,'Debit Card',NULL,NULL,NULL,'Entertainment','POS PURCHASE #8903 RACE TRACK VIP PASS NY',-360,111365),(497,49,38,'Debit Card',NULL,NULL,NULL,'Travel','POS PURCHASE #9014 LYFT RIDE TO EVENT',-125,111240),(498,50,38,'ACH',NULL,NULL,NULL,'Benefits','ACH CREDIT MOTORSPORTS INC BONUS PAYMENT',7700,118940),(499,51,38,'Debit Card',NULL,NULL,NULL,'Food & drink','POS PURCHASE #0125 HIGH-END SUSHI RESTAURANT NY',-90,118850),(500,52,38,'Debit Card',NULL,NULL,NULL,'Shopping','POS PURCHASE #1236 LUXURY WATCH STORE NY',-670,118180),(501,53,38,'Transfer',NULL,NULL,NULL,'Investment','TRANSFER TO FIDELITY INVESTMENT ACCOUNT',-5200,112980),(502,54,38,'Debit Card',NULL,NULL,NULL,'Gas','POS PURCHASE #2347 MOBIL GAS STATION NY',-82,112898),(503,55,38,'Debit Card',NULL,NULL,NULL,'Shopping','POS PURCHASE #3458 CUSTOM RACING HELMET NY',-420,112478),(504,56,38,'ACH',NULL,NULL,NULL,'Donations','ACH DEBIT TO DISASTER RELIEF FUND DONATION',-15500,96978),(505,57,38,'Debit Card',NULL,NULL,NULL,'Food & drink','POS PURCHASE #4569 DOMINO\'S PIZZA NY',-35,96943),(506,58,38,'Debit Card',NULL,NULL,NULL,'Entertainment','POS PURCHASE #5670 BOWLING ALLEY PARTY NY',-260,96683),(507,59,38,'ACH',NULL,NULL,NULL,'Bills & utilities','ACH DEBIT TIME WARNER CABLE BILL NY',-190,96493),(508,60,38,'Debit Card',NULL,NULL,NULL,'Groceries','POS PURCHASE #6781 FAIRWAY MARKET NY',-200.85,96292.1),(509,61,38,'Transfer',NULL,NULL,NULL,'Personal','TRANSFER TO SAVINGS ACCOUNT',-550,95742.1),(510,62,38,'ACH',NULL,NULL,NULL,'Bills & utilities','ACH DEBIT NATIONAL GRID GAS BILL NY',-320,95422.1),(511,63,38,'Debit Card',NULL,NULL,NULL,'Food & drink','POS PURCHASE #7894 ITALIAN RESTAURANT NY',-140.55,95281.5),(512,64,38,'Bill Pay',NULL,NULL,NULL,'Bills & utilities','BILL PAY AUTO DEBIT AT&T PHONE BILL',-170,95111.5),(513,65,38,'Zelle',NULL,NULL,NULL,'Gift & Donations','ZELLE DONATION RECEIVED FROM FAN CLUB',2000,97111.5),(514,66,38,'Wire',NULL,NULL,NULL,'Donations','OUTGOING WIRE TO EDUCATION FOR ALL FUND',-60000,37111.6),(515,67,38,'Debit Card',NULL,NULL,NULL,'Gas','POS PURCHASE #8904 SUNOCO GAS STATION NY',-81.1,37030.4),(516,68,38,'Debit Card',NULL,NULL,NULL,'Shopping','POS PURCHASE #9015 PERFORMANCE RACING PARTS NY',-510,36520.4),(517,69,38,'ACH',NULL,NULL,NULL,'Loan','ACH DEBIT CAR LOAN PAYMENT #6789',-2100,34420.4),(518,70,38,'Transfer',NULL,NULL,NULL,'Personal','TRANSFER TO SAVINGS ACCOUNT',-340,34080.4),(519,71,38,'Debit Card',NULL,NULL,NULL,'Food & drink','POS PURCHASE #0126 STARBUCKS NY',-20.25,34060.2),(520,72,38,'Debit Card',NULL,NULL,NULL,'Travel','POS PURCHASE #1237 JETBLUE AIRWAYS TICKET',-340,33720.2),(521,73,38,'ACH',NULL,NULL,NULL,'Employment','ACH CREDIT MOTORSPORTS INC MONTHLY SALARY',16000,49720.2),(522,74,38,'Debit Card',NULL,NULL,NULL,'Health & Wellness','POS PURCHASE #2348 GNC STORE NY',-70,49650.2),(523,75,38,'ACH',NULL,NULL,NULL,'Bills & utilities','ACH DEBIT CON EDISON ELECTRIC BILL NY',-270,49380.2),(524,76,38,'Debit Card',NULL,NULL,NULL,'Groceries','POS PURCHASE #3459 BJ\'S WHOLESALE CLUB NY',-230.7,49149.5),(525,77,38,'Transfer',NULL,NULL,NULL,'Donations','TRANSFER TO VETERANS SUPPORT ORGANIZATION DONATION',-1100,48049.5),(526,78,38,'Debit Card',NULL,NULL,NULL,'Entertainment','POS PURCHASE #4560 NASCAR EVENT TICKETS NY',-370,47679.5),(527,79,38,'Debit Card',NULL,NULL,NULL,'Travel','POS PURCHASE #5671 TAXI RIDE TO HOTEL',-130,47549.5),(528,80,38,'ACH',NULL,NULL,NULL,'Benefits','ACH CREDIT MOTORSPORTS INC SPONSORSHIP BONUS',7900,55449.5),(529,81,38,'Debit Card',NULL,NULL,NULL,'Food & drink','POS PURCHASE #6782 FINE DINING RESTAURANT NY',-95,55354.5),(530,82,38,'Debit Card',NULL,NULL,NULL,'Shopping','POS PURCHASE #7895 DESIGNER CLOTHING STORE NY',-690,54664.5),(531,83,38,'Transfer',NULL,NULL,NULL,'Investment','TRANSFER TO ROBINHOOD INVESTMENT ACCOUNT',-5400,49264.5),(532,84,38,'Debit Card',NULL,NULL,NULL,'Gas','POS PURCHASE #8905 CHEVRON GAS STATION NY',-84,49180.5),(533,85,38,'Debit Card',NULL,NULL,NULL,'Shopping','POS PURCHASE #9016 CUSTOM LEATHER RACING GLOVES NY',-440,48740.5),(534,86,38,'ACH',NULL,NULL,NULL,'Donations','ACH DEBIT TO HABITAT FOR HUMANITY DONATION',-16000,32740.5),(535,87,38,'Debit Card',NULL,NULL,NULL,'Food & drink','POS PURCHASE #0127 CHIPOTLE MEXICAN GRILL NY',-40,32700.5),(536,88,38,'Debit Card',NULL,NULL,NULL,'Entertainment','POS PURCHASE #1238 AMUSEMENT PARK TICKETS NY',-270,32430.5),(537,89,38,'ACH',NULL,NULL,NULL,'Bills & utilities','ACH DEBIT SPECTRUM INTERNET BILL NY',-200,32230.5),(538,90,38,'Debit Card',NULL,NULL,NULL,'Groceries','POS PURCHASE #2349 SAFEWAY SUPERMARKET NY',-205.95,32024.6),(539,91,38,'Transfer',NULL,NULL,NULL,'Personal','TRANSFER TO SAVINGS ACCOUNT',-580,31444.6),(540,92,38,'ACH',NULL,NULL,NULL,'Bills & utilities','ACH DEBIT NATIONAL GRID GAS BILL NY',-340,31104.6),(541,93,38,'Transfer',NULL,NULL,NULL,'Investment','TRANSFER TO VANGUARD INVESTMENT ACCOUNT',-10000,21104.6),(542,1,39,'ACH',NULL,NULL,NULL,'Benefits','ACH CREDIT ENERTECH INC MONTHLY SALARY',5000,85000),(543,1,39,'Debit Card',NULL,NULL,NULL,'Food & drink','POS PURCHASE #4567 WHOLE FOODS MKT',-15.75,84984.2),(544,2,39,'Wire',NULL,NULL,NULL,'Investment','OUTGOING WIRE TO BLOOMBERG INVESTMENT FUND',-10000,74984.2),(545,2,39,'Bill Pay',NULL,NULL,NULL,'Bills & utilities','BILL PAY AUTO DEBIT PG&E SAN FRANCISCO UTILITY BILL',-120,74864.2),(546,3,39,'Debit Card',NULL,NULL,NULL,'Travel','POS PURCHASE #7890 DELTA AIR TICKET',-350,74514.2),(547,3,39,'ACH',NULL,NULL,NULL,'Loan','ACH DEBIT CAR LOAN PAYMENT TO CHASE AUTO FIN',-1500,73014.2),(548,4,39,'Transfer',NULL,NULL,NULL,'Home','TRANSFER TO MORTGAGE FOR WELLS FARGO HOME LOAN',-2000,71014.2),(549,5,39,'Zelle',NULL,NULL,NULL,'Personal','ZELLE PAYMENT SENT TO JAMES PEACH',-250,70764.2),(550,5,39,'Debit Card',NULL,NULL,NULL,'Gas','POS PURCHASE #9876 CHEVRON STATION',-60,70704.2),(551,6,39,'Debit Card',NULL,NULL,NULL,'Grocieries','POS PURCHASE #4567 SAFEWAY STORE',-95.5,70608.8),(552,7,39,'ACH',NULL,NULL,NULL,'Tax','ACH DEBIT IRS PAYMENT',-500,70108.8),(553,8,39,'Debit Card',NULL,NULL,NULL,'Entertainment','POS PURCHASE #1234 AMC THEATERS',-80,70028.8),(554,9,39,'Transfer',NULL,NULL,NULL,'Investment','INCOMING TRANSFER FROM ENERTECH INVESTMENT ACCOUNT',15000,85028.8),(555,10,39,'Debit Card',NULL,NULL,NULL,'Health & Wellness','POS PURCHASE #6789 CVS PHARMACY',-45,84983.8),(556,11,39,'ACH',NULL,NULL,NULL,'Employment','ACH DEBIT PAYROLL ENERTECH STAFF',-2500,82483.8),(557,12,39,'Debit Card',NULL,NULL,NULL,'Shopping','POS PURCHASE #4321 NORDSTROM INC',-180,82303.8),(558,13,39,'Transfer',NULL,NULL,NULL,'Investment','TRANSFER TO VANGUARD RETIREMENT FUND',-5000,77303.8),(559,14,39,'Debit Card',NULL,NULL,NULL,'Food & drink','POS PURCHASE #2034 STARBUCKS SF',-30,77273.8),(560,15,39,'ACH',NULL,NULL,NULL,'Bills & utilities','ACH DEBIT COMCAST SAN FRANCISCO INTERNET BILL',-250,77023.8),(561,16,39,'Debit Card',NULL,NULL,NULL,'Travel','POS PURCHASE #7890 UBER RIDE',-120,76903.8),(562,17,39,'Wire',NULL,NULL,NULL,'Professional Services','OUTGOING WIRE TO MCKINSEY CONSULTING SERVICES',-3000,73903.8),(563,18,39,'Debit Card',NULL,NULL,NULL,'Entertainment','POS PURCHASE #1234 SPOTIFY PREMIUM SUBSCRIPTION',-50,73853.8),(564,19,39,'Transfer',NULL,NULL,NULL,'Investment','TRANSFER TO CHARLES SCHWAB INVESTMENT ACCOUNT',-10000,63853.8),(565,20,39,'Debit Card',NULL,NULL,NULL,'Gas','POS PURCHASE #9876 SHELL OIL',-75,63778.8),(566,21,39,'ACH',NULL,NULL,NULL,'Education','ACH DEBIT TUITION PAYMENT TO STANFORD UNIVERSITY',-2000,61778.8),(567,22,39,'Debit Card',NULL,NULL,NULL,'Shopping','POS PURCHASE #4321 APPLE STORE',-250,61528.8),(568,23,39,'Transfer',NULL,NULL,NULL,'Loan','TRANSFER TO STUDENT LOAN PAYMENT',-1500,60028.8),(569,24,39,'Debit Card',NULL,NULL,NULL,'Food & drink','POS PURCHASE #2034 STARBUCKS SF',-20,60008.8),(570,25,39,'ACH',NULL,NULL,NULL,'Benefits','ACH CREDIT ENERTECH INC MONTHLY SALARY',5000,65008.8),(571,26,39,'Debit Card',NULL,NULL,NULL,'Grocieries','POS PURCHASE #4567 TRADER JOE\'S',-110,64898.8),(572,27,39,'Debit Card',NULL,NULL,NULL,'Health & Wellness','POS PURCHASE #6789 WALGREENS',-60,64838.8),(573,28,39,'Transfer',NULL,NULL,NULL,'Investment','TRANSFER TO FIDELITY INVESTMENT FUND',-7500,57338.8),(574,29,39,'Debit Card',NULL,NULL,NULL,'Entertainment','POS PURCHASE #1234 NETFLIX SUBSCRIPTION',-15,57323.8),(575,30,39,'ACH',NULL,NULL,NULL,'Bills & utilities','ACH DEBIT VERIZON WIRELESS BILL',-130,57193.8),(576,31,39,'Debit Card',NULL,NULL,NULL,'Travel','POS PURCHASE #7890 LYFT RIDE',-85,57108.8),(577,32,39,'Wire',NULL,NULL,NULL,'Investment','OUTGOING WIRE TO GOLDMAN SACHS INVESTMENT FUND',-10000,47108.8),(578,33,39,'Debit Card',NULL,NULL,NULL,'Food & drink','POS PURCHASE #2034 STARBUCKS SF',-40,47068.8),(579,34,39,'ACH',NULL,NULL,NULL,'Loan','ACH DEBIT CAR LOAN PAYMENT TO CHASE AUTO FIN',-1500,45568.8),(580,35,39,'Transfer',NULL,NULL,NULL,'Home','TRANSFER TO MORTGAGE FOR WELLS FARGO HOME LOAN',-2000,43568.8),(581,36,39,'Zelle',NULL,NULL,NULL,'Personal','ZELLE PAYMENT SENT TO ANNA GUACAMOLE',-300,43268.8),(582,37,39,'Debit Card',NULL,NULL,NULL,'Gas','POS PURCHASE #9876 TEXACO STATION',-65,43203.8),(583,38,39,'Debit Card',NULL,NULL,NULL,'Grocieries','POS PURCHASE #4567 WHOLE FOODS MKT',-100,43103.8),(584,39,39,'ACH',NULL,NULL,NULL,'Tax','ACH DEBIT IRS QUARTERLY PAYMENT',-550,42553.8),(585,40,39,'Debit Card',NULL,NULL,NULL,'Entertainment','POS PURCHASE #1234 TICKETMASTER CONCERT',-90,42463.8),(586,41,39,'Transfer',NULL,NULL,NULL,'Investment','INCOMING TRANSFER FROM ENERTECH OPERATING ACCOUNT',20000,62463.8),(587,42,39,'Debit Card',NULL,NULL,NULL,'Health & Wellness','POS PURCHASE #6789 RITE AID PHARMACY',-50,62413.8),(588,43,39,'ACH',NULL,NULL,NULL,'Employment','ACH DEBIT PAYROLL ENERTECH STAFF',-2600,59813.8),(589,44,39,'Debit Card',NULL,NULL,NULL,'Shopping','POS PURCHASE #4321 ZARA CLOTHING',-190,59623.8),(590,45,39,'Transfer',NULL,NULL,NULL,'Investment','TRANSFER TO ROBINHOOD INVESTMENT ACCOUNT',-5500,54123.8),(591,46,39,'Debit Card',NULL,NULL,NULL,'Food & drink','POS PURCHASE #2034 STARBUCKS SF',-35,54088.8),(592,47,39,'ACH',NULL,NULL,NULL,'Bills & utilities','ACH DEBIT AT&T SAN FRANCISCO INTERNET BILL',-260,53828.8),(593,48,39,'Debit Card',NULL,NULL,NULL,'Travel','POS PURCHASE #7890 SOUTHWEST AIR TICKET',-130,53698.8),(594,49,39,'Wire',NULL,NULL,NULL,'Professional Services','OUTGOING WIRE TO DELOITTE CONSULTING LLP',-3200,50498.8),(595,50,39,'Debit Card',NULL,NULL,NULL,'Entertainment','POS PURCHASE #1234 HBO MAX SUBSCRIPTION',-55,50443.8),(596,51,39,'Transfer',NULL,NULL,NULL,'Investment','TRANSFER TO MERRILL LYNCH INVESTMENT ACCOUNT',-10500,39943.8),(597,52,39,'Debit Card',NULL,NULL,NULL,'Gas','POS PURCHASE #9876 BP GAS STATION',-80,39863.8),(598,53,39,'ACH',NULL,NULL,NULL,'Education','ACH DEBIT TUITION PAYMENT TO HARVARD BUSINESS SCHOOL',-2100,37763.8),(599,54,39,'Debit Card',NULL,NULL,NULL,'Shopping','POS PURCHASE #4321 BEST BUY ELECTRONICS',-260,37503.8),(600,55,39,'Transfer',NULL,NULL,NULL,'Loan','TRANSFER TO PERSONAL LOAN PAYMENT',-1550,35953.8),(601,56,39,'Debit Card',NULL,NULL,NULL,'Food & drink','POS PURCHASE #2034 STARBUCKS SF',-25,35928.8),(602,57,39,'ACH',NULL,NULL,NULL,'Benefits','ACH CREDIT ENERTECH INC MONTHLY SALARY',5200,41128.8),(603,58,39,'Debit Card',NULL,NULL,NULL,'Grocieries','POS PURCHASE #4567 KROGER MARKET',-115,41013.8),(604,59,39,'Debit Card',NULL,NULL,NULL,'Health & Wellness','POS PURCHASE #6789 CVS PHARMACY',-65,40948.8),(605,60,39,'Transfer',NULL,NULL,NULL,'Investment','TRANSFER TO BLACKROCK INVESTMENT FUND',-7800,33148.8),(606,61,39,'Debit Card',NULL,NULL,NULL,'Entertainment','POS PURCHASE #1234 DISNEY PLUS SUBSCRIPTION',-18,33130.8),(607,62,39,'ACH',NULL,NULL,NULL,'Bills & utilities','ACH DEBIT SPRINT WIRELESS BILL',-135,32995.8),(608,63,39,'Debit Card',NULL,NULL,NULL,'Travel','POS PURCHASE #7890 AMTRAK TICKET',-88,32907.8),(609,64,39,'Wire',NULL,NULL,NULL,'Investment','OUTGOING WIRE TO JP MORGAN INVESTMENT FUND',-10200,22707.8),(610,65,39,'Debit Card',NULL,NULL,NULL,'Food & drink','POS PURCHASE #2034 STARBUCKS SF',-45,22662.8),(611,66,39,'ACH',NULL,NULL,NULL,'Loan','ACH DEBIT CAR LOAN PAYMENT TO CHASE AUTO FIN',-1550,21112.8),(612,67,39,'Transfer',NULL,NULL,NULL,'Home','TRANSFER TO MORTGAGE FOR WELLS FARGO HOME LOAN',-2050,19062.8),(613,68,39,'Zelle',NULL,NULL,NULL,'Personal','ZELLE PAYMENT SENT TO OLIVIA AVOCADO',-320,18742.8),(614,69,39,'Debit Card',NULL,NULL,NULL,'Gas','POS PURCHASE #9876 EXXON STATION',-70,18672.8),(615,70,39,'Debit Card',NULL,NULL,NULL,'Grocieries','POS PURCHASE #4567 COSTCO WHOLESALE',-105,18567.8),(616,71,39,'ACH',NULL,NULL,NULL,'Tax','ACH DEBIT STATE TAX PAYMENT',-570,17997.8),(617,72,39,'Debit Card',NULL,NULL,NULL,'Entertainment','POS PURCHASE #1234 CINEPLEX ODEON TICKETS',-95,17902.8),(618,73,39,'Transfer',NULL,NULL,NULL,'Investment','INCOMING TRANSFER FROM ENERTECH RESERVE ACCOUNT',20500,38402.8),(619,74,39,'Debit Card',NULL,NULL,NULL,'Health & Wellness','POS PURCHASE #6789 WALMART PHARMACY',-55,38347.8),(620,75,39,'ACH',NULL,NULL,NULL,'Employment','ACH DEBIT PAYROLL ENERTECH STAFF',-2700,35647.8),(621,76,39,'Debit Card',NULL,NULL,NULL,'Shopping','POS PURCHASE #4321 IKEA FURNITURE',-200,35447.8),(622,77,39,'Transfer',NULL,NULL,NULL,'Investment','TRANSFER TO E*TRADE INVESTMENT ACCOUNT',-5600,29847.8),(623,78,39,'Debit Card',NULL,NULL,NULL,'Food & drink','POS PURCHASE #2034 STARBUCKS SF',-40,29807.8),(624,79,39,'ACH',NULL,NULL,NULL,'Bills & utilities','ACH DEBIT T-MOBILE SAN FRANCISCO PHONE BILL',-270,29537.8),(625,80,39,'Debit Card',NULL,NULL,NULL,'Travel','POS PURCHASE #7890 HERTZ CAR RENTAL',-135,29402.8),(626,81,39,'Wire',NULL,NULL,NULL,'Professional Services','OUTGOING WIRE TO BAIN & COMPANY CONSULTING',-3400,26002.8),(627,82,39,'Debit Card',NULL,NULL,NULL,'Entertainment','POS PURCHASE #1234 APPLE MUSIC SUBSCRIPTION',-60,25942.8),(628,83,39,'Transfer',NULL,NULL,NULL,'Investment','TRANSFER TO RAYMOND JAMES INVESTMENT ACCOUNT',-11000,14942.8),(629,84,39,'Debit Card',NULL,NULL,NULL,'Gas','POS PURCHASE #9876 MOBIL GAS STATION',-85,14857.8),(630,85,39,'ACH',NULL,NULL,NULL,'Education','ACH DEBIT TUITION PAYMENT TO MIT SLOAN MANAGEMENT',-2200,12657.8),(631,86,39,'Debit Card',NULL,NULL,NULL,'Shopping','POS PURCHASE #4321 MICROSOFT STORE',-275,12382.8),(632,87,39,'Transfer',NULL,NULL,NULL,'Loan','TRANSFER TO MORTGAGE PAYMENT',-1600,10782.8),(633,88,39,'Debit Card',NULL,NULL,NULL,'Food & drink','POS PURCHASE #2034 STARBUCKS SF',-28,10754.8),(634,89,39,'ACH',NULL,NULL,NULL,'Benefits','ACH CREDIT ENERTECH INC MONTHLY SALARY',5400,16154.8),(635,90,39,'Debit Card',NULL,NULL,NULL,'Grocieries','POS PURCHASE #4567 PUBLIX SUPER MARKET',-120,16034.8),(636,91,39,'Debit Card',NULL,NULL,NULL,'Health & Wellness','POS PURCHASE #6789 DUANE READE',-70,15964.8),(637,92,39,'Transfer',NULL,NULL,NULL,'Investment','TRANSFER TO T. ROWE PRICE INVESTMENT FUND',-8000,7964.75),(638,93,39,'ACH',NULL,NULL,NULL,'Bills & utilities','ACH DEBIT SPECTRUM INTERNET BILL',-140,7824.75),(639,1,40,'ACH',NULL,NULL,NULL,'Benefits','ACH CREDIT SAG-AFTRA ROYALTIES FOR ONE PIECE',25000,56000),(640,2,40,'Debit Card',NULL,NULL,NULL,'Food & drink','POS PURCHASE #4567 WHOLE FOODS MARKET AZ',-120.45,55879.6),(641,4,40,'Zelle',NULL,NULL,NULL,'Personal','ZELLE PAYMENT SENT TO JANE DOE FOR PIANO LESSONS',-200,55679.6),(642,6,40,'PayPal',NULL,NULL,NULL,'Entertainment','PAYPAL TRANSACTION TO NETFLIX.COM SUBSCRIPTION',-35.99,55643.6),(643,9,40,'Apple Pay',NULL,NULL,NULL,'Health & Wellness','APPLE PAY TRANSACTION TO LULULEMON ATHLETICA',-89.95,55553.6),(644,12,40,'Bill Pay',NULL,NULL,NULL,'Bills & utilities','BILL PAY AUTO DEBIT VERIZON WIRELESS PHONE BILL',-180,55373.6),(645,15,40,'Google Wallet',NULL,NULL,NULL,'Food & drink','GOOGLE WALLET TRANSACTION TO STARBUCKS COFFEE',-15.75,55357.9),(646,18,40,'Transfer',NULL,NULL,NULL,'Personal','TRANSFER TO SAVINGS ACCOUNT',-500,54857.9),(647,21,40,'Bill Pay',NULL,NULL,NULL,'Bills & utilities','BILL PAY AUTO DEBIT APS ELECTRICITY BILL AZ',-210,54647.9),(648,24,40,'Venmo',NULL,NULL,NULL,'Personal','VENMO PAYMENT SENT TO ALEX SMITH FOR GUITAR REPAIR',-50,54597.9),(649,27,40,'PayPal',NULL,NULL,NULL,'Shopping','PAYPAL TRANSACTION TO AMAZON.COM ORDER #456789',-180,54417.9),(650,30,40,'ACH',NULL,NULL,NULL,'Loan','ACH DEBIT CAR LOAN PAYMENT TO CHASE AUTO FINANCE',-2000,52417.9),(651,33,40,'Debit Card',NULL,NULL,NULL,'Food & drink','POS PURCHASE #4567 WHOLE FOODS MARKET AZ',-130.5,52287.4),(652,36,40,'Apple Pay',NULL,NULL,NULL,'Health & Wellness','APPLE PAY TRANSACTION TO LULULEMON ATHLETICA',-99.95,52187.4),(653,39,40,'PayPal',NULL,NULL,NULL,'Entertainment','PAYPAL TRANSACTION TO NETFLIX.COM SUBSCRIPTION',-35.99,52151.4),(654,42,40,'Google Wallet',NULL,NULL,NULL,'Food & drink','GOOGLE WALLET TRANSACTION TO STARBUCKS COFFEE',-15.75,52135.7),(655,45,40,'Transfer',NULL,NULL,NULL,'Personal','TRANSFER TO SAVINGS ACCOUNT',-500,51635.7),(656,48,40,'Bill Pay',NULL,NULL,NULL,'Bills & utilities','BILL PAY AUTO DEBIT APS ELECTRICITY BILL AZ',-210,51425.7),(657,51,40,'Venmo',NULL,NULL,NULL,'Personal','VENMO PAYMENT SENT TO ALEX SMITH FOR GUITAR REPAIR',-50,51375.7),(658,54,40,'PayPal',NULL,NULL,NULL,'Shopping','PAYPAL TRANSACTION TO AMAZON.COM ORDER #456789',-180,51195.7),(659,57,40,'ACH',NULL,NULL,NULL,'Loan','ACH DEBIT CAR LOAN PAYMENT TO CHASE AUTO FINANCE',-2000,49195.7),(660,60,40,'Debit Card',NULL,NULL,NULL,'Food & drink','POS PURCHASE #4567 WHOLE FOODS MARKET AZ',-130.5,49065.2),(661,63,40,'Apple Pay',NULL,NULL,NULL,'Health & Wellness','APPLE PAY TRANSACTION TO LULULEMON ATHLETICA',-99.95,48965.2),(662,66,40,'PayPal',NULL,NULL,NULL,'Entertainment','PAYPAL TRANSACTION TO NETFLIX.COM SUBSCRIPTION',-35.99,48929.2),(663,69,40,'Google Wallet',NULL,NULL,NULL,'Food & drink','GOOGLE WALLET TRANSACTION TO STARBUCKS COFFEE',-15.75,48913.5),(664,72,40,'Transfer',NULL,NULL,NULL,'Personal','TRANSFER TO SAVINGS ACCOUNT',-500,48413.5),(665,75,40,'Bill Pay',NULL,NULL,NULL,'Bills & utilities','BILL PAY AUTO DEBIT APS ELECTRICITY BILL AZ',-210,48203.5),(666,78,40,'Venmo',NULL,NULL,NULL,'Personal','VENMO PAYMENT SENT TO ALEX SMITH FOR GUITAR REPAIR',-50,48153.5),(667,81,40,'PayPal',NULL,NULL,NULL,'Shopping','PAYPAL TRANSACTION TO AMAZON.COM ORDER #456789',-180,47973.5),(668,84,40,'ACH',NULL,NULL,NULL,'Loan','ACH DEBIT CAR LOAN PAYMENT TO CHASE AUTO FINANCE',-2000,45973.5),(669,87,40,'Debit Card',NULL,NULL,NULL,'Food & drink','POS PURCHASE #4567 WHOLE FOODS MARKET AZ',-130.5,45843),(670,90,40,'Apple Pay',NULL,NULL,NULL,'Health & Wellness','APPLE PAY TRANSACTION TO LULULEMON ATHLETICA',-99.95,45743),(671,93,40,'PayPal',NULL,NULL,NULL,'Entertainment','PAYPAL TRANSACTION TO NETFLIX.COM SUBSCRIPTION',-35.99,45707),(672,1,41,'Transfer',NULL,NULL,NULL,'Investment','TRANSFER TO VANGUARD ROTH IRA',-5000,15000),(673,3,41,'Wire',NULL,NULL,NULL,'Professional Services','OUTGOING WIRE TO SMITH AGENCY PUBLIC RELATIONS FEE',-1500,13500),(674,4,41,'ACH',NULL,NULL,NULL,'Employment','ACH CREDIT UNIVERSAL MUSIC GROUP ALBUM ROYALTIES',100000,113500),(675,7,41,'Venmo',NULL,NULL,NULL,'Gift & Donations','VENMO PAYMENT SENT TO CHARITY WATER DONATION',-150,113350),(676,10,41,'ACH',NULL,NULL,NULL,'Loan','ACH DEBIT CAR LOAN PAYMENT TO CHASE AUTO FINANCE',-2000,111350),(677,13,41,'Debit Card',NULL,NULL,NULL,'Gas','DEBIT CARD PURCHASE #5643 CHEVRON STATION AZ',-65.2,111285),(678,16,41,'Wire',NULL,NULL,NULL,'Professional Services','OUTGOING WIRE TO GOLDMAN LEGAL SERVICES RETAINER FEE',-3000,108285),(679,19,41,'ACH',NULL,NULL,NULL,'Investment','ACH CREDIT DIVIDEND RECEIPT FROM APPLE INC STOCKS',15000,123285),(680,22,41,'ACH',NULL,NULL,NULL,'Employment','ACH CREDIT DISNEY ROYALTIES FOR SECONDARY SCHOOL MUSICAL',85000,208285),(681,25,41,'Debit Card',NULL,NULL,NULL,'Entertainment','DEBIT CARD PURCHASE #7890 AMC THEATRES PREMIERE TICKETS',-75,208210),(682,28,41,'Check',NULL,NULL,NULL,'Home','CHECK #302 RENT PAYMENT FOR PHOENIX APARTMENT',-2500,205710),(683,31,41,'Bill Pay',NULL,NULL,NULL,'Bills & utilities','BILL PAY AUTO DEBIT CITY OF PHOENIX WATER BILL',-320,205390),(684,34,41,'ACH',NULL,NULL,NULL,'Benefits','ACH CREDIT SAG-AFTRA ROYALTIES FOR ONE PIECE',25000,230390),(685,37,41,'Transfer',NULL,NULL,NULL,'Investment','TRANSFER TO VANGUARD ROTH IRA',-5000,225390),(686,40,41,'Venmo',NULL,NULL,NULL,'Gift & Donations','VENMO PAYMENT SENT TO CHARITY WATER DONATION',-150,225240),(687,43,41,'Wire',NULL,NULL,NULL,'Professional Services','OUTGOING WIRE TO GOLDMAN LEGAL SERVICES RETAINER FEE',-3000,222240),(688,46,41,'ACH',NULL,NULL,NULL,'Investment','ACH CREDIT DIVIDEND RECEIPT FROM APPLE INC STOCKS',15000,237240),(689,49,41,'ACH',NULL,NULL,NULL,'Employment','ACH CREDIT DISNEY ROYALTIES FOR SECONDARY SCHOOL MUSICAL',85000,322240),(690,52,41,'Debit Card',NULL,NULL,NULL,'Entertainment','DEBIT CARD PURCHASE #7890 AMC THEATRES PREMIERE TICKETS',-75,322165),(691,55,41,'Check',NULL,NULL,NULL,'Home','CHECK #304 RENT PAYMENT FOR PHOENIX APARTMENT',-2500,319665),(692,58,41,'Bill Pay',NULL,NULL,NULL,'Bills & utilities','BILL PAY AUTO DEBIT CITY OF PHOENIX WATER BILL',-320,319345),(693,61,41,'ACH',NULL,NULL,NULL,'Benefits','ACH CREDIT SAG-AFTRA ROYALTIES FOR ONE PIECE',25000,344345),(694,64,41,'Transfer',NULL,NULL,NULL,'Investment','TRANSFER TO VANGUARD ROTH IRA',-5000,339345),(695,67,41,'Venmo',NULL,NULL,NULL,'Gift & Donations','VENMO PAYMENT SENT TO CHARITY WATER DONATION',-150,339195),(696,70,41,'Wire',NULL,NULL,NULL,'Professional Services','OUTGOING WIRE TO GOLDMAN LEGAL SERVICES RETAINER FEE',-3000,336195),(697,73,41,'ACH',NULL,NULL,NULL,'Investment','ACH CREDIT DIVIDEND RECEIPT FROM APPLE INC STOCKS',15000,351195),(698,76,41,'ACH',NULL,NULL,NULL,'Employment','ACH CREDIT DISNEY ROYALTIES FOR SECONDARY SCHOOL MUSICAL',85000,436195),(699,79,41,'Debit Card',NULL,NULL,NULL,'Entertainment','DEBIT CARD PURCHASE #7890 AMC THEATRES PREMIERE TICKETS',-75,436120),(700,82,41,'Check',NULL,NULL,NULL,'Home','CHECK #306 RENT PAYMENT FOR PHOENIX APARTMENT',-2500,433620),(701,85,41,'Bill Pay',NULL,NULL,NULL,'Bills & utilities','BILL PAY AUTO DEBIT CITY OF PHOENIX WATER BILL',-320,433300),(702,88,41,'ACH',NULL,NULL,NULL,'Benefits','ACH CREDIT SAG-AFTRA ROYALTIES FOR ONE PIECE',25000,458300),(703,91,41,'Transfer',NULL,NULL,NULL,'Investment','TRANSFER TO VANGUARD ROTH IRA',-5000,453300),(704,2,42,'Bill Pay',NULL,NULL,NULL,'Bills & utilities','BILL PAY AUTO DEBIT CITY OF PHOENIX WATER BILL',-320,199680),(705,3,42,'ACH',NULL,NULL,NULL,'Tax','ACH DEBIT IRS PAYMENT FOR 2023 Q3 ESTIMATED TAX',-7500,192180),(706,5,42,'Debit Card',NULL,NULL,NULL,'Shopping','DEBIT CARD PURCHASE #9876 NORDSTROM SCOTTSDALE AZ',-450,191730),(707,8,42,'Check',NULL,NULL,NULL,'Home','CHECK #301 RENT PAYMENT FOR PHOENIX APARTMENT',-2300,189430),(708,11,42,'Transfer',NULL,NULL,NULL,'Investment','TRANSFER TO CHARLES SCHWAB BROKERAGE ACCOUNT',-10000,179430),(709,14,42,'ACH',NULL,NULL,NULL,'Benefits','ACH CREDIT VIPGLOW ONLINE SALES DEPOSIT',5000,184430),(710,17,42,'Debit Card',NULL,NULL,NULL,'Shopping','DEBIT CARD PURCHASE #1122 SEPHORA COSMETICS AZ',-220.5,184210),(711,20,42,'Credit Card',NULL,NULL,NULL,'Travel','CREDIT CARD CHARGE FOR DELTA AIRLINES FLIGHT TO LA',-3200,181010),(712,23,42,'Transfer',NULL,NULL,NULL,'Loan','TRANSFER TO VIPGLOW BUSINESS LOAN REPAYMENT',-500,180510),(713,26,42,'ACH',NULL,NULL,NULL,'Benefits','ACH CREDIT VIPGLOW ONLINE SALES DEPOSIT',7500,188010),(714,29,42,'Wire',NULL,NULL,NULL,'Investment','OUTGOING WIRE TO GOLDMAN SACHS INVESTMENT ACCOUNT',-50000,138010),(715,32,42,'Transfer',NULL,NULL,NULL,'Investment','TRANSFER TO CHARLES SCHWAB BROKERAGE ACCOUNT',-10000,128010),(716,35,42,'Zelle',NULL,NULL,NULL,'Personal','ZELLE PAYMENT SENT TO JANE DOE FOR PIANO LESSONS',-250,127760),(717,38,42,'Debit Card',NULL,NULL,NULL,'Shopping','DEBIT CARD PURCHASE #9876 NORDSTROM SCOTTSDALE AZ',-480,127280),(718,41,42,'Check',NULL,NULL,NULL,'Home','CHECK #303 RENT PAYMENT FOR PHOENIX APARTMENT',-2300,124980),(719,44,42,'Debit Card',NULL,NULL,NULL,'Shopping','DEBIT CARD PURCHASE #1122 SEPHORA COSMETICS AZ',-220.5,124759),(720,47,42,'Credit Card',NULL,NULL,NULL,'Travel','CREDIT CARD CHARGE FOR DELTA AIRLINES FLIGHT TO LA',-3200,121559),(721,50,42,'Transfer',NULL,NULL,NULL,'Loan','TRANSFER TO VIPGLOW BUSINESS LOAN REPAYMENT',-500,121059),(722,53,42,'ACH',NULL,NULL,NULL,'Benefits','ACH CREDIT VIPGLOW ONLINE SALES DEPOSIT',7500,128559),(723,56,42,'Wire',NULL,NULL,NULL,'Investment','OUTGOING WIRE TO GOLDMAN SACHS INVESTMENT ACCOUNT',-50000,78559),(724,59,42,'Transfer',NULL,NULL,NULL,'Investment','TRANSFER TO CHARLES SCHWAB BROKERAGE ACCOUNT',-10000,68559),(725,62,42,'Zelle',NULL,NULL,NULL,'Personal','ZELLE PAYMENT SENT TO JANE DOE FOR PIANO LESSONS',-250,68309),(726,65,42,'Debit Card',NULL,NULL,NULL,'Shopping','DEBIT CARD PURCHASE #9876 NORDSTROM SCOTTSDALE AZ',-480,67829),(727,68,42,'Check',NULL,NULL,NULL,'Home','CHECK #305 RENT PAYMENT FOR PHOENIX APARTMENT',-2300,65529),(728,71,42,'Debit Card',NULL,NULL,NULL,'Shopping','DEBIT CARD PURCHASE #1122 SEPHORA COSMETICS AZ',-220.5,65308.5),(729,74,42,'Credit Card',NULL,NULL,NULL,'Travel','CREDIT CARD CHARGE FOR DELTA AIRLINES FLIGHT TO LA',-3200,62108.5),(730,77,42,'Transfer',NULL,NULL,NULL,'Loan','TRANSFER TO VIPGLOW BUSINESS LOAN REPAYMENT',-500,61608.5),(731,80,42,'ACH',NULL,NULL,NULL,'Benefits','ACH CREDIT VIPGLOW ONLINE SALES DEPOSIT',7500,69108.5),(732,83,42,'Wire',NULL,NULL,NULL,'Investment','OUTGOING WIRE TO GOLDMAN SACHS INVESTMENT ACCOUNT',-50000,19108.5),(733,86,42,'Transfer',NULL,NULL,NULL,'Investment','TRANSFER TO CHARLES SCHWAB BROKERAGE ACCOUNT',-10000,9108.5),(734,89,42,'Zelle',NULL,NULL,NULL,'Personal','ZELLE PAYMENT SENT TO JANE DOE FOR PIANO LESSONS',-250,8858.5),(735,92,42,'Debit Card',NULL,NULL,NULL,'Shopping','DEBIT CARD PURCHASE #9876 NORDSTROM SCOTTSDALE AZ',-480,8378.5);
/*!40000 ALTER TABLE `transactions` ENABLE KEYS */;
UNLOCK TABLES;
/*!40103 SET TIME_ZONE=@OLD_TIME_ZONE */;

/*!40101 SET SQL_MODE=@OLD_SQL_MODE */;
/*!40014 SET FOREIGN_KEY_CHECKS=@OLD_FOREIGN_KEY_CHECKS */;
/*!40014 SET UNIQUE_CHECKS=@OLD_UNIQUE_CHECKS */;
/*!40101 SET CHARACTER_SET_CLIENT=@OLD_CHARACTER_SET_CLIENT */;
/*!40101 SET CHARACTER_SET_RESULTS=@OLD_CHARACTER_SET_RESULTS */;
/*!40101 SET COLLATION_CONNECTION=@OLD_COLLATION_CONNECTION */;
/*!40111 SET SQL_NOTES=@OLD_SQL_NOTES */;

-- Dump completed on 2023-12-06 11:41:07
