,Name,date,acct_nbr,ID,Account_ID,Balance,Balance_Dt_Id
0,Aphrodite Greek,2023-08-01,1012345680,1363,31,99880.0,1
1,Aphrodite Greek,2023-08-02,1012345680,1364,31,99344.2,2
2,Aphrodite Greek,2023-08-03,1012345680,1365,31,99133.8,3
3,Aphrodite Greek,2023-08-04,1012345680,1366,31,98833.8,4
4,Aphrodite Greek,2023-08-05,1012345680,1367,31,98743.8,5
5,Aphrodite Greek,2023-08-06,1012345680,1368,31,98678.8,6
6,Aphrodite Greek,2023-08-07,1012345680,1369,31,98428.8,7
7,Aphrodite Greek,2023-08-08,1012345680,1370,31,98318.3,8
8,Aphrodite Greek,2023-08-09,1012345680,1371,31,97318.3,9
9,Aphrodite Greek,2023-08-10,1012345680,1372,31,97268.3,10
10,Aphrodite Greek,2023-08-11,1012345680,1373,31,97256.3,11
11,Aphrodite Greek,2023-08-12,1012345680,1374,31,97196.3,12
12,Aphrodite Greek,2023-08-13,1012345680,1375,31,97046.3,13
13,Aphrodite Greek,2023-08-14,1012345680,1376,31,96746.3,14
14,Aphrodite Greek,2023-08-15,1012345680,1377,31,96246.3,15
15,Aphrodite Greek,2023-08-16,1012345680,1378,31,96206.3,16
16,Aphrodite Greek,2023-08-17,1012345680,1379,31,96126.3,17
17,Aphrodite Greek,2023-08-18,1012345680,1380,31,96101.3,18
18,Aphrodite Greek,2023-08-19,1012345680,1381,31,95881.3,19
19,Aphrodite Greek,2023-08-20,1012345680,1382,31,95866.3,20
20,Aphrodite Greek,2023-08-21,1012345680,1383,31,95796.3,21
21,Aphrodite Greek,2023-08-22,1012345680,1384,31,95546.3,22
22,Aphrodite Greek,2023-08-23,1012345680,1385,31,95366.3,23
23,Aphrodite Greek,2023-08-24,1012345680,1386,31,95316.3,24
24,Aphrodite Greek,2023-08-25,1012345680,1387,31,95216.3,25
25,Aphrodite Greek,2023-08-26,1012345680,1388,31,95141.3,26
26,Aphrodite Greek,2023-08-27,1012345680,1389,31,95111.3,27
27,Aphrodite Greek,2023-08-28,1012345680,1390,31,95049.3,28
28,Aphrodite Greek,2023-08-29,1012345680,1391,31,94929.3,29
29,Aphrodite Greek,2023-08-30,1012345680,1392,31,94893.6,30
30,Aphrodite Greek,2023-08-31,1012345680,1393,31,94393.6,31
31,Aphrodite Greek,2023-09-01,1012345680,1394,31,94393.6,32
32,Aphrodite Greek,2023-09-02,1012345680,1395,31,94183.1,33
33,Aphrodite Greek,2023-09-03,1012345680,1396,31,93883.1,34
34,Aphrodite Greek,2023-09-04,1012345680,1397,31,93793.1,35
35,Aphrodite Greek,2023-09-05,1012345680,1398,31,93728.1,36
36,Aphrodite Greek,2023-09-06,1012345680,1399,31,93478.1,37
37,Aphrodite Greek,2023-09-07,1012345680,1400,31,93367.6,38
38,Aphrodite Greek,2023-09-08,1012345680,1401,31,92367.6,39
39,Aphrodite Greek,2023-09-09,1012345680,1402,31,92317.6,40
40,Aphrodite Greek,2023-09-10,1012345680,1403,31,92305.6,41
41,Aphrodite Greek,2023-09-11,1012345680,1404,31,92245.6,42
42,Aphrodite Greek,2023-09-12,1012345680,1405,31,92095.6,43
43,Aphrodite Greek,2023-09-13,1012345680,1406,31,91795.6,44
44,Aphrodite Greek,2023-09-14,1012345680,1407,31,91295.6,45
45,Aphrodite Greek,2023-09-15,1012345680,1408,31,91255.6,46
46,Aphrodite Greek,2023-09-16,1012345680,1409,31,91175.6,47
47,Aphrodite Greek,2023-09-17,1012345680,1410,31,91150.6,48
48,Aphrodite Greek,2023-09-18,1012345680,1411,31,90930.6,49
49,Aphrodite Greek,2023-09-19,1012345680,1412,31,90915.6,50
50,Aphrodite Greek,2023-09-20,1012345680,1413,31,90845.6,51
51,Aphrodite Greek,2023-09-21,1012345680,1414,31,90595.6,52
52,Aphrodite Greek,2023-09-22,1012345680,1415,31,90415.6,53
53,Aphrodite Greek,2023-09-23,1012345680,1416,31,90365.6,54
54,Aphrodite Greek,2023-09-24,1012345680,1417,31,90265.6,55
55,Aphrodite Greek,2023-09-25,1012345680,1418,31,90190.6,56
56,Aphrodite Greek,2023-09-26,1012345680,1419,31,90160.6,57
57,Aphrodite Greek,2023-09-27,1012345680,1420,31,90098.6,58
58,Aphrodite Greek,2023-09-28,1012345680,1421,31,89978.6,59
59,Aphrodite Greek,2023-09-29,1012345680,1422,31,89942.9,60
60,Aphrodite Greek,2023-09-30,1012345680,1423,31,89442.9,61
61,Aphrodite Greek,2023-10-01,1012345680,1424,31,89442.9,62
62,Aphrodite Greek,2023-10-02,1012345680,1425,31,89232.4,63
63,Aphrodite Greek,2023-10-03,1012345680,1426,31,88932.4,64
64,Aphrodite Greek,2023-10-04,1012345680,1427,31,88842.4,65
65,Aphrodite Greek,2023-10-05,1012345680,1428,31,88777.4,66
66,Aphrodite Greek,2023-10-06,1012345680,1429,31,88527.4,67
67,Aphrodite Greek,2023-10-07,1012345680,1430,31,88416.9,68
68,Aphrodite Greek,2023-10-08,1012345680,1431,31,87416.9,69
69,Aphrodite Greek,2023-10-09,1012345680,1432,31,87366.9,70
70,Aphrodite Greek,2023-10-10,1012345680,1433,31,87354.9,71
71,Aphrodite Greek,2023-10-11,1012345680,1434,31,87294.9,72
72,Aphrodite Greek,2023-10-12,1012345680,1435,31,87144.9,73
73,Aphrodite Greek,2023-10-13,1012345680,1436,31,86844.9,74
74,Aphrodite Greek,2023-10-14,1012345680,1437,31,86344.9,75
75,Aphrodite Greek,2023-10-15,1012345680,1438,31,86304.9,76
76,Aphrodite Greek,2023-10-16,1012345680,1439,31,86224.9,77
77,Aphrodite Greek,2023-10-17,1012345680,1440,31,86199.9,78
78,Aphrodite Greek,2023-10-18,1012345680,1441,31,85979.9,79
79,Aphrodite Greek,2023-10-19,1012345680,1442,31,85964.9,80
80,Aphrodite Greek,2023-10-20,1012345680,1443,31,85894.9,81
81,Aphrodite Greek,2023-10-21,1012345680,1444,31,85644.9,82
82,Aphrodite Greek,2023-10-22,1012345680,1445,31,85464.9,83
83,Aphrodite Greek,2023-10-23,1012345680,1446,31,85414.9,84
84,Aphrodite Greek,2023-10-24,1012345680,1447,31,85314.9,85
85,Aphrodite Greek,2023-10-25,1012345680,1448,31,85239.9,86
86,Aphrodite Greek,2023-10-26,1012345680,1449,31,85209.9,87
87,Aphrodite Greek,2023-10-27,1012345680,1450,31,85147.9,88
88,Aphrodite Greek,2023-10-28,1012345680,1451,31,85027.9,89
89,Aphrodite Greek,2023-10-29,1012345680,1452,31,84992.2,90
90,Aphrodite Greek,2023-10-30,1012345680,1453,31,84492.2,91
91,Aphrodite Greek,2023-10-31,1012345680,1454,31,84492.2,92
92,Aphrodite Greek,2023-11-01,1012345680,1455,31,84281.7,93
93,Aphrodite Greek,2023-08-02,1023456791,1456,32,11500.0,2
94,Aphrodite Greek,2023-08-03,1023456791,1457,32,11500.0,3
95,Aphrodite Greek,2023-08-04,1023456791,1458,32,11500.0,4
96,Aphrodite Greek,2023-08-05,1023456791,1459,32,11500.0,5
97,Aphrodite Greek,2023-08-06,1023456791,1460,32,11500.0,6
98,Aphrodite Greek,2023-08-07,1023456791,1461,32,11500.0,7
99,Aphrodite Greek,2023-08-08,1023456791,1462,32,11500.0,8
100,Aphrodite Greek,2023-08-09,1023456791,1463,32,11500.0,9
101,Aphrodite Greek,2023-08-10,1023456791,1464,32,11500.0,10
102,Aphrodite Greek,2023-08-11,1023456791,1465,32,11500.0,11
103,Aphrodite Greek,2023-08-12,1023456791,1466,32,11500.0,12
104,Aphrodite Greek,2023-08-13,1023456791,1467,32,11500.0,13
105,Aphrodite Greek,2023-08-14,1023456791,1468,32,11500.0,14
106,Aphrodite Greek,2023-08-15,1023456791,1469,32,11500.0,15
107,Aphrodite Greek,2023-08-16,1023456791,1470,32,11500.0,16
108,Aphrodite Greek,2023-08-17,1023456791,1471,32,11500.0,17
109,Aphrodite Greek,2023-08-18,1023456791,1472,32,11500.0,18
110,Aphrodite Greek,2023-08-19,1023456791,1473,32,11500.0,19
111,Aphrodite Greek,2023-08-20,1023456791,1474,32,11500.0,20
112,Aphrodite Greek,2023-08-21,1023456791,1475,32,11500.0,21
113,Aphrodite Greek,2023-08-22,1023456791,1476,32,11500.0,22
114,Aphrodite Greek,2023-08-23,1023456791,1477,32,11500.0,23
115,Aphrodite Greek,2023-08-24,1023456791,1478,32,11500.0,24
116,Aphrodite Greek,2023-08-25,1023456791,1479,32,11500.0,25
117,Aphrodite Greek,2023-08-26,1023456791,1480,32,11500.0,26
118,Aphrodite Greek,2023-08-27,1023456791,1481,32,11500.0,27
119,Aphrodite Greek,2023-08-28,1023456791,1482,32,11500.0,28
120,Aphrodite Greek,2023-08-29,1023456791,1483,32,11500.0,29
121,Aphrodite Greek,2023-08-30,1023456791,1484,32,11500.0,30
122,Aphrodite Greek,2023-08-31,1023456791,1485,32,11500.0,31
123,Aphrodite Greek,2023-09-01,1023456791,1486,32,13000.0,32
124,Aphrodite Greek,2023-09-02,1023456791,1487,32,13000.0,33
125,Aphrodite Greek,2023-09-03,1023456791,1488,32,13000.0,34
126,Aphrodite Greek,2023-09-04,1023456791,1489,32,13000.0,35
127,Aphrodite Greek,2023-09-05,1023456791,1490,32,13000.0,36
128,Aphrodite Greek,2023-09-06,1023456791,1491,32,13000.0,37
129,Aphrodite Greek,2023-09-07,1023456791,1492,32,13000.0,38
130,Aphrodite Greek,2023-09-08,1023456791,1493,32,13000.0,39
131,Aphrodite Greek,2023-09-09,1023456791,1494,32,13000.0,40
132,Aphrodite Greek,2023-09-10,1023456791,1495,32,13000.0,41
133,Aphrodite Greek,2023-09-11,1023456791,1496,32,13000.0,42
134,Aphrodite Greek,2023-09-12,1023456791,1497,32,13000.0,43
135,Aphrodite Greek,2023-09-13,1023456791,1498,32,13000.0,44
136,Aphrodite Greek,2023-09-14,1023456791,1499,32,13000.0,45
137,Aphrodite Greek,2023-09-15,1023456791,1500,32,13000.0,46
138,Aphrodite Greek,2023-09-16,1023456791,1501,32,13000.0,47
139,Aphrodite Greek,2023-09-17,1023456791,1502,32,13000.0,48
140,Aphrodite Greek,2023-09-18,1023456791,1503,32,13000.0,49
141,Aphrodite Greek,2023-09-19,1023456791,1504,32,13000.0,50
142,Aphrodite Greek,2023-09-20,1023456791,1505,32,13000.0,51
143,Aphrodite Greek,2023-09-21,1023456791,1506,32,13000.0,52
144,Aphrodite Greek,2023-09-22,1023456791,1507,32,13000.0,53
145,Aphrodite Greek,2023-09-23,1023456791,1508,32,13000.0,54
146,Aphrodite Greek,2023-09-24,1023456791,1509,32,13000.0,55
147,Aphrodite Greek,2023-09-25,1023456791,1510,32,13000.0,56
148,Aphrodite Greek,2023-09-26,1023456791,1511,32,13000.0,57
149,Aphrodite Greek,2023-09-27,1023456791,1512,32,13000.0,58
150,Aphrodite Greek,2023-09-28,1023456791,1513,32,13000.0,59
151,Aphrodite Greek,2023-09-29,1023456791,1514,32,13000.0,60
152,Aphrodite Greek,2023-09-30,1023456791,1515,32,13000.0,61
153,Aphrodite Greek,2023-10-01,1023456791,1516,32,14500.0,62
154,Aphrodite Greek,2023-10-02,1023456791,1517,32,14500.0,63
155,Aphrodite Greek,2023-10-03,1023456791,1518,32,14500.0,64
156,Aphrodite Greek,2023-10-04,1023456791,1519,32,14500.0,65
157,Aphrodite Greek,2023-10-05,1023456791,1520,32,14500.0,66
158,Aphrodite Greek,2023-10-06,1023456791,1521,32,14500.0,67
159,Aphrodite Greek,2023-10-07,1023456791,1522,32,14500.0,68
160,Aphrodite Greek,2023-10-08,1023456791,1523,32,14500.0,69
161,Aphrodite Greek,2023-10-09,1023456791,1524,32,14500.0,70
162,Aphrodite Greek,2023-10-10,1023456791,1525,32,14500.0,71
163,Aphrodite Greek,2023-10-11,1023456791,1526,32,14500.0,72
164,Aphrodite Greek,2023-10-12,1023456791,1527,32,14500.0,73
165,Aphrodite Greek,2023-10-13,1023456791,1528,32,14500.0,74
166,Aphrodite Greek,2023-10-14,1023456791,1529,32,14500.0,75
167,Aphrodite Greek,2023-10-15,1023456791,1530,32,14500.0,76
168,Aphrodite Greek,2023-10-16,1023456791,1531,32,14500.0,77
169,Aphrodite Greek,2023-10-17,1023456791,1532,32,14500.0,78
170,Aphrodite Greek,2023-10-18,1023456791,1533,32,14500.0,79
171,Aphrodite Greek,2023-10-19,1023456791,1534,32,14500.0,80
172,Aphrodite Greek,2023-10-20,1023456791,1535,32,14500.0,81
173,Aphrodite Greek,2023-10-21,1023456791,1536,32,14500.0,82
174,Aphrodite Greek,2023-10-22,1023456791,1537,32,14500.0,83
175,Aphrodite Greek,2023-10-23,1023456791,1538,32,14500.0,84
176,Aphrodite Greek,2023-10-24,1023456791,1539,32,14500.0,85
177,Aphrodite Greek,2023-10-25,1023456791,1540,32,14500.0,86
178,Aphrodite Greek,2023-10-26,1023456791,1541,32,14500.0,87
179,Aphrodite Greek,2023-10-27,1023456791,1542,32,14500.0,88
180,Aphrodite Greek,2023-10-28,1023456791,1543,32,14500.0,89
181,Aphrodite Greek,2023-10-29,1023456791,1544,32,14500.0,90
182,Aphrodite Greek,2023-10-30,1023456791,1545,32,14500.0,91
183,Aphrodite Greek,2023-10-31,1023456791,1546,32,16000.0,92
184,Aphrodite Greek,2023-11-01,1023456791,1547,32,16000.0,93
185,Hanna Smith,2023-08-01,1012345702,1548,33,24880.0,1
186,Hanna Smith,2023-08-02,1012345702,1549,33,24844.5,2
187,Hanna Smith,2023-08-03,1012345702,1550,33,26344.5,3
188,Hanna Smith,2023-08-04,1012345702,1551,33,26284.5,4
189,Hanna Smith,2023-08-05,1012345702,1552,33,26074.5,5
190,Hanna Smith,2023-08-06,1012345702,1553,33,26024.5,6
191,Hanna Smith,2023-08-07,1012345702,1554,33,25774.5,7
192,Hanna Smith,2023-08-08,1012345702,1555,33,25758.8,8
193,Hanna Smith,2023-08-09,1012345702,1556,33,25658.8,9
194,Hanna Smith,2023-08-10,1012345702,1557,33,27458.8,10
195,Hanna Smith,2023-08-11,1012345702,1558,33,27158.8,11
196,Hanna Smith,2023-08-12,1012345702,1559,33,27038.8,12
197,Hanna Smith,2023-08-13,1012345702,1560,33,26958.8,13
198,Hanna Smith,2023-08-14,1012345702,1561,33,25958.8,14
199,Hanna Smith,2023-08-15,1012345702,1562,33,25878.8,15
200,Hanna Smith,2023-08-16,1012345702,1563,33,25853.8,16
201,Hanna Smith,2023-08-17,1012345702,1564,33,27453.8,17
202,Hanna Smith,2023-08-18,1012345702,1565,33,27408.8,18
203,Hanna Smith,2023-08-19,1012345702,1566,33,27333.8,19
204,Hanna Smith,2023-08-20,1012345702,1567,33,27183.8,20
205,Hanna Smith,2023-08-21,1012345702,1568,33,26933.8,21
206,Hanna Smith,2023-08-22,1012345702,1569,33,26915.8,22
207,Hanna Smith,2023-08-23,1012345702,1570,33,28615.8,23
208,Hanna Smith,2023-08-24,1012345702,1571,33,28550.8,24
209,Hanna Smith,2023-08-25,1012345702,1572,33,28420.8,25
210,Hanna Smith,2023-08-26,1012345702,1573,33,28325.8,26
211,Hanna Smith,2023-08-27,1012345702,1574,33,28265.8,27
212,Hanna Smith,2023-08-28,1012345702,1575,33,28015.8,28
213,Hanna Smith,2023-08-29,1012345702,1576,33,27993.2,29
214,Hanna Smith,2023-08-30,1012345702,1577,33,29543.2,30
215,Hanna Smith,2023-08-31,1012345702,1578,33,29343.2,31
216,Hanna Smith,2023-09-01,1012345702,1579,33,29223.2,32
217,Hanna Smith,2023-09-02,1012345702,1580,33,28723.2,33
218,Hanna Smith,2023-09-03,1012345702,1581,33,28683.2,34
219,Hanna Smith,2023-09-04,1012345702,1582,33,30333.2,35
220,Hanna Smith,2023-09-05,1012345702,1583,33,30263.2,36
221,Hanna Smith,2023-09-06,1012345702,1584,33,30043.2,37
222,Hanna Smith,2023-09-07,1012345702,1585,33,29988.2,38
223,Hanna Smith,2023-09-08,1012345702,1586,33,29738.2,39
224,Hanna Smith,2023-09-09,1012345702,1587,33,29721.2,40
225,Hanna Smith,2023-09-10,1012345702,1588,33,29621.2,41
226,Hanna Smith,2023-09-11,1012345702,1589,33,31371.2,42
227,Hanna Smith,2023-09-12,1012345702,1590,33,31051.2,43
228,Hanna Smith,2023-09-13,1012345702,1591,33,30926.2,44
229,Hanna Smith,2023-09-14,1012345702,1592,33,30841.2,45
230,Hanna Smith,2023-09-15,1012345702,1593,33,29841.2,46
231,Hanna Smith,2023-09-16,1012345702,1594,33,29756.2,47
232,Hanna Smith,2023-09-17,1012345702,1595,33,29726.2,48
233,Hanna Smith,2023-09-18,1012345702,1596,33,31326.2,49
234,Hanna Smith,2023-09-19,1012345702,1597,33,31276.2,50
235,Hanna Smith,2023-09-20,1012345702,1598,33,31196.2,51
236,Hanna Smith,2023-09-21,1012345702,1599,33,31046.2,52
237,Hanna Smith,2023-09-22,1012345702,1600,33,30786.2,53
238,Hanna Smith,2023-09-23,1012345702,1601,33,30766.2,54
239,Hanna Smith,2023-09-24,1012345702,1602,33,32566.2,55
240,Hanna Smith,2023-09-25,1012345702,1603,33,32498.2,56
241,Hanna Smith,2023-09-26,1012345702,1604,33,32358.2,57
242,Hanna Smith,2023-09-27,1012345702,1605,33,32258.2,58
243,Hanna Smith,2023-09-28,1012345702,1606,33,32193.2,59
244,Hanna Smith,2023-09-29,1012345702,1607,33,31943.2,60
245,Hanna Smith,2023-09-30,1012345702,1608,33,31919.2,61
246,Hanna Smith,2023-10-01,1012345702,1609,33,31799.2,62
247,Hanna Smith,2023-10-02,1012345702,1610,33,31299.2,63
248,Hanna Smith,2023-10-03,1012345702,1611,33,31257.2,64
249,Hanna Smith,2023-10-04,1012345702,1612,33,32957.2,65
250,Hanna Smith,2023-10-05,1012345702,1613,33,32885.2,66
251,Hanna Smith,2023-10-06,1012345702,1614,33,32660.2,67
252,Hanna Smith,2023-10-07,1012345702,1615,33,32600.2,68
253,Hanna Smith,2023-10-08,1012345702,1616,33,32350.2,69
254,Hanna Smith,2023-10-09,1012345702,1617,33,32331.2,70
255,Hanna Smith,2023-10-10,1012345702,1618,33,32231.2,71
256,Hanna Smith,2023-10-11,1012345702,1619,33,34081.2,72
257,Hanna Smith,2023-10-12,1012345702,1620,33,33741.2,73
258,Hanna Smith,2023-10-13,1012345702,1621,33,33611.2,74
259,Hanna Smith,2023-10-14,1012345702,1622,33,33521.2,75
260,Hanna Smith,2023-10-15,1012345702,1623,33,32521.2,76
261,Hanna Smith,2023-10-16,1012345702,1624,33,32431.2,77
262,Hanna Smith,2023-10-17,1012345702,1625,33,32399.2,78
263,Hanna Smith,2023-10-18,1012345702,1626,33,34149.2,79
264,Hanna Smith,2023-10-19,1012345702,1627,33,34094.2,80
265,Hanna Smith,2023-10-20,1012345702,1628,33,34009.2,81
266,Hanna Smith,2023-10-21,1012345702,1629,33,33859.2,82
267,Hanna Smith,2023-10-22,1012345702,1630,33,33589.2,83
268,Hanna Smith,2023-10-23,1012345702,1631,33,33566.2,84
269,Hanna Smith,2023-10-24,1012345702,1632,33,35466.2,85
270,Hanna Smith,2023-10-25,1012345702,1633,33,35395.2,86
271,Hanna Smith,2023-10-26,1012345702,1634,33,35250.2,87
272,Hanna Smith,2023-10-27,1012345702,1635,33,35145.2,88
273,Hanna Smith,2023-10-28,1012345702,1636,33,35075.2,89
274,Hanna Smith,2023-10-29,1012345702,1637,33,34825.2,90
275,Hanna Smith,2023-10-30,1012345702,1638,33,34799.2,91
276,Hanna Smith,2023-10-31,1012345702,1639,33,34679.2,92
277,Hanna Smith,2023-11-01,1012345702,1640,33,34179.2,93
278,Hanna Smith,2023-08-01,1012345703,1641,34,24500.0,1
279,Hanna Smith,2023-08-02,1012345703,1642,34,24500.0,2
280,Hanna Smith,2023-08-03,1012345703,1643,34,24500.0,3
281,Hanna Smith,2023-08-04,1012345703,1644,34,24500.0,4
282,Hanna Smith,2023-08-05,1012345703,1645,34,24500.0,5
283,Hanna Smith,2023-08-06,1012345703,1646,34,24500.0,6
284,Hanna Smith,2023-08-07,1012345703,1647,34,24500.0,7
285,Hanna Smith,2023-08-08,1012345703,1648,34,24500.0,8
286,Hanna Smith,2023-08-09,1012345703,1649,34,24500.0,9
287,Hanna Smith,2023-08-10,1012345703,1650,34,24500.0,10
288,Hanna Smith,2023-08-11,1012345703,1651,34,24500.0,11
289,Hanna Smith,2023-08-12,1012345703,1652,34,24500.0,12
290,Hanna Smith,2023-08-13,1012345703,1653,34,24500.0,13
291,Hanna Smith,2023-08-14,1012345703,1654,34,24500.0,14
292,Hanna Smith,2023-08-15,1012345703,1655,34,24500.0,15
293,Hanna Smith,2023-08-16,1012345703,1656,34,24500.0,16
294,Hanna Smith,2023-08-17,1012345703,1657,34,24500.0,17
295,Hanna Smith,2023-08-18,1012345703,1658,34,24500.0,18
296,Hanna Smith,2023-08-19,1012345703,1659,34,24500.0,19
297,Hanna Smith,2023-08-20,1012345703,1660,34,24500.0,20
298,Hanna Smith,2023-08-21,1012345703,1661,34,24500.0,21
299,Hanna Smith,2023-08-22,1012345703,1662,34,24500.0,22
300,Hanna Smith,2023-08-23,1012345703,1663,34,24500.0,23
301,Hanna Smith,2023-08-24,1012345703,1664,34,24500.0,24
302,Hanna Smith,2023-08-25,1012345703,1665,34,24500.0,25
303,Hanna Smith,2023-08-26,1012345703,1666,34,24500.0,26
304,Hanna Smith,2023-08-27,1012345703,1667,34,24500.0,27
305,Hanna Smith,2023-08-28,1012345703,1668,34,24500.0,28
306,Hanna Smith,2023-08-29,1012345703,1669,34,24500.0,29
307,Hanna Smith,2023-08-30,1012345703,1670,34,24500.0,30
308,Hanna Smith,2023-08-31,1012345703,1671,34,24500.0,31
309,Hanna Smith,2023-09-01,1012345703,1672,34,24500.0,32
310,Hanna Smith,2023-09-02,1012345703,1673,34,24500.0,33
311,Hanna Smith,2023-09-03,1012345703,1674,34,24500.0,34
312,Hanna Smith,2023-09-04,1012345703,1675,34,24500.0,35
313,Hanna Smith,2023-09-05,1012345703,1676,34,24500.0,36
314,Hanna Smith,2023-09-06,1012345703,1677,34,24500.0,37
315,Hanna Smith,2023-09-07,1012345703,1678,34,24500.0,38
316,Hanna Smith,2023-09-08,1012345703,1679,34,24500.0,39
317,Hanna Smith,2023-09-09,1012345703,1680,34,24500.0,40
318,Hanna Smith,2023-09-10,1012345703,1681,34,24500.0,41
319,Hanna Smith,2023-09-11,1012345703,1682,34,24500.0,42
320,Hanna Smith,2023-09-12,1012345703,1683,34,24500.0,43
321,Hanna Smith,2023-09-13,1012345703,1684,34,24500.0,44
322,Hanna Smith,2023-09-14,1012345703,1685,34,24500.0,45
323,Hanna Smith,2023-09-15,1012345703,1686,34,24500.0,46
324,Hanna Smith,2023-09-16,1012345703,1687,34,24500.0,47
325,Hanna Smith,2023-09-17,1012345703,1688,34,24500.0,48
326,Hanna Smith,2023-09-18,1012345703,1689,34,24500.0,49
327,Hanna Smith,2023-09-19,1012345703,1690,34,24500.0,50
328,Hanna Smith,2023-09-20,1012345703,1691,34,24500.0,51
329,Hanna Smith,2023-09-21,1012345703,1692,34,24500.0,52
330,Hanna Smith,2023-09-22,1012345703,1693,34,24500.0,53
331,Hanna Smith,2023-09-23,1012345703,1694,34,24500.0,54
332,Hanna Smith,2023-09-24,1012345703,1695,34,24500.0,55
333,Hanna Smith,2023-09-25,1012345703,1696,34,24500.0,56
334,Hanna Smith,2023-09-26,1012345703,1697,34,24500.0,57
335,Hanna Smith,2023-09-27,1012345703,1698,34,24500.0,58
336,Hanna Smith,2023-09-28,1012345703,1699,34,24500.0,59
337,Hanna Smith,2023-09-29,1012345703,1700,34,24500.0,60
338,Hanna Smith,2023-09-30,1012345703,1701,34,24500.0,61
339,Hanna Smith,2023-10-01,1012345703,1702,34,24500.0,62
340,Hanna Smith,2023-10-02,1012345703,1703,34,24500.0,63
341,Hanna Smith,2023-10-03,1012345703,1704,34,24500.0,64
342,Hanna Smith,2023-10-04,1012345703,1705,34,24500.0,65
343,Hanna Smith,2023-10-05,1012345703,1706,34,24500.0,66
344,Hanna Smith,2023-10-06,1012345703,1707,34,24500.0,67
345,Hanna Smith,2023-10-07,1012345703,1708,34,24500.0,68
346,Hanna Smith,2023-10-08,1012345703,1709,34,24500.0,69
347,Hanna Smith,2023-10-09,1012345703,1710,34,24500.0,70
348,Hanna Smith,2023-10-10,1012345703,1711,34,24500.0,71
349,Hanna Smith,2023-10-11,1012345703,1712,34,24500.0,72
350,Hanna Smith,2023-10-12,1012345703,1713,34,24500.0,73
351,Hanna Smith,2023-10-13,1012345703,1714,34,24500.0,74
352,Hanna Smith,2023-10-14,1012345703,1715,34,24500.0,75
353,Hanna Smith,2023-10-15,1012345703,1716,34,24500.0,76
354,Hanna Smith,2023-10-16,1012345703,1717,34,24500.0,77
355,Hanna Smith,2023-10-17,1012345703,1718,34,24500.0,78
356,Hanna Smith,2023-10-18,1012345703,1719,34,24500.0,79
357,Hanna Smith,2023-10-19,1012345703,1720,34,24500.0,80
358,Hanna Smith,2023-10-20,1012345703,1721,34,24500.0,81
359,Hanna Smith,2023-10-21,1012345703,1722,34,24500.0,82
360,Hanna Smith,2023-10-22,1012345703,1723,34,24500.0,83
361,Hanna Smith,2023-10-23,1012345703,1724,34,24500.0,84
362,Hanna Smith,2023-10-24,1012345703,1725,34,24500.0,85
363,Hanna Smith,2023-10-25,1012345703,1726,34,24500.0,86
364,Hanna Smith,2023-10-26,1012345703,1727,34,24500.0,87
365,Hanna Smith,2023-10-27,1012345703,1728,34,24500.0,88
366,Hanna Smith,2023-10-28,1012345703,1729,34,24500.0,89
367,Hanna Smith,2023-10-29,1012345703,1730,34,24500.0,90
368,Hanna Smith,2023-10-30,1012345703,1731,34,24500.0,91
369,Hanna Smith,2023-10-31,1012345703,1732,34,24500.0,92
370,Hanna Smith,2023-11-01,1012345703,1733,34,24500.0,93
371,Helen Troy,2023-08-01,1029384856,1734,35,205000.0,1
372,Helen Troy,2023-08-02,1029384856,1735,35,183500.0,2
373,Helen Troy,2023-08-03,1029384856,1736,35,183130.0,3
374,Helen Troy,2023-08-04,1029384856,1737,35,179130.0,4
375,Helen Troy,2023-08-05,1029384856,1738,35,182130.0,5
376,Helen Troy,2023-08-06,1029384856,1739,35,181855.0,6
377,Helen Troy,2023-08-07,1029384856,1740,35,180355.0,7
378,Helen Troy,2023-08-08,1029384856,1741,35,180105.0,8
379,Helen Troy,2023-08-09,1029384856,1742,35,179755.0,9
380,Helen Troy,2023-08-10,1029384856,1743,35,169755.0,10
381,Helen Troy,2023-08-11,1029384856,1744,35,168255.0,11
382,Helen Troy,2023-08-12,1029384856,1745,35,165255.0,12
383,Helen Troy,2023-08-13,1029384856,1746,35,164505.0,13
384,Helen Troy,2023-08-14,1029384856,1747,35,159505.0,14
385,Helen Troy,2023-08-15,1029384856,1748,35,159325.0,15
386,Helen Troy,2023-08-16,1029384856,1749,35,164325.0,16
387,Helen Troy,2023-08-17,1029384856,1750,35,164225.0,17
388,Helen Troy,2023-08-18,1029384856,1751,35,164135.0,18
389,Helen Troy,2023-08-19,1029384856,1752,35,144135.0,19
390,Helen Troy,2023-08-20,1029384856,1753,35,143685.0,20
391,Helen Troy,2023-08-21,1029384856,1754,35,141685.0,21
392,Helen Troy,2023-08-22,1029384856,1755,35,141585.0,22
393,Helen Troy,2023-08-23,1029384856,1756,35,141085.0,23
394,Helen Troy,2023-08-24,1029384856,1757,35,140955.0,24
395,Helen Troy,2023-08-25,1029384856,1758,35,139455.0,25
396,Helen Troy,2023-08-26,1029384856,1759,35,139205.0,26
397,Helen Troy,2023-08-27,1029384856,1760,35,138705.0,27
398,Helen Troy,2023-08-28,1029384856,1761,35,141705.0,28
399,Helen Troy,2023-08-29,1029384856,1762,35,140505.0,29
400,Helen Troy,2023-08-30,1029384856,1763,35,140425.0,30
401,Helen Troy,2023-08-31,1029384856,1764,35,140125.0,31
402,Helen Troy,2023-09-01,1029384856,1765,35,145125.0,32
403,Helen Troy,2023-09-02,1029384856,1766,35,143325.0,33
404,Helen Troy,2023-09-03,1029384856,1767,35,123325.0,34
405,Helen Troy,2023-09-04,1029384856,1768,35,123075.0,35
406,Helen Troy,2023-09-05,1029384856,1769,35,122965.0,36
407,Helen Troy,2023-09-06,1029384856,1770,35,124465.0,37
408,Helen Troy,2023-09-07,1029384856,1771,35,118465.0,38
409,Helen Troy,2023-09-08,1029384856,1772,35,121465.0,39
410,Helen Troy,2023-09-09,1029384856,1773,35,121245.0,40
411,Helen Troy,2023-09-10,1029384856,1774,35,121175.0,41
412,Helen Troy,2023-09-11,1029384856,1775,35,116175.0,42
413,Helen Troy,2023-09-12,1029384856,1776,35,115915.0,43
414,Helen Troy,2023-09-13,1029384856,1777,35,115555.0,44
415,Helen Troy,2023-09-14,1029384856,1778,35,105055.0,45
416,Helen Troy,2023-09-15,1029384856,1779,35,103455.0,46
417,Helen Troy,2023-09-16,1029384856,1780,35,100255.0,47
418,Helen Troy,2023-09-17,1029384856,1781,35,99455.0,48
419,Helen Troy,2023-09-18,1029384856,1782,35,94455.0,49
420,Helen Troy,2023-09-19,1029384856,1783,35,94265.0,50
421,Helen Troy,2023-09-20,1029384856,1784,35,99265.0,51
422,Helen Troy,2023-09-21,1029384856,1785,35,99160.0,52
423,Helen Troy,2023-09-22,1029384856,1786,35,99065.0,53
424,Helen Troy,2023-09-23,1029384856,1787,35,79065.0,54
425,Helen Troy,2023-09-24,1029384856,1788,35,78585.0,55
426,Helen Troy,2023-09-25,1029384856,1789,35,76485.0,56
427,Helen Troy,2023-09-26,1029384856,1790,35,76375.0,57
428,Helen Troy,2023-09-27,1029384856,1791,35,75825.0,58
429,Helen Troy,2023-09-28,1029384856,1792,35,75685.0,59
430,Helen Troy,2023-09-29,1029384856,1793,35,74185.0,60
431,Helen Troy,2023-09-30,1029384856,1794,35,73915.0,61
432,Helen Troy,2023-10-01,1029384856,1795,35,73365.0,62
433,Helen Troy,2023-10-02,1029384856,1796,35,76365.0,63
434,Helen Troy,2023-10-03,1029384856,1797,35,75115.0,64
435,Helen Troy,2023-10-04,1029384856,1798,35,75030.0,65
436,Helen Troy,2023-10-05,1029384856,1799,35,74710.0,66
437,Helen Troy,2023-10-06,1029384856,1800,35,79710.0,67
438,Helen Troy,2023-10-07,1029384856,1801,35,77860.0,68
439,Helen Troy,2023-10-08,1029384856,1802,35,57860.0,69
440,Helen Troy,2023-10-09,1029384856,1803,35,57600.0,70
441,Helen Troy,2023-10-10,1029384856,1804,35,57485.0,71
442,Helen Troy,2023-10-11,1029384856,1805,35,59485.0,72
443,Helen Troy,2023-10-12,1029384856,1806,35,52485.0,73
444,Helen Troy,2023-10-13,1029384856,1807,35,55485.0,74
445,Helen Troy,2023-10-14,1029384856,1808,35,55255.0,75
446,Helen Troy,2023-10-15,1029384856,1809,35,55190.0,76
447,Helen Troy,2023-10-16,1029384856,1810,35,50190.0,77
448,Helen Troy,2023-10-17,1029384856,1811,35,49915.0,78
449,Helen Troy,2023-10-18,1029384856,1812,35,49545.0,79
450,Helen Troy,2023-10-19,1029384856,1813,35,38545.0,80
451,Helen Troy,2023-10-20,1029384856,1814,35,36845.0,81
452,Helen Troy,2023-10-21,1029384856,1815,35,33445.0,82
453,Helen Troy,2023-10-22,1029384856,1816,35,32595.0,83
454,Helen Troy,2023-10-23,1029384856,1817,35,27595.0,84
455,Helen Troy,2023-10-24,1029384856,1818,35,27395.0,85
456,Helen Troy,2023-10-25,1029384856,1819,35,32395.0,86
457,Helen Troy,2023-10-26,1029384856,1820,35,32285.0,87
458,Helen Troy,2023-10-27,1029384856,1821,35,32185.0,88
459,Helen Troy,2023-10-28,1029384856,1822,35,12185.0,89
460,Helen Troy,2023-10-29,1029384856,1823,35,11685.0,90
461,Helen Troy,2023-10-30,1029384856,1824,35,9485.0,91
462,Helen Troy,2023-10-31,1029384856,1825,35,9365.0,92
463,Helen Troy,2023-11-01,1029384856,1826,35,8765.0,93
464,Jared Livinglife,2023-08-01,456789123,1827,36,30200.0,1
465,Jared Livinglife,2023-08-02,456789123,1828,36,30154.3,2
466,Jared Livinglife,2023-08-03,456789123,1829,36,30041.8,3
467,Jared Livinglife,2023-08-04,456789123,1830,36,30041.8,4
468,Jared Livinglife,2023-08-05,456789123,1831,36,29841.8,5
469,Jared Livinglife,2023-08-06,456789123,1832,36,29841.8,6
470,Jared Livinglife,2023-08-07,456789123,1833,36,29778.5,7
471,Jared Livinglife,2023-08-08,456789123,1834,36,29748.5,8
472,Jared Livinglife,2023-08-09,456789123,1835,36,29748.5,9
473,Jared Livinglife,2023-08-10,456789123,1836,36,29662.6,10
474,Jared Livinglife,2023-08-11,456789123,1837,36,29662.6,11
475,Jared Livinglife,2023-08-12,456789123,1838,36,29642.6,12
476,Jared Livinglife,2023-08-13,456789123,1839,36,29642.6,13
477,Jared Livinglife,2023-08-14,456789123,1840,36,29592.6,14
478,Jared Livinglife,2023-08-15,456789123,1841,36,30792.6,15
479,Jared Livinglife,2023-08-16,456789123,1842,36,30782.8,16
480,Jared Livinglife,2023-08-17,456789123,1843,36,30782.8,17
481,Jared Livinglife,2023-08-18,456789123,1844,36,30672.4,18
482,Jared Livinglife,2023-08-19,456789123,1845,36,30672.4,19
483,Jared Livinglife,2023-08-20,456789123,1846,36,30612.4,20
484,Jared Livinglife,2023-08-21,456789123,1847,36,30612.4,21
485,Jared Livinglife,2023-08-22,456789123,1848,36,30362.4,22
486,Jared Livinglife,2023-08-23,456789123,1849,36,30326.8,23
487,Jared Livinglife,2023-08-24,456789123,1850,36,30326.8,24
488,Jared Livinglife,2023-08-25,456789123,1851,36,30146.8,25
489,Jared Livinglife,2023-08-26,456789123,1852,36,30146.8,26
490,Jared Livinglife,2023-08-27,456789123,1853,36,30131.8,27
491,Jared Livinglife,2023-08-28,456789123,1854,36,30131.8,28
492,Jared Livinglife,2023-08-29,456789123,1855,36,30091.8,29
493,Jared Livinglife,2023-08-30,456789123,1856,36,30091.8,30
494,Jared Livinglife,2023-08-31,456789123,1857,36,29979.2,31
495,Jared Livinglife,2023-09-01,456789123,1858,36,31179.2,32
496,Jared Livinglife,2023-09-02,456789123,1859,36,31128.9,33
497,Jared Livinglife,2023-09-03,456789123,1860,36,30928.9,34
498,Jared Livinglife,2023-09-04,456789123,1861,36,30928.9,35
499,Jared Livinglife,2023-09-05,456789123,1862,36,30863.9,36
500,Jared Livinglife,2023-09-06,456789123,1863,36,30863.9,37
501,Jared Livinglife,2023-09-07,456789123,1864,36,30813.9,38
502,Jared Livinglife,2023-09-08,456789123,1865,36,30813.9,39
503,Jared Livinglife,2023-09-09,456789123,1866,36,30723.4,40
504,Jared Livinglife,2023-09-10,456789123,1867,36,30723.4,41
505,Jared Livinglife,2023-09-11,456789123,1868,36,30698.4,42
506,Jared Livinglife,2023-09-12,456789123,1869,36,30698.4,43
507,Jared Livinglife,2023-09-13,456789123,1870,36,30598.4,44
508,Jared Livinglife,2023-09-14,456789123,1871,36,30598.4,45
509,Jared Livinglife,2023-09-15,456789123,1872,36,31798.4,46
510,Jared Livinglife,2023-09-16,456789123,1873,36,31798.4,47
511,Jared Livinglife,2023-09-17,456789123,1874,36,31786.4,48
512,Jared Livinglife,2023-09-18,456789123,1875,36,31786.4,49
513,Jared Livinglife,2023-09-19,456789123,1876,36,31671.2,50
514,Jared Livinglife,2023-09-20,456789123,1877,36,31671.2,51
515,Jared Livinglife,2023-09-21,456789123,1878,36,31591.2,52
516,Jared Livinglife,2023-09-22,456789123,1879,36,31591.2,53
517,Jared Livinglife,2023-09-23,456789123,1880,36,31291.2,54
518,Jared Livinglife,2023-09-24,456789123,1881,36,31291.2,55
519,Jared Livinglife,2023-09-25,456789123,1882,36,31250.5,56
520,Jared Livinglife,2023-09-26,456789123,1883,36,31250.5,57
521,Jared Livinglife,2023-09-27,456789123,1884,36,31050.5,58
522,Jared Livinglife,2023-09-28,456789123,1885,36,31050.5,59
523,Jared Livinglife,2023-09-29,456789123,1886,36,31030.5,60
524,Jared Livinglife,2023-09-30,456789123,1887,36,30917.9,61
525,Jared Livinglife,2023-10-01,456789123,1888,36,32117.9,62
526,Jared Livinglife,2023-10-02,456789123,1889,36,32062.8,63
527,Jared Livinglife,2023-10-03,456789123,1890,36,31862.8,64
528,Jared Livinglife,2023-10-04,456789123,1891,36,31862.8,65
529,Jared Livinglife,2023-10-05,456789123,1892,36,31792.8,66
530,Jared Livinglife,2023-10-06,456789123,1893,36,31792.8,67
531,Jared Livinglife,2023-10-07,456789123,1894,36,31732.8,68
532,Jared Livinglife,2023-10-08,456789123,1895,36,31732.8,69
533,Jared Livinglife,2023-10-09,456789123,1896,36,31637.8,70
534,Jared Livinglife,2023-10-10,456789123,1897,36,31637.8,71
535,Jared Livinglife,2023-10-11,456789123,1898,36,31607.8,72
536,Jared Livinglife,2023-10-12,456789123,1899,36,31607.8,73
537,Jared Livinglife,2023-10-13,456789123,1900,36,31457.8,74
538,Jared Livinglife,2023-10-14,456789123,1901,36,31457.8,75
539,Jared Livinglife,2023-10-15,456789123,1902,36,32657.8,76
540,Jared Livinglife,2023-10-16,456789123,1903,36,32657.8,77
541,Jared Livinglife,2023-10-17,456789123,1904,36,32643.6,78
542,Jared Livinglife,2023-10-18,456789123,1905,36,32643.6,79
543,Jared Livinglife,2023-10-19,456789123,1906,36,32523.6,80
544,Jared Livinglife,2023-10-20,456789123,1907,36,32523.6,81
545,Jared Livinglife,2023-10-21,456789123,1908,36,32423.6,82
546,Jared Livinglife,2023-10-22,456789123,1909,36,32423.6,83
547,Jared Livinglife,2023-10-23,456789123,1910,36,32073.6,84
548,Jared Livinglife,2023-10-24,456789123,1911,36,32073.6,85
549,Jared Livinglife,2023-10-25,456789123,1912,36,32027.7,86
550,Jared Livinglife,2023-10-26,456789123,1913,36,32027.7,87
551,Jared Livinglife,2023-10-27,456789123,1914,36,31807.7,88
552,Jared Livinglife,2023-10-28,456789123,1915,36,31807.7,89
553,Jared Livinglife,2023-10-29,456789123,1916,36,31782.7,90
554,Jared Livinglife,2023-10-30,456789123,1917,36,31782.7,91
555,Jared Livinglife,2023-10-31,456789123,1918,36,31670.1,92
556,Jared Livinglife,2023-11-01,456789123,1919,36,32870.1,93
557,Jared Livinglife,2023-08-01,987654321,1920,37,10000.0,1
558,Jared Livinglife,2023-08-02,987654321,1921,37,10000.0,2
559,Jared Livinglife,2023-08-03,987654321,1922,37,10000.0,3
560,Jared Livinglife,2023-08-04,987654321,1923,37,10000.0,4
561,Jared Livinglife,2023-08-05,987654321,1924,37,10200.0,5
562,Jared Livinglife,2023-08-06,987654321,1925,37,10200.0,6
563,Jared Livinglife,2023-08-07,987654321,1926,37,10200.0,7
564,Jared Livinglife,2023-08-08,987654321,1927,37,10200.0,8
565,Jared Livinglife,2023-08-09,987654321,1928,37,10200.0,9
566,Jared Livinglife,2023-08-10,987654321,1929,37,10200.0,10
567,Jared Livinglife,2023-08-11,987654321,1930,37,10200.0,11
568,Jared Livinglife,2023-08-12,987654321,1931,37,10200.0,12
569,Jared Livinglife,2023-08-13,987654321,1932,37,10200.0,13
570,Jared Livinglife,2023-08-14,987654321,1933,37,10200.0,14
571,Jared Livinglife,2023-08-15,987654321,1934,37,10200.0,15
572,Jared Livinglife,2023-08-16,987654321,1935,37,10200.0,16
573,Jared Livinglife,2023-08-17,987654321,1936,37,10200.0,17
574,Jared Livinglife,2023-08-18,987654321,1937,37,10200.0,18
575,Jared Livinglife,2023-08-19,987654321,1938,37,10200.0,19
576,Jared Livinglife,2023-08-20,987654321,1939,37,10200.0,20
577,Jared Livinglife,2023-08-21,987654321,1940,37,10200.0,21
578,Jared Livinglife,2023-08-22,987654321,1941,37,10200.0,22
579,Jared Livinglife,2023-08-23,987654321,1942,37,10200.0,23
580,Jared Livinglife,2023-08-24,987654321,1943,37,10200.0,24
581,Jared Livinglife,2023-08-25,987654321,1944,37,10200.0,25
582,Jared Livinglife,2023-08-26,987654321,1945,37,10200.0,26
583,Jared Livinglife,2023-08-27,987654321,1946,37,10200.0,27
584,Jared Livinglife,2023-08-28,987654321,1947,37,10200.0,28
585,Jared Livinglife,2023-08-29,987654321,1948,37,10200.0,29
586,Jared Livinglife,2023-08-30,987654321,1949,37,10200.0,30
587,Jared Livinglife,2023-08-31,987654321,1950,37,10200.0,31
588,Jared Livinglife,2023-09-01,987654321,1951,37,10200.0,32
589,Jared Livinglife,2023-09-02,987654321,1952,37,10200.0,33
590,Jared Livinglife,2023-09-03,987654321,1953,37,10400.0,34
591,Jared Livinglife,2023-09-04,987654321,1954,37,10400.0,35
592,Jared Livinglife,2023-09-05,987654321,1955,37,10400.0,36
593,Jared Livinglife,2023-09-06,987654321,1956,37,10400.0,37
594,Jared Livinglife,2023-09-07,987654321,1957,37,10400.0,38
595,Jared Livinglife,2023-09-08,987654321,1958,37,10400.0,39
596,Jared Livinglife,2023-09-09,987654321,1959,37,10400.0,40
597,Jared Livinglife,2023-09-10,987654321,1960,37,10400.0,41
598,Jared Livinglife,2023-09-11,987654321,1961,37,10400.0,42
599,Jared Livinglife,2023-09-12,987654321,1962,37,10400.0,43
600,Jared Livinglife,2023-09-13,987654321,1963,37,10400.0,44
601,Jared Livinglife,2023-09-14,987654321,1964,37,10400.0,45
602,Jared Livinglife,2023-09-15,987654321,1965,37,10400.0,46
603,Jared Livinglife,2023-09-16,987654321,1966,37,10400.0,47
604,Jared Livinglife,2023-09-17,987654321,1967,37,10400.0,48
605,Jared Livinglife,2023-09-18,987654321,1968,37,10400.0,49
606,Jared Livinglife,2023-09-19,987654321,1969,37,10400.0,50
607,Jared Livinglife,2023-09-20,987654321,1970,37,10400.0,51
608,Jared Livinglife,2023-09-21,987654321,1971,37,10400.0,52
609,Jared Livinglife,2023-09-22,987654321,1972,37,10400.0,53
610,Jared Livinglife,2023-09-23,987654321,1973,37,10400.0,54
611,Jared Livinglife,2023-09-24,987654321,1974,37,10400.0,55
612,Jared Livinglife,2023-09-25,987654321,1975,37,10400.0,56
613,Jared Livinglife,2023-09-26,987654321,1976,37,10400.0,57
614,Jared Livinglife,2023-09-27,987654321,1977,37,10400.0,58
615,Jared Livinglife,2023-09-28,987654321,1978,37,10400.0,59
616,Jared Livinglife,2023-09-29,987654321,1979,37,10400.0,60
617,Jared Livinglife,2023-09-30,987654321,1980,37,10400.0,61
618,Jared Livinglife,2023-10-01,987654321,1981,37,10400.0,62
619,Jared Livinglife,2023-10-02,987654321,1982,37,10400.0,63
620,Jared Livinglife,2023-10-03,987654321,1983,37,10600.0,64
621,Jared Livinglife,2023-10-04,987654321,1984,37,10600.0,65
622,Jared Livinglife,2023-10-05,987654321,1985,37,10600.0,66
623,Jared Livinglife,2023-10-06,987654321,1986,37,10600.0,67
624,Jared Livinglife,2023-10-07,987654321,1987,37,10600.0,68
625,Jared Livinglife,2023-10-08,987654321,1988,37,10600.0,69
626,Jared Livinglife,2023-10-09,987654321,1989,37,10600.0,70
627,Jared Livinglife,2023-10-10,987654321,1990,37,10600.0,71
628,Jared Livinglife,2023-10-11,987654321,1991,37,10600.0,72
629,Jared Livinglife,2023-10-12,987654321,1992,37,10600.0,73
630,Jared Livinglife,2023-10-13,987654321,1993,37,10600.0,74
631,Jared Livinglife,2023-10-14,987654321,1994,37,10600.0,75
632,Jared Livinglife,2023-10-15,987654321,1995,37,10600.0,76
633,Jared Livinglife,2023-10-16,987654321,1996,37,10600.0,77
634,Jared Livinglife,2023-10-17,987654321,1997,37,10600.0,78
635,Jared Livinglife,2023-10-18,987654321,1998,37,10600.0,79
636,Jared Livinglife,2023-10-19,987654321,1999,37,10600.0,80
637,Jared Livinglife,2023-10-20,987654321,2000,37,10600.0,81
638,Jared Livinglife,2023-10-21,987654321,2001,37,10600.0,82
639,Jared Livinglife,2023-10-22,987654321,2002,37,10600.0,83
640,Jared Livinglife,2023-10-23,987654321,2003,37,10600.0,84
641,Jared Livinglife,2023-10-24,987654321,2004,37,10600.0,85
642,Jared Livinglife,2023-10-25,987654321,2005,37,10600.0,86
643,Jared Livinglife,2023-10-26,987654321,2006,37,10600.0,87
644,Jared Livinglife,2023-10-27,987654321,2007,37,10600.0,88
645,Jared Livinglife,2023-10-28,987654321,2008,37,10600.0,89
646,Jared Livinglife,2023-10-29,987654321,2009,37,10600.0,90
647,Jared Livinglife,2023-10-30,987654321,2010,37,10600.0,91
648,Jared Livinglife,2023-10-31,987654321,2011,37,10600.0,92
649,Jared Livinglife,2023-11-01,987654321,2012,37,10600.0,93
650,Jerry Smith,2023-08-01,5012345678,2013,38,215000.0,1
651,Jerry Smith,2023-08-02,5012345678,2014,38,204880.0,2
652,Jerry Smith,2023-08-03,5012345678,2015,38,204530.0,3
653,Jerry Smith,2023-08-04,5012345678,2016,38,155530.0,4
654,Jerry Smith,2023-08-05,5012345678,2017,38,155454.0,5
655,Jerry Smith,2023-08-06,5012345678,2018,38,153004.0,6
656,Jerry Smith,2023-08-07,5012345678,2019,38,152704.0,7
657,Jerry Smith,2023-08-08,5012345678,2020,38,152688.0,8
658,Jerry Smith,2023-08-09,5012345678,2021,38,167388.0,9
659,Jerry Smith,2023-08-10,5012345678,2022,38,167328.0,10
660,Jerry Smith,2023-08-11,5012345678,2023,38,167078.0,11
661,Jerry Smith,2023-08-12,5012345678,2024,38,166868.0,12
662,Jerry Smith,2023-08-13,5012345678,2025,38,165868.0,13
663,Jerry Smith,2023-08-14,5012345678,2026,38,165518.0,14
664,Jerry Smith,2023-08-15,5012345678,2027,38,165398.0,15
665,Jerry Smith,2023-08-16,5012345678,2028,38,172898.0,16
666,Jerry Smith,2023-08-17,5012345678,2029,38,172813.0,17
667,Jerry Smith,2023-08-18,5012345678,2030,38,172163.0,18
668,Jerry Smith,2023-08-19,5012345678,2031,38,167163.0,19
669,Jerry Smith,2023-08-20,5012345678,2032,38,167083.0,20
670,Jerry Smith,2023-08-21,5012345678,2033,38,166683.0,21
671,Jerry Smith,2023-08-22,5012345678,2034,38,151683.0,22
672,Jerry Smith,2023-08-23,5012345678,2035,38,151653.0,23
673,Jerry Smith,2023-08-24,5012345678,2036,38,151403.0,24
674,Jerry Smith,2023-08-25,5012345678,2037,38,151223.0,25
675,Jerry Smith,2023-08-26,5012345678,2038,38,151027.0,26
676,Jerry Smith,2023-08-27,5012345678,2039,38,150527.0,27
677,Jerry Smith,2023-08-28,5012345678,2040,38,150277.0,28
678,Jerry Smith,2023-08-29,5012345678,2041,38,165277.0,29
679,Jerry Smith,2023-08-30,5012345678,2042,38,165177.0,30
680,Jerry Smith,2023-08-31,5012345678,2043,38,164877.0,31
681,Jerry Smith,2023-09-01,5012345678,2044,38,154877.0,32
682,Jerry Smith,2023-09-02,5012345678,2045,38,154747.0,33
683,Jerry Smith,2023-09-03,5012345678,2046,38,154587.0,34
684,Jerry Smith,2023-09-04,5012345678,2047,38,156087.0,35
685,Jerry Smith,2023-09-05,5012345678,2048,38,101087.0,36
686,Jerry Smith,2023-09-06,5012345678,2049,38,101009.0,37
687,Jerry Smith,2023-09-07,5012345678,2050,38,100529.0,38
688,Jerry Smith,2023-09-08,5012345678,2051,38,98478.5,39
689,Jerry Smith,2023-09-09,5012345678,2052,38,98158.5,40
690,Jerry Smith,2023-09-10,5012345678,2053,38,98140.5,41
691,Jerry Smith,2023-09-11,5012345678,2054,38,97820.5,42
692,Jerry Smith,2023-09-12,5012345678,2055,38,113321.0,43
693,Jerry Smith,2023-09-13,5012345678,2056,38,113256.0,44
694,Jerry Smith,2023-09-14,5012345678,2057,38,112996.0,45
695,Jerry Smith,2023-09-15,5012345678,2058,38,112775.0,46
696,Jerry Smith,2023-09-16,5012345678,2059,38,111725.0,47
697,Jerry Smith,2023-09-17,5012345678,2060,38,111365.0,48
698,Jerry Smith,2023-09-18,5012345678,2061,38,111240.0,49
699,Jerry Smith,2023-09-19,5012345678,2062,38,118940.0,50
700,Jerry Smith,2023-09-20,5012345678,2063,38,118850.0,51
701,Jerry Smith,2023-09-21,5012345678,2064,38,118180.0,52
702,Jerry Smith,2023-09-22,5012345678,2065,38,112980.0,53
703,Jerry Smith,2023-09-23,5012345678,2066,38,112898.0,54
704,Jerry Smith,2023-09-24,5012345678,2067,38,112478.0,55
705,Jerry Smith,2023-09-25,5012345678,2068,38,96978.0,56
706,Jerry Smith,2023-09-26,5012345678,2069,38,96943.0,57
707,Jerry Smith,2023-09-27,5012345678,2070,38,96683.0,58
708,Jerry Smith,2023-09-28,5012345678,2071,38,96493.0,59
709,Jerry Smith,2023-09-29,5012345678,2072,38,96292.1,60
710,Jerry Smith,2023-09-30,5012345678,2073,38,95742.1,61
711,Jerry Smith,2023-10-01,5012345678,2074,38,95422.1,62
712,Jerry Smith,2023-10-02,5012345678,2075,38,95281.5,63
713,Jerry Smith,2023-10-03,5012345678,2076,38,95111.5,64
714,Jerry Smith,2023-10-04,5012345678,2077,38,97111.5,65
715,Jerry Smith,2023-10-05,5012345678,2078,38,37111.6,66
716,Jerry Smith,2023-10-06,5012345678,2079,38,37030.4,67
717,Jerry Smith,2023-10-07,5012345678,2080,38,36520.4,68
718,Jerry Smith,2023-10-08,5012345678,2081,38,34420.4,69
719,Jerry Smith,2023-10-09,5012345678,2082,38,34080.4,70
720,Jerry Smith,2023-10-10,5012345678,2083,38,34060.2,71
721,Jerry Smith,2023-10-11,5012345678,2084,38,33720.2,72
722,Jerry Smith,2023-10-12,5012345678,2085,38,49720.2,73
723,Jerry Smith,2023-10-13,5012345678,2086,38,49650.2,74
724,Jerry Smith,2023-10-14,5012345678,2087,38,49380.2,75
725,Jerry Smith,2023-10-15,5012345678,2088,38,49149.5,76
726,Jerry Smith,2023-10-16,5012345678,2089,38,48049.5,77
727,Jerry Smith,2023-10-17,5012345678,2090,38,47679.5,78
728,Jerry Smith,2023-10-18,5012345678,2091,38,47549.5,79
729,Jerry Smith,2023-10-19,5012345678,2092,38,55449.5,80
730,Jerry Smith,2023-10-20,5012345678,2093,38,55354.5,81
731,Jerry Smith,2023-10-21,5012345678,2094,38,54664.5,82
732,Jerry Smith,2023-10-22,5012345678,2095,38,49264.5,83
733,Jerry Smith,2023-10-23,5012345678,2096,38,49180.5,84
734,Jerry Smith,2023-10-24,5012345678,2097,38,48740.5,85
735,Jerry Smith,2023-10-25,5012345678,2098,38,32740.5,86
736,Jerry Smith,2023-10-26,5012345678,2099,38,32700.5,87
737,Jerry Smith,2023-10-27,5012345678,2100,38,32430.5,88
738,Jerry Smith,2023-10-28,5012345678,2101,38,32230.5,89
739,Jerry Smith,2023-10-29,5012345678,2102,38,32024.6,90
740,Jerry Smith,2023-10-30,5012345678,2103,38,31444.6,91
741,Jerry Smith,2023-10-31,5012345678,2104,38,31104.6,92
742,Jerry Smith,2023-11-01,5012345678,2105,38,21104.6,93
743,Mariann Avocado,2023-08-01,501234567,2106,39,85000.0,1
744,Mariann Avocado,2023-08-02,501234567,2107,39,74984.2,2
745,Mariann Avocado,2023-08-03,501234567,2108,39,74514.2,3
746,Mariann Avocado,2023-08-04,501234567,2109,39,71014.2,4
747,Mariann Avocado,2023-08-05,501234567,2110,39,70764.2,5
748,Mariann Avocado,2023-08-06,501234567,2111,39,70608.8,6
749,Mariann Avocado,2023-08-07,501234567,2112,39,70108.8,7
750,Mariann Avocado,2023-08-08,501234567,2113,39,70028.8,8
751,Mariann Avocado,2023-08-09,501234567,2114,39,85028.8,9
752,Mariann Avocado,2023-08-10,501234567,2115,39,84983.8,10
753,Mariann Avocado,2023-08-11,501234567,2116,39,82483.8,11
754,Mariann Avocado,2023-08-12,501234567,2117,39,82303.8,12
755,Mariann Avocado,2023-08-13,501234567,2118,39,77303.8,13
756,Mariann Avocado,2023-08-14,501234567,2119,39,77273.8,14
757,Mariann Avocado,2023-08-15,501234567,2120,39,77023.8,15
758,Mariann Avocado,2023-08-16,501234567,2121,39,76903.8,16
759,Mariann Avocado,2023-08-17,501234567,2122,39,73903.8,17
760,Mariann Avocado,2023-08-18,501234567,2123,39,73853.8,18
761,Mariann Avocado,2023-08-19,501234567,2124,39,63853.8,19
762,Mariann Avocado,2023-08-20,501234567,2125,39,63778.8,20
763,Mariann Avocado,2023-08-21,501234567,2126,39,61778.8,21
764,Mariann Avocado,2023-08-22,501234567,2127,39,61528.8,22
765,Mariann Avocado,2023-08-23,501234567,2128,39,60028.8,23
766,Mariann Avocado,2023-08-24,501234567,2129,39,60008.8,24
767,Mariann Avocado,2023-08-25,501234567,2130,39,65008.8,25
768,Mariann Avocado,2023-08-26,501234567,2131,39,64898.8,26
769,Mariann Avocado,2023-08-27,501234567,2132,39,64838.8,27
770,Mariann Avocado,2023-08-28,501234567,2133,39,57338.8,28
771,Mariann Avocado,2023-08-29,501234567,2134,39,57323.8,29
772,Mariann Avocado,2023-08-30,501234567,2135,39,57193.8,30
773,Mariann Avocado,2023-08-31,501234567,2136,39,57108.8,31
774,Mariann Avocado,2023-09-01,501234567,2137,39,47108.8,32
775,Mariann Avocado,2023-09-02,501234567,2138,39,47068.8,33
776,Mariann Avocado,2023-09-03,501234567,2139,39,45568.8,34
777,Mariann Avocado,2023-09-04,501234567,2140,39,43568.8,35
778,Mariann Avocado,2023-09-05,501234567,2141,39,43268.8,36
779,Mariann Avocado,2023-09-06,501234567,2142,39,43203.8,37
780,Mariann Avocado,2023-09-07,501234567,2143,39,43103.8,38
781,Mariann Avocado,2023-09-08,501234567,2144,39,42553.8,39
782,Mariann Avocado,2023-09-09,501234567,2145,39,42463.8,40
783,Mariann Avocado,2023-09-10,501234567,2146,39,62463.8,41
784,Mariann Avocado,2023-09-11,501234567,2147,39,62413.8,42
785,Mariann Avocado,2023-09-12,501234567,2148,39,59813.8,43
786,Mariann Avocado,2023-09-13,501234567,2149,39,59623.8,44
787,Mariann Avocado,2023-09-14,501234567,2150,39,54123.8,45
788,Mariann Avocado,2023-09-15,501234567,2151,39,54088.8,46
789,Mariann Avocado,2023-09-16,501234567,2152,39,53828.8,47
790,Mariann Avocado,2023-09-17,501234567,2153,39,53698.8,48
791,Mariann Avocado,2023-09-18,501234567,2154,39,50498.8,49
792,Mariann Avocado,2023-09-19,501234567,2155,39,50443.8,50
793,Mariann Avocado,2023-09-20,501234567,2156,39,39943.8,51
794,Mariann Avocado,2023-09-21,501234567,2157,39,39863.8,52
795,Mariann Avocado,2023-09-22,501234567,2158,39,37763.8,53
796,Mariann Avocado,2023-09-23,501234567,2159,39,37503.8,54
797,Mariann Avocado,2023-09-24,501234567,2160,39,35953.8,55
798,Mariann Avocado,2023-09-25,501234567,2161,39,35928.8,56
799,Mariann Avocado,2023-09-26,501234567,2162,39,41128.8,57
800,Mariann Avocado,2023-09-27,501234567,2163,39,41013.8,58
801,Mariann Avocado,2023-09-28,501234567,2164,39,40948.8,59
802,Mariann Avocado,2023-09-29,501234567,2165,39,33148.8,60
803,Mariann Avocado,2023-09-30,501234567,2166,39,33130.8,61
804,Mariann Avocado,2023-10-01,501234567,2167,39,32995.8,62
805,Mariann Avocado,2023-10-02,501234567,2168,39,32907.8,63
806,Mariann Avocado,2023-10-03,501234567,2169,39,22707.8,64
807,Mariann Avocado,2023-10-04,501234567,2170,39,22662.8,65
808,Mariann Avocado,2023-10-05,501234567,2171,39,21112.8,66
809,Mariann Avocado,2023-10-06,501234567,2172,39,19062.8,67
810,Mariann Avocado,2023-10-07,501234567,2173,39,18742.8,68
811,Mariann Avocado,2023-10-08,501234567,2174,39,18672.8,69
812,Mariann Avocado,2023-10-09,501234567,2175,39,18567.8,70
813,Mariann Avocado,2023-10-10,501234567,2176,39,17997.8,71
814,Mariann Avocado,2023-10-11,501234567,2177,39,17902.8,72
815,Mariann Avocado,2023-10-12,501234567,2178,39,38402.8,73
816,Mariann Avocado,2023-10-13,501234567,2179,39,38347.8,74
817,Mariann Avocado,2023-10-14,501234567,2180,39,35647.8,75
818,Mariann Avocado,2023-10-15,501234567,2181,39,35447.8,76
819,Mariann Avocado,2023-10-16,501234567,2182,39,29847.8,77
820,Mariann Avocado,2023-10-17,501234567,2183,39,29807.8,78
821,Mariann Avocado,2023-10-18,501234567,2184,39,29537.8,79
822,Mariann Avocado,2023-10-19,501234567,2185,39,29402.8,80
823,Mariann Avocado,2023-10-20,501234567,2186,39,26002.8,81
824,Mariann Avocado,2023-10-21,501234567,2187,39,25942.8,82
825,Mariann Avocado,2023-10-22,501234567,2188,39,14942.8,83
826,Mariann Avocado,2023-10-23,501234567,2189,39,14857.8,84
827,Mariann Avocado,2023-10-24,501234567,2190,39,12657.8,85
828,Mariann Avocado,2023-10-25,501234567,2191,39,12382.8,86
829,Mariann Avocado,2023-10-26,501234567,2192,39,10782.8,87
830,Mariann Avocado,2023-10-27,501234567,2193,39,10754.8,88
831,Mariann Avocado,2023-10-28,501234567,2194,39,16154.8,89
832,Mariann Avocado,2023-10-29,501234567,2195,39,16034.8,90
833,Mariann Avocado,2023-10-30,501234567,2196,39,15964.8,91
834,Mariann Avocado,2023-10-31,501234567,2197,39,7964.75,92
835,Mariann Avocado,2023-11-01,501234567,2198,39,7824.75,93
836,Robert King,2023-08-01,1012345678,1177,29,50000.0,1
837,Robert King,2023-08-02,1012345678,1178,29,99954.25,2
838,Robert King,2023-08-03,1012345678,1179,29,99880.0,3
839,Robert King,2023-08-04,1012345678,1180,29,99800.0,4
840,Robert King,2023-08-05,1012345678,1181,29,99550.0,5
841,Robert King,2023-08-06,1012345678,1182,29,99650.0,6
842,Robert King,2023-08-07,1012345678,1183,29,85000.0,7
843,Robert King,2023-08-08,1012345678,1184,29,25000.0,8
844,Robert King,2023-08-09,1012345678,1185,29,99500.0,9
845,Robert King,2023-08-10,1012345678,1186,29,90000.0,10
846,Robert King,2023-08-11,1012345678,1187,29,99790.0,11
847,Robert King,2023-08-12,1012345678,1188,29,99700.0,12
848,Robert King,2023-08-13,1012345678,1189,29,98500.0,13
849,Robert King,2023-08-14,1012345678,1190,29,98800.0,14
850,Robert King,2023-08-15,1012345678,1191,29,99750.0,15
851,Robert King,2023-08-16,1012345678,1192,29,99915.0,16
852,Robert King,2023-08-17,1012345678,1193,29,0.0,17
853,Robert King,2023-08-18,1012345678,1194,29,97000.0,18
854,Robert King,2023-08-19,1012345678,1195,29,99500.0,19
855,Robert King,2023-08-20,1012345678,1196,29,350000.0,20
856,Robert King,2023-08-21,1012345678,1197,29,99250.0,21
857,Robert King,2023-08-22,1012345678,1198,29,99940.0,22
858,Robert King,2023-08-23,1012345678,1199,29,99820.0,23
859,Robert King,2023-08-24,1012345678,1200,29,75000.0,24
860,Robert King,2023-08-25,1012345678,1201,29,99920.0,25
861,Robert King,2023-08-26,1012345678,1202,29,99350.0,26
862,Robert King,2023-08-27,1012345678,1203,29,101500.0,27
863,Robert King,2023-08-28,1012345678,1204,29,99750.0,28
864,Robert King,2023-08-29,1012345678,1205,29,50000.0,29
865,Robert King,2023-08-30,1012345678,1206,29,99960.0,30
866,Robert King,2023-08-31,1012345678,1207,29,99300.0,31
867,Robert King,2023-09-01,1012345678,1208,29,99679.5,32
868,Robert King,2023-09-02,1012345678,1209,29,99950.0,33
869,Robert King,2023-09-03,1012345678,1210,29,350000.0,34
870,Robert King,2023-09-04,1012345678,1211,29,99850.0,35
871,Robert King,2023-09-05,1012345678,1212,29,75000.0,36
872,Robert King,2023-09-06,1012345678,1213,29,99800.0,37
873,Robert King,2023-09-07,1012345678,1214,29,99922.0,38
874,Robert King,2023-09-08,1012345678,1215,29,99480.0,39
875,Robert King,2023-09-09,1012345678,1216,29,101500.0,40
876,Robert King,2023-09-10,1012345678,1217,29,99620.0,41
877,Robert King,2023-09-11,1012345678,1218,29,85000.0,42
878,Robert King,2023-09-12,1012345678,1219,29,20000.0,43
879,Robert King,2023-09-13,1012345678,1220,29,99965.0,44
880,Robert King,2023-09-14,1012345678,1221,29,99450.0,45
881,Robert King,2023-09-15,1012345678,1222,29,88000.0,46
882,Robert King,2023-09-16,1012345678,1223,29,99780.0,47
883,Robert King,2023-09-17,1012345678,1224,29,99680.0,48
884,Robert King,2023-09-18,1012345678,1225,29,98200.0,49
885,Robert King,2023-09-19,1012345678,1226,29,98700.0,50
886,Robert King,2023-09-20,1012345678,1227,29,99750.0,51
887,Robert King,2023-09-21,1012345678,1228,29,99910.0,52
888,Robert King,2023-09-22,1012345678,1229,29,-10000.0,53
889,Robert King,2023-09-23,1012345678,1230,29,96800.0,54
890,Robert King,2023-09-24,1012345678,1231,29,99480.0,55
891,Robert King,2023-09-25,1012345678,1232,29,350000.0,56
892,Robert King,2023-09-26,1012345678,1233,29,99200.0,57
893,Robert King,2023-09-27,1012345678,1234,29,99935.0,58
894,Robert King,2023-09-28,1012345678,1235,29,99810.0,59
895,Robert King,2023-09-29,1012345678,1236,29,75000.0,60
896,Robert King,2023-09-30,1012345678,1237,29,99918.0,61
897,Robert King,2023-10-01,1012345678,1238,29,99679.5,62
898,Robert King,2023-10-02,1012345678,1239,29,99945.0,63
899,Robert King,2023-10-03,1012345678,1240,29,350000.0,64
900,Robert King,2023-10-04,1012345678,1241,29,99840.0,65
901,Robert King,2023-10-05,1012345678,1242,29,75000.0,66
902,Robert King,2023-10-06,1012345678,1243,29,99800.0,67
903,Robert King,2023-10-07,1012345678,1244,29,99919.0,68
904,Robert King,2023-10-08,1012345678,1245,29,99460.0,69
905,Robert King,2023-10-09,1012345678,1246,29,101500.0,70
906,Robert King,2023-10-10,1012345678,1247,29,99610.0,71
907,Robert King,2023-10-11,1012345678,1248,29,85000.0,72
908,Robert King,2023-10-12,1012345678,1249,29,15000.0,73
909,Robert King,2023-10-13,1012345678,1250,29,99960.0,74
910,Robert King,2023-10-14,1012345678,1251,29,99400.0,75
911,Robert King,2023-10-15,1012345678,1252,29,87000.0,76
912,Robert King,2023-10-16,1012345678,1253,29,99770.0,77
913,Robert King,2023-10-17,1012345678,1254,29,99660.0,78
914,Robert King,2023-10-18,1012345678,1255,29,98100.0,79
915,Robert King,2023-10-19,1012345678,1256,29,98600.0,80
916,Robert King,2023-10-20,1012345678,1257,29,99750.0,81
917,Robert King,2023-10-21,1012345678,1258,29,99905.0,82
918,Robert King,2023-10-22,1012345678,1259,29,-20000.0,83
919,Robert King,2023-10-23,1012345678,1260,29,96600.0,84
920,Robert King,2023-10-24,1012345678,1261,29,99460.0,85
921,Robert King,2023-10-25,1012345678,1262,29,350000.0,86
922,Robert King,2023-10-26,1012345678,1263,29,99150.0,87
923,Robert King,2023-10-27,1012345678,1264,29,99930.0,88
924,Robert King,2023-10-28,1012345678,1265,29,99800.0,89
925,Robert King,2023-10-29,1012345678,1266,29,75000.0,90
926,Robert King,2023-10-30,1012345678,1267,29,99916.0,91
927,Robert King,2023-10-31,1012345678,1268,29,99679.5,92
928,Robert King,2023-11-01,1012345678,1269,29,99940.0,93
929,Robert King,2023-08-01,1012345679,1270,30,100000.0,1
930,Robert King,2023-08-02,1012345679,1271,30,50000.0,2
931,Robert King,2023-08-03,1012345679,1272,30,50000.0,3
932,Robert King,2023-08-04,1012345679,1273,30,50000.0,4
933,Robert King,2023-08-05,1012345679,1274,30,50000.0,5
934,Robert King,2023-08-06,1012345679,1275,30,50000.0,6
935,Robert King,2023-08-07,1012345679,1276,30,50000.0,7
936,Robert King,2023-08-08,1012345679,1277,30,50000.0,8
937,Robert King,2023-08-09,1012345679,1278,30,50000.0,9
938,Robert King,2023-08-10,1012345679,1279,30,50000.0,10
939,Robert King,2023-08-11,1012345679,1280,30,50000.0,11
940,Robert King,2023-08-12,1012345679,1281,30,50000.0,12
941,Robert King,2023-08-13,1012345679,1282,30,50000.0,13
942,Robert King,2023-08-14,1012345679,1283,30,50000.0,14
943,Robert King,2023-08-15,1012345679,1284,30,50000.0,15
944,Robert King,2023-08-16,1012345679,1285,30,50000.0,16
945,Robert King,2023-08-17,1012345679,1286,30,50000.0,17
946,Robert King,2023-08-18,1012345679,1287,30,50000.0,18
947,Robert King,2023-08-19,1012345679,1288,30,50000.0,19
948,Robert King,2023-08-20,1012345679,1289,30,50000.0,20
949,Robert King,2023-08-21,1012345679,1290,30,50000.0,21
950,Robert King,2023-08-22,1012345679,1291,30,50000.0,22
951,Robert King,2023-08-23,1012345679,1292,30,50000.0,23
952,Robert King,2023-08-24,1012345679,1293,30,50000.0,24
953,Robert King,2023-08-25,1012345679,1294,30,50000.0,25
954,Robert King,2023-08-26,1012345679,1295,30,50000.0,26
955,Robert King,2023-08-27,1012345679,1296,30,50000.0,27
956,Robert King,2023-08-28,1012345679,1297,30,50000.0,28
957,Robert King,2023-08-29,1012345679,1298,30,50000.0,29
958,Robert King,2023-08-30,1012345679,1299,30,50000.0,30
959,Robert King,2023-08-31,1012345679,1300,30,50000.0,31
960,Robert King,2023-09-01,1012345679,1301,30,50000.0,32
961,Robert King,2023-09-02,1012345679,1302,30,50000.0,33
962,Robert King,2023-09-03,1012345679,1303,30,50000.0,34
963,Robert King,2023-09-04,1012345679,1304,30,50000.0,35
964,Robert King,2023-09-05,1012345679,1305,30,50000.0,36
965,Robert King,2023-09-06,1012345679,1306,30,50000.0,37
966,Robert King,2023-09-07,1012345679,1307,30,50000.0,38
967,Robert King,2023-09-08,1012345679,1308,30,50000.0,39
968,Robert King,2023-09-09,1012345679,1309,30,50000.0,40
969,Robert King,2023-09-10,1012345679,1310,30,50000.0,41
970,Robert King,2023-09-11,1012345679,1311,30,50000.0,42
971,Robert King,2023-09-12,1012345679,1312,30,50000.0,43
972,Robert King,2023-09-13,1012345679,1313,30,50000.0,44
973,Robert King,2023-09-14,1012345679,1314,30,50000.0,45
974,Robert King,2023-09-15,1012345679,1315,30,50000.0,46
975,Robert King,2023-09-16,1012345679,1316,30,50000.0,47
976,Robert King,2023-09-17,1012345679,1317,30,50000.0,48
977,Robert King,2023-09-18,1012345679,1318,30,50000.0,49
978,Robert King,2023-09-19,1012345679,1319,30,50000.0,50
979,Robert King,2023-09-20,1012345679,1320,30,50000.0,51
980,Robert King,2023-09-21,1012345679,1321,30,50000.0,52
981,Robert King,2023-09-22,1012345679,1322,30,50000.0,53
982,Robert King,2023-09-23,1012345679,1323,30,50000.0,54
983,Robert King,2023-09-24,1012345679,1324,30,50000.0,55
984,Robert King,2023-09-25,1012345679,1325,30,50000.0,56
985,Robert King,2023-09-26,1012345679,1326,30,50000.0,57
986,Robert King,2023-09-27,1012345679,1327,30,50000.0,58
987,Robert King,2023-09-28,1012345679,1328,30,50000.0,59
988,Robert King,2023-09-29,1012345679,1329,30,50000.0,60
989,Robert King,2023-09-30,1012345679,1330,30,50000.0,61
990,Robert King,2023-10-01,1012345679,1331,30,50000.0,62
991,Robert King,2023-10-02,1012345679,1332,30,50000.0,63
992,Robert King,2023-10-03,1012345679,1333,30,50000.0,64
993,Robert King,2023-10-04,1012345679,1334,30,50000.0,65
994,Robert King,2023-10-05,1012345679,1335,30,50000.0,66
995,Robert King,2023-10-06,1012345679,1336,30,50000.0,67
996,Robert King,2023-10-07,1012345679,1337,30,50000.0,68
997,Robert King,2023-10-08,1012345679,1338,30,50000.0,69
998,Robert King,2023-10-09,1012345679,1339,30,50000.0,70
999,Robert King,2023-10-10,1012345679,1340,30,50000.0,71
1000,Robert King,2023-10-11,1012345679,1341,30,50000.0,72
1001,Robert King,2023-10-12,1012345679,1342,30,50000.0,73
1002,Robert King,2023-10-13,1012345679,1343,30,50000.0,74
1003,Robert King,2023-10-14,1012345679,1344,30,50000.0,75
1004,Robert King,2023-10-15,1012345679,1345,30,50000.0,76
1005,Robert King,2023-10-16,1012345679,1346,30,50000.0,77
1006,Robert King,2023-10-17,1012345679,1347,30,50000.0,78
1007,Robert King,2023-10-18,1012345679,1348,30,50000.0,79
1008,Robert King,2023-10-19,1012345679,1349,30,50000.0,80
1009,Robert King,2023-10-20,1012345679,1350,30,50000.0,81
1010,Robert King,2023-10-21,1012345679,1351,30,50000.0,82
1011,Robert King,2023-10-22,1012345679,1352,30,50000.0,83
1012,Robert King,2023-10-23,1012345679,1353,30,50000.0,84
1013,Robert King,2023-10-24,1012345679,1354,30,50000.0,85
1014,Robert King,2023-10-25,1012345679,1355,30,50000.0,86
1015,Robert King,2023-10-26,1012345679,1356,30,50000.0,87
1016,Robert King,2023-10-27,1012345679,1357,30,50000.0,88
1017,Robert King,2023-10-28,1012345679,1358,30,50000.0,89
1018,Robert King,2023-10-29,1012345679,1359,30,50000.0,90
1019,Robert King,2023-10-30,1012345679,1360,30,50000.0,91
1020,Robert King,2023-10-31,1012345679,1361,30,50000.0,92
1021,Robert King,2023-11-01,1012345679,1362,30,50000.0,93
1022,Velvet Throat,2023-08-01,1023456789,2199,40,56000.0,1
1023,Velvet Throat,2023-08-02,1023456789,2200,40,55879.6,2
1024,Velvet Throat,2023-08-03,1023456789,2201,40,55879.6,3
1025,Velvet Throat,2023-08-04,1023456789,2202,40,55679.6,4
1026,Velvet Throat,2023-08-05,1023456789,2203,40,55679.6,5
1027,Velvet Throat,2023-08-06,1023456789,2204,40,55643.6,6
1028,Velvet Throat,2023-08-07,1023456789,2205,40,55643.6,7
1029,Velvet Throat,2023-08-08,1023456789,2206,40,55643.6,8
1030,Velvet Throat,2023-08-09,1023456789,2207,40,55553.6,9
1031,Velvet Throat,2023-08-10,1023456789,2208,40,55553.6,10
1032,Velvet Throat,2023-08-11,1023456789,2209,40,55553.6,11
1033,Velvet Throat,2023-08-12,1023456789,2210,40,55373.6,12
1034,Velvet Throat,2023-08-13,1023456789,2211,40,55373.6,13
1035,Velvet Throat,2023-08-14,1023456789,2212,40,55373.6,14
1036,Velvet Throat,2023-08-15,1023456789,2213,40,55357.9,15
1037,Velvet Throat,2023-08-16,1023456789,2214,40,55357.9,16
1038,Velvet Throat,2023-08-17,1023456789,2215,40,55357.9,17
1039,Velvet Throat,2023-08-18,1023456789,2216,40,54857.9,18
1040,Velvet Throat,2023-08-19,1023456789,2217,40,54857.9,19
1041,Velvet Throat,2023-08-20,1023456789,2218,40,54857.9,20
1042,Velvet Throat,2023-08-21,1023456789,2219,40,54647.9,21
1043,Velvet Throat,2023-08-22,1023456789,2220,40,54647.9,22
1044,Velvet Throat,2023-08-23,1023456789,2221,40,54647.9,23
1045,Velvet Throat,2023-08-24,1023456789,2222,40,54597.9,24
1046,Velvet Throat,2023-08-25,1023456789,2223,40,54597.9,25
1047,Velvet Throat,2023-08-26,1023456789,2224,40,54597.9,26
1048,Velvet Throat,2023-08-27,1023456789,2225,40,54417.9,27
1049,Velvet Throat,2023-08-28,1023456789,2226,40,54417.9,28
1050,Velvet Throat,2023-08-29,1023456789,2227,40,54417.9,29
1051,Velvet Throat,2023-08-30,1023456789,2228,40,52417.9,30
1052,Velvet Throat,2023-08-31,1023456789,2229,40,52417.9,31
1053,Velvet Throat,2023-09-01,1023456789,2230,40,52417.9,32
1054,Velvet Throat,2023-09-02,1023456789,2231,40,52287.4,33
1055,Velvet Throat,2023-09-03,1023456789,2232,40,52287.4,34
1056,Velvet Throat,2023-09-04,1023456789,2233,40,52287.4,35
1057,Velvet Throat,2023-09-05,1023456789,2234,40,52187.4,36
1058,Velvet Throat,2023-09-06,1023456789,2235,40,52187.4,37
1059,Velvet Throat,2023-09-07,1023456789,2236,40,52187.4,38
1060,Velvet Throat,2023-09-08,1023456789,2237,40,52151.4,39
1061,Velvet Throat,2023-09-09,1023456789,2238,40,52151.4,40
1062,Velvet Throat,2023-09-10,1023456789,2239,40,52151.4,41
1063,Velvet Throat,2023-09-11,1023456789,2240,40,52135.7,42
1064,Velvet Throat,2023-09-12,1023456789,2241,40,52135.7,43
1065,Velvet Throat,2023-09-13,1023456789,2242,40,52135.7,44
1066,Velvet Throat,2023-09-14,1023456789,2243,40,51635.7,45
1067,Velvet Throat,2023-09-15,1023456789,2244,40,51635.7,46
1068,Velvet Throat,2023-09-16,1023456789,2245,40,51635.7,47
1069,Velvet Throat,2023-09-17,1023456789,2246,40,51425.7,48
1070,Velvet Throat,2023-09-18,1023456789,2247,40,51425.7,49
1071,Velvet Throat,2023-09-19,1023456789,2248,40,51425.7,50
1072,Velvet Throat,2023-09-20,1023456789,2249,40,51375.7,51
1073,Velvet Throat,2023-09-21,1023456789,2250,40,51375.7,52
1074,Velvet Throat,2023-09-22,1023456789,2251,40,51375.7,53
1075,Velvet Throat,2023-09-23,1023456789,2252,40,51195.7,54
1076,Velvet Throat,2023-09-24,1023456789,2253,40,51195.7,55
1077,Velvet Throat,2023-09-25,1023456789,2254,40,51195.7,56
1078,Velvet Throat,2023-09-26,1023456789,2255,40,49195.7,57
1079,Velvet Throat,2023-09-27,1023456789,2256,40,49195.7,58
1080,Velvet Throat,2023-09-28,1023456789,2257,40,49195.7,59
1081,Velvet Throat,2023-09-29,1023456789,2258,40,49065.2,60
1082,Velvet Throat,2023-09-30,1023456789,2259,40,49065.2,61
1083,Velvet Throat,2023-10-01,1023456789,2260,40,49065.2,62
1084,Velvet Throat,2023-10-02,1023456789,2261,40,48965.2,63
1085,Velvet Throat,2023-10-03,1023456789,2262,40,48965.2,64
1086,Velvet Throat,2023-10-04,1023456789,2263,40,48965.2,65
1087,Velvet Throat,2023-10-05,1023456789,2264,40,48929.2,66
1088,Velvet Throat,2023-10-06,1023456789,2265,40,48929.2,67
1089,Velvet Throat,2023-10-07,1023456789,2266,40,48929.2,68
1090,Velvet Throat,2023-10-08,1023456789,2267,40,48913.5,69
1091,Velvet Throat,2023-10-09,1023456789,2268,40,48913.5,70
1092,Velvet Throat,2023-10-10,1023456789,2269,40,48913.5,71
1093,Velvet Throat,2023-10-11,1023456789,2270,40,48413.5,72
1094,Velvet Throat,2023-10-12,1023456789,2271,40,48413.5,73
1095,Velvet Throat,2023-10-13,1023456789,2272,40,48413.5,74
1096,Velvet Throat,2023-10-14,1023456789,2273,40,48203.5,75
1097,Velvet Throat,2023-10-15,1023456789,2274,40,48203.5,76
1098,Velvet Throat,2023-10-16,1023456789,2275,40,48203.5,77
1099,Velvet Throat,2023-10-17,1023456789,2276,40,48153.5,78
1100,Velvet Throat,2023-10-18,1023456789,2277,40,48153.5,79
1101,Velvet Throat,2023-10-19,1023456789,2278,40,48153.5,80
1102,Velvet Throat,2023-10-20,1023456789,2279,40,47973.5,81
1103,Velvet Throat,2023-10-21,1023456789,2280,40,47973.5,82
1104,Velvet Throat,2023-10-22,1023456789,2281,40,47973.5,83
1105,Velvet Throat,2023-10-23,1023456789,2282,40,45973.5,84
1106,Velvet Throat,2023-10-24,1023456789,2283,40,45973.5,85
1107,Velvet Throat,2023-10-25,1023456789,2284,40,45973.5,86
1108,Velvet Throat,2023-10-26,1023456789,2285,40,45843.0,87
1109,Velvet Throat,2023-10-27,1023456789,2286,40,45843.0,88
1110,Velvet Throat,2023-10-28,1023456789,2287,40,45843.0,89
1111,Velvet Throat,2023-10-29,1023456789,2288,40,45743.0,90
1112,Velvet Throat,2023-10-30,1023456789,2289,40,45743.0,91
1113,Velvet Throat,2023-10-31,1023456789,2290,40,45743.0,92
1114,Velvet Throat,2023-11-01,1023456789,2291,40,45707.0,93
1115,Velvet Throat,2023-08-01,1023456790,2292,41,15000.0,1
1116,Velvet Throat,2023-08-02,1023456790,2293,41,15000.0,2
1117,Velvet Throat,2023-08-03,1023456790,2294,41,13500.0,3
1118,Velvet Throat,2023-08-04,1023456790,2295,41,113500.0,4
1119,Velvet Throat,2023-08-05,1023456790,2296,41,113500.0,5
1120,Velvet Throat,2023-08-06,1023456790,2297,41,113500.0,6
1121,Velvet Throat,2023-08-07,1023456790,2298,41,113350.0,7
1122,Velvet Throat,2023-08-08,1023456790,2299,41,113350.0,8
1123,Velvet Throat,2023-08-09,1023456790,2300,41,113350.0,9
1124,Velvet Throat,2023-08-10,1023456790,2301,41,111350.0,10
1125,Velvet Throat,2023-08-11,1023456790,2302,41,111350.0,11
1126,Velvet Throat,2023-08-12,1023456790,2303,41,111350.0,12
1127,Velvet Throat,2023-08-13,1023456790,2304,41,111285.0,13
1128,Velvet Throat,2023-08-14,1023456790,2305,41,111285.0,14
1129,Velvet Throat,2023-08-15,1023456790,2306,41,111285.0,15
1130,Velvet Throat,2023-08-16,1023456790,2307,41,108285.0,16
1131,Velvet Throat,2023-08-17,1023456790,2308,41,108285.0,17
1132,Velvet Throat,2023-08-18,1023456790,2309,41,108285.0,18
1133,Velvet Throat,2023-08-19,1023456790,2310,41,123285.0,19
1134,Velvet Throat,2023-08-20,1023456790,2311,41,123285.0,20
1135,Velvet Throat,2023-08-21,1023456790,2312,41,123285.0,21
1136,Velvet Throat,2023-08-22,1023456790,2313,41,208285.0,22
1137,Velvet Throat,2023-08-23,1023456790,2314,41,208285.0,23
1138,Velvet Throat,2023-08-24,1023456790,2315,41,208285.0,24
1139,Velvet Throat,2023-08-25,1023456790,2316,41,208210.0,25
1140,Velvet Throat,2023-08-26,1023456790,2317,41,208210.0,26
1141,Velvet Throat,2023-08-27,1023456790,2318,41,208210.0,27
1142,Velvet Throat,2023-08-28,1023456790,2319,41,205710.0,28
1143,Velvet Throat,2023-08-29,1023456790,2320,41,205710.0,29
1144,Velvet Throat,2023-08-30,1023456790,2321,41,205710.0,30
1145,Velvet Throat,2023-08-31,1023456790,2322,41,205390.0,31
1146,Velvet Throat,2023-09-01,1023456790,2323,41,205390.0,32
1147,Velvet Throat,2023-09-02,1023456790,2324,41,205390.0,33
1148,Velvet Throat,2023-09-03,1023456790,2325,41,230390.0,34
1149,Velvet Throat,2023-09-04,1023456790,2326,41,230390.0,35
1150,Velvet Throat,2023-09-05,1023456790,2327,41,230390.0,36
1151,Velvet Throat,2023-09-06,1023456790,2328,41,225390.0,37
1152,Velvet Throat,2023-09-07,1023456790,2329,41,225390.0,38
1153,Velvet Throat,2023-09-08,1023456790,2330,41,225390.0,39
1154,Velvet Throat,2023-09-09,1023456790,2331,41,225240.0,40
1155,Velvet Throat,2023-09-10,1023456790,2332,41,225240.0,41
1156,Velvet Throat,2023-09-11,1023456790,2333,41,225240.0,42
1157,Velvet Throat,2023-09-12,1023456790,2334,41,222240.0,43
1158,Velvet Throat,2023-09-13,1023456790,2335,41,222240.0,44
1159,Velvet Throat,2023-09-14,1023456790,2336,41,222240.0,45
1160,Velvet Throat,2023-09-15,1023456790,2337,41,237240.0,46
1161,Velvet Throat,2023-09-16,1023456790,2338,41,237240.0,47
1162,Velvet Throat,2023-09-17,1023456790,2339,41,237240.0,48
1163,Velvet Throat,2023-09-18,1023456790,2340,41,322240.0,49
1164,Velvet Throat,2023-09-19,1023456790,2341,41,322240.0,50
1165,Velvet Throat,2023-09-20,1023456790,2342,41,322240.0,51
1166,Velvet Throat,2023-09-21,1023456790,2343,41,322165.0,52
1167,Velvet Throat,2023-09-22,1023456790,2344,41,322165.0,53
1168,Velvet Throat,2023-09-23,1023456790,2345,41,322165.0,54
1169,Velvet Throat,2023-09-24,1023456790,2346,41,319665.0,55
1170,Velvet Throat,2023-09-25,1023456790,2347,41,319665.0,56
1171,Velvet Throat,2023-09-26,1023456790,2348,41,319665.0,57
1172,Velvet Throat,2023-09-27,1023456790,2349,41,319345.0,58
1173,Velvet Throat,2023-09-28,1023456790,2350,41,319345.0,59
1174,Velvet Throat,2023-09-29,1023456790,2351,41,319345.0,60
1175,Velvet Throat,2023-09-30,1023456790,2352,41,344345.0,61
1176,Velvet Throat,2023-10-01,1023456790,2353,41,344345.0,62
1177,Velvet Throat,2023-10-02,1023456790,2354,41,344345.0,63
1178,Velvet Throat,2023-10-03,1023456790,2355,41,339345.0,64
1179,Velvet Throat,2023-10-04,1023456790,2356,41,339345.0,65
1180,Velvet Throat,2023-10-05,1023456790,2357,41,339345.0,66
1181,Velvet Throat,2023-10-06,1023456790,2358,41,339195.0,67
1182,Velvet Throat,2023-10-07,1023456790,2359,41,339195.0,68
1183,Velvet Throat,2023-10-08,1023456790,2360,41,339195.0,69
1184,Velvet Throat,2023-10-09,1023456790,2361,41,336195.0,70
1185,Velvet Throat,2023-10-10,1023456790,2362,41,336195.0,71
1186,Velvet Throat,2023-10-11,1023456790,2363,41,336195.0,72
1187,Velvet Throat,2023-10-12,1023456790,2364,41,351195.0,73
1188,Velvet Throat,2023-10-13,1023456790,2365,41,351195.0,74
1189,Velvet Throat,2023-10-14,1023456790,2366,41,351195.0,75
1190,Velvet Throat,2023-10-15,1023456790,2367,41,436195.0,76
1191,Velvet Throat,2023-10-16,1023456790,2368,41,436195.0,77
1192,Velvet Throat,2023-10-17,1023456790,2369,41,436195.0,78
1193,Velvet Throat,2023-10-18,1023456790,2370,41,436120.0,79
1194,Velvet Throat,2023-10-19,1023456790,2371,41,436120.0,80
1195,Velvet Throat,2023-10-20,1023456790,2372,41,436120.0,81
1196,Velvet Throat,2023-10-21,1023456790,2373,41,433620.0,82
1197,Velvet Throat,2023-10-22,1023456790,2374,41,433620.0,83
1198,Velvet Throat,2023-10-23,1023456790,2375,41,433620.0,84
1199,Velvet Throat,2023-10-24,1023456790,2376,41,433300.0,85
1200,Velvet Throat,2023-10-25,1023456790,2377,41,433300.0,86
1201,Velvet Throat,2023-10-26,1023456790,2378,41,433300.0,87
1202,Velvet Throat,2023-10-27,1023456790,2379,41,458300.0,88
1203,Velvet Throat,2023-10-28,1023456790,2380,41,458300.0,89
1204,Velvet Throat,2023-10-29,1023456790,2381,41,458300.0,90
1205,Velvet Throat,2023-10-30,1023456790,2382,41,453300.0,91
1206,Velvet Throat,2023-10-31,1023456790,2383,41,453300.0,92
1207,Velvet Throat,2023-11-01,1023456790,2384,41,453300.0,93
1208,Velvet Throat,2023-08-02,1023456791,2385,42,199680.0,2
1209,Velvet Throat,2023-08-03,1023456791,2386,42,192180.0,3
1210,Velvet Throat,2023-08-04,1023456791,2387,42,192180.0,4
1211,Velvet Throat,2023-08-05,1023456791,2388,42,191730.0,5
1212,Velvet Throat,2023-08-06,1023456791,2389,42,191730.0,6
1213,Velvet Throat,2023-08-07,1023456791,2390,42,191730.0,7
1214,Velvet Throat,2023-08-08,1023456791,2391,42,189430.0,8
1215,Velvet Throat,2023-08-09,1023456791,2392,42,189430.0,9
1216,Velvet Throat,2023-08-10,1023456791,2393,42,189430.0,10
1217,Velvet Throat,2023-08-11,1023456791,2394,42,179430.0,11
1218,Velvet Throat,2023-08-12,1023456791,2395,42,179430.0,12
1219,Velvet Throat,2023-08-13,1023456791,2396,42,179430.0,13
1220,Velvet Throat,2023-08-14,1023456791,2397,42,179430.0,14
1221,Velvet Throat,2023-08-15,1023456791,2398,42,179430.0,15
1222,Velvet Throat,2023-08-16,1023456791,2399,42,179430.0,16
1223,Velvet Throat,2023-08-17,1023456791,2400,42,184210.0,17
1224,Velvet Throat,2023-08-18,1023456791,2401,42,184210.0,18
1225,Velvet Throat,2023-08-19,1023456791,2402,42,184210.0,19
1226,Velvet Throat,2023-08-20,1023456791,2403,42,181010.0,20
1227,Velvet Throat,2023-08-21,1023456791,2404,42,181010.0,21
1228,Velvet Throat,2023-08-22,1023456791,2405,42,181010.0,22
1229,Velvet Throat,2023-08-23,1023456791,2406,42,180510.0,23
1230,Velvet Throat,2023-08-24,1023456791,2407,42,180510.0,24
1231,Velvet Throat,2023-08-25,1023456791,2408,42,180510.0,25
1232,Velvet Throat,2023-08-26,1023456791,2409,42,188010.0,26
1233,Velvet Throat,2023-08-27,1023456791,2410,42,188010.0,27
1234,Velvet Throat,2023-08-28,1023456791,2411,42,188010.0,28
1235,Velvet Throat,2023-08-29,1023456791,2412,42,138010.0,29
1236,Velvet Throat,2023-08-30,1023456791,2413,42,138010.0,30
1237,Velvet Throat,2023-08-31,1023456791,2414,42,138010.0,31
1238,Velvet Throat,2023-09-01,1023456791,2415,42,128010.0,32
1239,Velvet Throat,2023-09-02,1023456791,2416,42,128010.0,33
1240,Velvet Throat,2023-09-03,1023456791,2417,42,128010.0,34
1241,Velvet Throat,2023-09-04,1023456791,2418,42,127760.0,35
1242,Velvet Throat,2023-09-05,1023456791,2419,42,127760.0,36
1243,Velvet Throat,2023-09-06,1023456791,2420,42,127760.0,37
1244,Velvet Throat,2023-09-07,1023456791,2421,42,127280.0,38
1245,Velvet Throat,2023-09-08,1023456791,2422,42,127280.0,39
1246,Velvet Throat,2023-09-09,1023456791,2423,42,127280.0,40
1247,Velvet Throat,2023-09-10,1023456791,2424,42,124980.0,41
1248,Velvet Throat,2023-09-11,1023456791,2425,42,124980.0,42
1249,Velvet Throat,2023-09-12,1023456791,2426,42,124980.0,43
1250,Velvet Throat,2023-09-13,1023456791,2427,42,124759.0,44
1251,Velvet Throat,2023-09-14,1023456791,2428,42,124759.0,45
1252,Velvet Throat,2023-09-15,1023456791,2429,42,124759.0,46
1253,Velvet Throat,2023-09-16,1023456791,2430,42,121559.0,47
1254,Velvet Throat,2023-09-17,1023456791,2431,42,121559.0,48
1255,Velvet Throat,2023-09-18,1023456791,2432,42,121559.0,49
1256,Velvet Throat,2023-09-19,1023456791,2433,42,121059.0,50
1257,Velvet Throat,2023-09-20,1023456791,2434,42,121059.0,51
1258,Velvet Throat,2023-09-21,1023456791,2435,42,121059.0,52
1259,Velvet Throat,2023-09-22,1023456791,2436,42,128559.0,53
1260,Velvet Throat,2023-09-23,1023456791,2437,42,128559.0,54
1261,Velvet Throat,2023-09-24,1023456791,2438,42,128559.0,55
1262,Velvet Throat,2023-09-25,1023456791,2439,42,78559.0,56
1263,Velvet Throat,2023-09-26,1023456791,2440,42,78559.0,57
1264,Velvet Throat,2023-09-27,1023456791,2441,42,78559.0,58
1265,Velvet Throat,2023-09-28,1023456791,2442,42,68559.0,59
1266,Velvet Throat,2023-09-29,1023456791,2443,42,68559.0,60
1267,Velvet Throat,2023-09-30,1023456791,2444,42,68559.0,61
1268,Velvet Throat,2023-10-01,1023456791,2445,42,68309.0,62
1269,Velvet Throat,2023-10-02,1023456791,2446,42,68309.0,63
1270,Velvet Throat,2023-10-03,1023456791,2447,42,68309.0,64
1271,Velvet Throat,2023-10-04,1023456791,2448,42,67829.0,65
1272,Velvet Throat,2023-10-05,1023456791,2449,42,67829.0,66
1273,Velvet Throat,2023-10-06,1023456791,2450,42,67829.0,67
1274,Velvet Throat,2023-10-07,1023456791,2451,42,65529.0,68
1275,Velvet Throat,2023-10-08,1023456791,2452,42,65529.0,69
1276,Velvet Throat,2023-10-09,1023456791,2453,42,65529.0,70
1277,Velvet Throat,2023-10-10,1023456791,2454,42,65308.5,71
1278,Velvet Throat,2023-10-11,1023456791,2455,42,65308.5,72
1279,Velvet Throat,2023-10-12,1023456791,2456,42,65308.5,73
1280,Velvet Throat,2023-10-13,1023456791,2457,42,62108.5,74
1281,Velvet Throat,2023-10-14,1023456791,2458,42,62108.5,75
1282,Velvet Throat,2023-10-15,1023456791,2459,42,62108.5,76
1283,Velvet Throat,2023-10-16,1023456791,2460,42,61608.5,77
1284,Velvet Throat,2023-10-17,1023456791,2461,42,61608.5,78
1285,Velvet Throat,2023-10-18,1023456791,2462,42,61608.5,79
1286,Velvet Throat,2023-10-19,1023456791,2463,42,69108.5,80
1287,Velvet Throat,2023-10-20,1023456791,2464,42,69108.5,81
1288,Velvet Throat,2023-10-21,1023456791,2465,42,69108.5,82
1289,Velvet Throat,2023-10-22,1023456791,2466,42,19108.5,83
1290,Velvet Throat,2023-10-23,1023456791,2467,42,19108.5,84
1291,Velvet Throat,2023-10-24,1023456791,2468,42,19108.5,85
1292,Velvet Throat,2023-10-25,1023456791,2469,42,9108.5,86
1293,Velvet Throat,2023-10-26,1023456791,2470,42,9108.5,87
1294,Velvet Throat,2023-10-27,1023456791,2471,42,9108.5,88
1295,Velvet Throat,2023-10-28,1023456791,2472,42,8858.5,89
1296,Velvet Throat,2023-10-29,1023456791,2473,42,8858.5,90
1297,Velvet Throat,2023-10-30,1023456791,2474,42,8858.5,91
1298,Velvet Throat,2023-10-31,1023456791,2475,42,8378.5,92
1299,Velvet Throat,2023-11-01,1023456791,2476,42,8378.5,93
